{
  "state": "gross-terms-preview-only",
  "start": "2020-08-25",
  "end": "2025-08-24",
  "archive": {
    "state": "capture-incomplete",
    "snapshotAt": "2026-08-26T07:54:42.959741+00:00",
    "database": "/Users/cailingling/Desktop/quant-intelligence-lab/research/data/qforge_actions.sqlite",
    "scopeSha256": "5983b1dc73827d5cbe7da6787f5c05858e1e38e1fdbe00291ba29c6079cc5ad8",
    "dailyInputSha256": "5c872434d4fddf066f6fb8f8e5e151cb25b5334aefd71b6d47f67524895717dc",
    "expectedTasks": 34476,
    "tasks": {
      "succeeded": 30386,
      "running": 1,
      "pending": 4089
    },
    "tasksComplete": false,
    "archiveIntegrityPass": true,
    "captureReady": false,
    "problems": {
      "counts": {},
      "examples": []
    },
    "sourceIdentities": [
      {
        "identity": {
          "adapterSha256": "2ce015522ba7dba48958ebb32f34ab55d89adf264a560fe07352f2df8eb4d49d",
          "provider": "BaoStock",
          "providerVersion": "0.9.3"
        },
        "runs": 2
      },
      {
        "identity": {
          "adapterSha256": "dca184f8445ad6ca19685906216cf1bd4acd138e4d310bab697fc4c6c1659b4d",
          "provider": "BaoStock",
          "providerVersion": "0.9.3"
        },
        "runs": 1
      }
    ],
    "normalizationVersion": 2,
    "counts": {
      "requests": 30387,
      "legacyProjectionsUnchecked": 1,
      "rawResponsesChecked": 30386,
      "queriedEmptyYears": 10204,
      "sourceEvents": 22425,
      "eventsOutsideStudyDates": 2639,
      "currentProjectionsChecked": 22424
    },
    "yearRequestStates": {
      "2020:succeeded": 3928,
      "2021:succeeded": 4209,
      "2022:succeeded": 4384,
      "2023:succeeded": 4467,
      "2024:succeeded": 4460,
      "2025:succeeded": 4467,
      "2026:succeeded": 4471,
      "2024:running": 1
    },
    "requestIndexSha256": "591a7c6720b117579ddf8d5a31d9f128bc283b0eb2d4b88f79b27a5e4d685e2d",
    "unresolvedFieldCounts": {
      "missing:dividStockMarketDate": 20373,
      "ambiguous:dividCashPsAfterTax": 22156,
      "missing:dividReserveToStockPs": 20498,
      "missing:dividCashPsBeforeTax": 252,
      "missing:dividCashPsAfterTax": 268,
      "multiple_rows_on_same_ex_date": 430,
      "missing:dividPayDate": 178,
      "invalid:dividCashPsAfterTax": 1
    },
    "legacyProjectionPolicy": "retained historical bytes are not certified or consumed; reparse checked raw source",
    "ledgerReady": false,
    "investorTaxVerified": false,
    "scope": "single-snapshot same-source archive checks; not independent source coverage or economic P&L"
  },
  "counts": {
    "sourceRowsInWindow": 15972,
    "eventGroups": 15790,
    "gross-source-consistent": 15369,
    "multipleRowGroups": 180,
    "resolvedMultipleRowGroups": 157,
    "unresolved": 421
  },
  "unresolvedReasons": {
    "conflicting_field:dividCashStock": 13,
    "conflicting_field:dividCashPsAfterTax": 8,
    "numeric_plan_conflict:dividCashPsBeforeTax": 397,
    "unsupported_complete_plan": 1,
    "missing_or_invalid_date:dividPayDate": 1,
    "numeric_plan_conflict:dividReserveToStockPs": 1
  },
  "examples": [
    {
      "code": "sh.600025",
      "exDate": "2021-06-18",
      "sourceRows": 2,
      "ledgerReady": false,
      "investorTaxVerified": false,
      "state": "gross-source-consistent",
      "terms": {
        "code": "sh.600025",
        "implementation_notice_date": "2021-06-11",
        "record_date": "2021-06-17",
        "ex_date": "2021-06-18",
        "payment_date": "2021-06-18",
        "shares_listing_date": null,
        "gross_cash_per_share": "0.16",
        "bonus_per_share": "0",
        "reserve_per_share": "0"
      },
      "quantityBasis": "complete per-ten-share description; every nonblank numeric leg agrees",
      "taxBasis": "gross cash only; no source after-tax branch selected",
      "identityBasis": "same security/ex-date and no conflicting nonblank source fields",
      "sources": [
        {
          "requestId": "request-b0589353a6904c1fa987e9df310a3242",
          "rawSha256": "2987684977c12df9813b3dcfaf548622e9b57dfead306d71173019c98b6aecda",
          "rowIndex": 0
        },
        {
          "requestId": "request-b0589353a6904c1fa987e9df310a3242",
          "rawSha256": "2987684977c12df9813b3dcfaf548622e9b57dfead306d71173019c98b6aecda",
          "rowIndex": 1
        }
      ]
    },
    {
      "code": "sh.600066",
      "exDate": "2021-05-21",
      "sourceRows": 2,
      "ledgerReady": false,
      "investorTaxVerified": false,
      "state": "gross-source-consistent",
      "terms": {
        "code": "sh.600066",
        "implementation_notice_date": "2021-05-17",
        "record_date": "2021-05-20",
        "ex_date": "2021-05-21",
        "payment_date": "2021-05-21",
        "shares_listing_date": null,
        "gross_cash_per_share": "0.5",
        "bonus_per_share": "0",
        "reserve_per_share": "0"
      },
      "quantityBasis": "complete per-ten-share description; every nonblank numeric leg agrees",
      "taxBasis": "gross cash only; no source after-tax branch selected",
      "identityBasis": "same security/ex-date and no conflicting nonblank source fields",
      "sources": [
        {
          "requestId": "request-8d9d94f8a372411f932de2f761f7b5c8",
          "rawSha256": "b335ec6de7be0d0b8340676246dd0a16e19b9feab9e8e45ad527883af24f586a",
          "rowIndex": 0
        },
        {
          "requestId": "request-8d9d94f8a372411f932de2f761f7b5c8",
          "rawSha256": "b335ec6de7be0d0b8340676246dd0a16e19b9feab9e8e45ad527883af24f586a",
          "rowIndex": 1
        }
      ]
    },
    {
      "code": "sh.600116",
      "exDate": "2025-01-08",
      "sourceRows": 2,
      "ledgerReady": false,
      "investorTaxVerified": false,
      "state": "unresolved",
      "reason": "conflicting_field:dividCashStock",
      "sources": [
        {
          "requestId": "request-b58d01b8f898449f9c9f968eaac8c803",
          "rawSha256": "6d3e5c52b89eced22a303b1e460ad1545e28a06940136869070eaa3b6185df76",
          "rowIndex": 0
        },
        {
          "requestId": "request-b58d01b8f898449f9c9f968eaac8c803",
          "rawSha256": "6d3e5c52b89eced22a303b1e460ad1545e28a06940136869070eaa3b6185df76",
          "rowIndex": 1
        }
      ]
    },
    {
      "code": "sh.600178",
      "exDate": "2021-06-24",
      "sourceRows": 2,
      "ledgerReady": false,
      "investorTaxVerified": false,
      "state": "gross-source-consistent",
      "terms": {
        "code": "sh.600178",
        "implementation_notice_date": "2021-06-17",
        "record_date": "2021-06-23",
        "ex_date": "2021-06-24",
        "payment_date": "2021-06-24",
        "shares_listing_date": null,
        "gross_cash_per_share": "0.03",
        "bonus_per_share": "0",
        "reserve_per_share": "0"
      },
      "quantityBasis": "complete per-ten-share description; every nonblank numeric leg agrees",
      "taxBasis": "gross cash only; no source after-tax branch selected",
      "identityBasis": "same security/ex-date and no conflicting nonblank source fields",
      "sources": [
        {
          "requestId": "request-89a55218ca9740f4972e4ff72934052f",
          "rawSha256": "5833a20e77be1474f0c2ad04a61149f01a7366bbeb96c33f808f36793691082a",
          "rowIndex": 0
        },
        {
          "requestId": "request-89a55218ca9740f4972e4ff72934052f",
          "rawSha256": "5833a20e77be1474f0c2ad04a61149f01a7366bbeb96c33f808f36793691082a",
          "rowIndex": 1
        }
      ]
    },
    {
      "code": "sh.600180",
      "exDate": "2021-07-02",
      "sourceRows": 2,
      "ledgerReady": false,
      "investorTaxVerified": false,
      "state": "gross-source-consistent",
      "terms": {
        "code": "sh.600180",
        "implementation_notice_date": "2021-06-25",
        "record_date": "2021-07-01",
        "ex_date": "2021-07-02",
        "payment_date": "2021-07-02",
        "shares_listing_date": null,
        "gross_cash_per_share": "0.0466",
        "bonus_per_share": "0",
        "reserve_per_share": "0"
      },
      "quantityBasis": "complete per-ten-share description; every nonblank numeric leg agrees",
      "taxBasis": "gross cash only; no source after-tax branch selected",
      "identityBasis": "same security/ex-date and no conflicting nonblank source fields",
      "sources": [
        {
          "requestId": "request-bb7b37c6303c454e91dc4ed7d3f9993c",
          "rawSha256": "3f340e99c1fc1d3d003e05b2aee974f0dbbd7b8bd9fafaf8c4f9947fd9cd2c6d",
          "rowIndex": 0
        },
        {
          "requestId": "request-bb7b37c6303c454e91dc4ed7d3f9993c",
          "rawSha256": "3f340e99c1fc1d3d003e05b2aee974f0dbbd7b8bd9fafaf8c4f9947fd9cd2c6d",
          "rowIndex": 1
        }
      ]
    },
    {
      "code": "sh.600218",
      "exDate": "2021-06-23",
      "sourceRows": 2,
      "ledgerReady": false,
      "investorTaxVerified": false,
      "state": "gross-source-consistent",
      "terms": {
        "code": "sh.600218",
        "implementation_notice_date": "2021-06-17",
        "record_date": "2021-06-22",
        "ex_date": "2021-06-23",
        "payment_date": "2021-06-23",
        "shares_listing_date": null,
        "gross_cash_per_share": "0.1",
        "bonus_per_share": "0",
        "reserve_per_share": "0"
      },
      "quantityBasis": "complete per-ten-share description; every nonblank numeric leg agrees",
      "taxBasis": "gross cash only; no source after-tax branch selected",
      "identityBasis": "same security/ex-date and no conflicting nonblank source fields",
      "sources": [
        {
          "requestId": "request-1760fd433d3b430f8494049e93e332ef",
          "rawSha256": "c1d8489ae9883a683fbd2946a509d441bc709ab1d088d4cdf6adfec94f253531",
          "rowIndex": 0
        },
        {
          "requestId": "request-1760fd433d3b430f8494049e93e332ef",
          "rawSha256": "c1d8489ae9883a683fbd2946a509d441bc709ab1d088d4cdf6adfec94f253531",
          "rowIndex": 1
        }
      ]
    },
    {
      "code": "sh.600605",
      "exDate": "2021-05-17",
      "sourceRows": 2,
      "ledgerReady": false,
      "investorTaxVerified": false,
      "state": "unresolved",
      "reason": "conflicting_field:dividCashPsAfterTax",
      "sources": [
        {
          "requestId": "request-38b8efdebc9149238aaab587796ff458",
          "rawSha256": "0262a60f461fb6e86d0c66b4803f994f8cf058ee78787672e4831e03e8097a2f",
          "rowIndex": 0
        },
        {
          "requestId": "request-38b8efdebc9149238aaab587796ff458",
          "rawSha256": "0262a60f461fb6e86d0c66b4803f994f8cf058ee78787672e4831e03e8097a2f",
          "rowIndex": 1
        }
      ]
    },
    {
      "code": "sh.600803",
      "exDate": "2024-08-01",
      "sourceRows": 1,
      "ledgerReady": false,
      "investorTaxVerified": false,
      "state": "unresolved",
      "reason": "numeric_plan_conflict:dividCashPsBeforeTax",
      "sources": [
        {
          "requestId": "request-988810c5d5574f6dba0c966a40b9dbdc",
          "rawSha256": "4d408a49588ef8c628e2b3ab3aa9f11ae5c0b83a56ae8e60e89ffe3a47d7159d",
          "rowIndex": 0
        }
      ]
    },
    {
      "code": "sh.600803",
      "exDate": "2025-07-22",
      "sourceRows": 1,
      "ledgerReady": false,
      "investorTaxVerified": false,
      "state": "unresolved",
      "reason": "numeric_plan_conflict:dividCashPsBeforeTax",
      "sources": [
        {
          "requestId": "request-f62dae85d3a943c8aefd76735491ca0f",
          "rawSha256": "753a9832f40b9645ec21794106de45353b3cab1f97fca72d6d36d401e99352e3",
          "rowIndex": 0
        }
      ]
    },
    {
      "code": "sh.600989",
      "exDate": "2021-05-20",
      "sourceRows": 2,
      "ledgerReady": false,
      "investorTaxVerified": false,
      "state": "unresolved",
      "reason": "conflicting_field:dividCashPsAfterTax",
      "sources": [
        {
          "requestId": "request-23e552934e254bbdabc4b053d07d0a8d",
          "rawSha256": "94fdb7a86e9a35f97e57f552bfbd742f27245dbcff8934db0249d973fa465ea6",
          "rowIndex": 0
        },
        {
          "requestId": "request-23e552934e254bbdabc4b053d07d0a8d",
          "rawSha256": "94fdb7a86e9a35f97e57f552bfbd742f27245dbcff8934db0249d973fa465ea6",
          "rowIndex": 1
        }
      ]
    },
    {
      "code": "sh.601186",
      "exDate": "2025-07-22",
      "sourceRows": 2,
      "ledgerReady": false,
      "investorTaxVerified": false,
      "state": "unresolved",
      "reason": "conflicting_field:dividCashStock",
      "sources": [
        {
          "requestId": "request-f4b22e5851da47d4a646387dc97df300",
          "rawSha256": "a86c597cf639118640d3823fb44d3dddf711a4640c1df8904438889fee97ffd7",
          "rowIndex": 0
        },
        {
          "requestId": "request-f4b22e5851da47d4a646387dc97df300",
          "rawSha256": "a86c597cf639118640d3823fb44d3dddf711a4640c1df8904438889fee97ffd7",
          "rowIndex": 1
        }
      ]
    },
    {
      "code": "sh.688466",
      "exDate": "2023-07-17",
      "sourceRows": 1,
      "ledgerReady": false,
      "investorTaxVerified": false,
      "state": "unresolved",
      "reason": "unsupported_complete_plan",
      "sources": [
        {
          "requestId": "request-b8560d804ebd44fc8debf5dd9cdd592c",
          "rawSha256": "2812f884cccb33efa4ac323361ab447021c6412ead8b22cd1221165f62e7895f",
          "rowIndex": 0
        }
      ]
    },
    {
      "code": "sz.000819",
      "exDate": "2021-06-25",
      "sourceRows": 1,
      "ledgerReady": false,
      "investorTaxVerified": false,
      "state": "unresolved",
      "reason": "missing_or_invalid_date:dividPayDate",
      "sources": [
        {
          "requestId": "request-d06e51f1995743529a42151b42affaaa",
          "rawSha256": "270522ca0632e72e97ce97019355a583bb20d3a2c080230b74caedf598a9f86c",
          "rowIndex": 0
        }
      ]
    },
    {
      "code": "sz.002049",
      "exDate": "2022-08-24",
      "sourceRows": 1,
      "ledgerReady": false,
      "investorTaxVerified": false,
      "state": "unresolved",
      "reason": "numeric_plan_conflict:dividReserveToStockPs",
      "sources": [
        {
          "requestId": "request-e48219faa68f4ff3b65f1c225a1d774d",
          "rawSha256": "7a853c0d7ccd009a4e1febc7d584ed5cc9217442fbb212ef2d50b31008a385ed",
          "rowIndex": 0
        }
      ]
    }
  ],
  "groupIndexSha256": "70588a2ebb0311393ccb1ab7814388d68400541ad38ca2a37d275ea0a51a55cf",
  "resolutionVersion": 2,
  "unresolvedGroups": [
    {
      "code": "sh.600116",
      "exDate": "2025-01-08",
      "sourceRows": 2,
      "ledgerReady": false,
      "investorTaxVerified": false,
      "state": "unresolved",
      "reason": "conflicting_field:dividCashStock",
      "sources": [
        {
          "requestId": "request-b58d01b8f898449f9c9f968eaac8c803",
          "rawSha256": "6d3e5c52b89eced22a303b1e460ad1545e28a06940136869070eaa3b6185df76",
          "rowIndex": 0
        },
        {
          "requestId": "request-b58d01b8f898449f9c9f968eaac8c803",
          "rawSha256": "6d3e5c52b89eced22a303b1e460ad1545e28a06940136869070eaa3b6185df76",
          "rowIndex": 1
        }
      ],
      "records": [
        {
          "raw": {
            "code": "sh.600116",
            "dividAgmPumDate": "2024-11-12",
            "dividCashPsAfterTax": "",
            "dividCashPsBeforeTax": "0.05",
            "dividCashStock": "10派0.5元",
            "dividOperateDate": "2025-01-08",
            "dividPayDate": "2025-01-08",
            "dividPlanAnnounceDate": "2024-10-25",
            "dividPlanDate": "",
            "dividPreNoticeDate": "",
            "dividRegistDate": "2025-01-07",
            "dividReserveToStockPs": "",
            "dividStockMarketDate": "",
            "dividStocksPs": "0.000000"
          },
          "source": {
            "requestId": "request-b58d01b8f898449f9c9f968eaac8c803",
            "rawSha256": "6d3e5c52b89eced22a303b1e460ad1545e28a06940136869070eaa3b6185df76",
            "rowIndex": 0
          }
        },
        {
          "raw": {
            "code": "sh.600116",
            "dividAgmPumDate": "2024-11-12",
            "dividCashPsAfterTax": "0.045或0.05",
            "dividCashPsBeforeTax": "0.05",
            "dividCashStock": "10派0.5元（含税，扣税后0.45或0.5元）",
            "dividOperateDate": "2025-01-08",
            "dividPayDate": "2025-01-08",
            "dividPlanAnnounceDate": "2024-10-25",
            "dividPlanDate": "2025-01-02",
            "dividPreNoticeDate": "",
            "dividRegistDate": "2025-01-07",
            "dividReserveToStockPs": "",
            "dividStockMarketDate": "",
            "dividStocksPs": "0.000000"
          },
          "source": {
            "requestId": "request-b58d01b8f898449f9c9f968eaac8c803",
            "rawSha256": "6d3e5c52b89eced22a303b1e460ad1545e28a06940136869070eaa3b6185df76",
            "rowIndex": 1
          }
        }
      ]
    },
    {
      "code": "sh.600605",
      "exDate": "2021-05-17",
      "sourceRows": 2,
      "ledgerReady": false,
      "investorTaxVerified": false,
      "state": "unresolved",
      "reason": "conflicting_field:dividCashPsAfterTax",
      "sources": [
        {
          "requestId": "request-38b8efdebc9149238aaab587796ff458",
          "rawSha256": "0262a60f461fb6e86d0c66b4803f994f8cf058ee78787672e4831e03e8097a2f",
          "rowIndex": 0
        },
        {
          "requestId": "request-38b8efdebc9149238aaab587796ff458",
          "rawSha256": "0262a60f461fb6e86d0c66b4803f994f8cf058ee78787672e4831e03e8097a2f",
          "rowIndex": 1
        }
      ],
      "records": [
        {
          "raw": {
            "code": "sh.600605",
            "dividAgmPumDate": "2021-03-27",
            "dividCashPsAfterTax": "0.0518或0.102",
            "dividCashPsBeforeTax": "0.102",
            "dividCashStock": "10转4派1.02元（含税，扣税后0.518或1.02元）",
            "dividOperateDate": "2021-05-17",
            "dividPayDate": "2021-05-17",
            "dividPlanAnnounceDate": "2021-02-27",
            "dividPlanDate": "2021-05-11",
            "dividPreNoticeDate": "",
            "dividRegistDate": "2021-05-14",
            "dividReserveToStockPs": "0.400000",
            "dividStockMarketDate": "2021-05-18",
            "dividStocksPs": "0.000000"
          },
          "source": {
            "requestId": "request-38b8efdebc9149238aaab587796ff458",
            "rawSha256": "0262a60f461fb6e86d0c66b4803f994f8cf058ee78787672e4831e03e8097a2f",
            "rowIndex": 0
          }
        },
        {
          "raw": {
            "code": "sh.600605",
            "dividAgmPumDate": "2021-03-27",
            "dividCashPsAfterTax": "0.0918或0.102",
            "dividCashPsBeforeTax": "0.102",
            "dividCashStock": "10转4派1.02元（含税，扣税后0.918或1.02元）",
            "dividOperateDate": "2021-05-17",
            "dividPayDate": "2021-05-17",
            "dividPlanAnnounceDate": "2021-02-27",
            "dividPlanDate": "2021-05-11",
            "dividPreNoticeDate": "",
            "dividRegistDate": "2021-05-14",
            "dividReserveToStockPs": "0.400000",
            "dividStockMarketDate": "2021-05-18",
            "dividStocksPs": "0.000000"
          },
          "source": {
            "requestId": "request-38b8efdebc9149238aaab587796ff458",
            "rawSha256": "0262a60f461fb6e86d0c66b4803f994f8cf058ee78787672e4831e03e8097a2f",
            "rowIndex": 1
          }
        }
      ]
    },
    {
      "code": "sh.600803",
      "exDate": "2024-08-01",
      "sourceRows": 1,
      "ledgerReady": false,
      "investorTaxVerified": false,
      "state": "unresolved",
      "reason": "numeric_plan_conflict:dividCashPsBeforeTax",
      "sources": [
        {
          "requestId": "request-988810c5d5574f6dba0c966a40b9dbdc",
          "rawSha256": "4d408a49588ef8c628e2b3ab3aa9f11ae5c0b83a56ae8e60e89ffe3a47d7159d",
          "rowIndex": 0
        }
      ],
      "records": [
        {
          "raw": {
            "code": "sh.600803",
            "dividAgmPumDate": "2024-06-28",
            "dividCashPsAfterTax": "0.594或0.66",
            "dividCashPsBeforeTax": "0.91",
            "dividCashStock": "10派6.6元（含税，扣税后5.94或6.6元）",
            "dividOperateDate": "2024-08-01",
            "dividPayDate": "2024-08-01",
            "dividPlanAnnounceDate": "2024-03-23",
            "dividPlanDate": "2024-07-26",
            "dividPreNoticeDate": "",
            "dividRegistDate": "2024-07-31",
            "dividReserveToStockPs": "",
            "dividStockMarketDate": "",
            "dividStocksPs": "0.000000"
          },
          "source": {
            "requestId": "request-988810c5d5574f6dba0c966a40b9dbdc",
            "rawSha256": "4d408a49588ef8c628e2b3ab3aa9f11ae5c0b83a56ae8e60e89ffe3a47d7159d",
            "rowIndex": 0
          }
        }
      ]
    },
    {
      "code": "sh.600803",
      "exDate": "2025-07-22",
      "sourceRows": 1,
      "ledgerReady": false,
      "investorTaxVerified": false,
      "state": "unresolved",
      "reason": "numeric_plan_conflict:dividCashPsBeforeTax",
      "sources": [
        {
          "requestId": "request-f62dae85d3a943c8aefd76735491ca0f",
          "rawSha256": "753a9832f40b9645ec21794106de45353b3cab1f97fca72d6d36d401e99352e3",
          "rowIndex": 0
        }
      ],
      "records": [
        {
          "raw": {
            "code": "sh.600803",
            "dividAgmPumDate": "2025-05-29",
            "dividCashPsAfterTax": "0.729或0.81",
            "dividCashPsBeforeTax": "1.03",
            "dividCashStock": "10派8.1元（含税，扣税后7.29或8.1元）",
            "dividOperateDate": "2025-07-22",
            "dividPayDate": "2025-07-22",
            "dividPlanAnnounceDate": "2025-03-27",
            "dividPlanDate": "2025-07-16",
            "dividPreNoticeDate": "",
            "dividRegistDate": "2025-07-21",
            "dividReserveToStockPs": "",
            "dividStockMarketDate": "",
            "dividStocksPs": "0.000000"
          },
          "source": {
            "requestId": "request-f62dae85d3a943c8aefd76735491ca0f",
            "rawSha256": "753a9832f40b9645ec21794106de45353b3cab1f97fca72d6d36d401e99352e3",
            "rowIndex": 0
          }
        }
      ]
    },
    {
      "code": "sh.600989",
      "exDate": "2021-05-20",
      "sourceRows": 2,
      "ledgerReady": false,
      "investorTaxVerified": false,
      "state": "unresolved",
      "reason": "conflicting_field:dividCashPsAfterTax",
      "sources": [
        {
          "requestId": "request-23e552934e254bbdabc4b053d07d0a8d",
          "rawSha256": "94fdb7a86e9a35f97e57f552bfbd742f27245dbcff8934db0249d973fa465ea6",
          "rowIndex": 0
        },
        {
          "requestId": "request-23e552934e254bbdabc4b053d07d0a8d",
          "rawSha256": "94fdb7a86e9a35f97e57f552bfbd742f27245dbcff8934db0249d973fa465ea6",
          "rowIndex": 1
        }
      ],
      "records": [
        {
          "raw": {
            "code": "sh.600989",
            "dividAgmPumDate": "2021-04-02",
            "dividCashPsAfterTax": "0.28882或0.32091",
            "dividCashPsBeforeTax": "0.32091",
            "dividCashStock": "10派3.2091元（含税，扣税后2.8882或3.2091元）",
            "dividOperateDate": "2021-05-20",
            "dividPayDate": "2021-05-20",
            "dividPlanAnnounceDate": "2021-03-11",
            "dividPlanDate": "2021-05-12",
            "dividPreNoticeDate": "",
            "dividRegistDate": "2021-05-19",
            "dividReserveToStockPs": "",
            "dividStockMarketDate": "",
            "dividStocksPs": "0.000000"
          },
          "source": {
            "requestId": "request-23e552934e254bbdabc4b053d07d0a8d",
            "rawSha256": "94fdb7a86e9a35f97e57f552bfbd742f27245dbcff8934db0249d973fa465ea6",
            "rowIndex": 0
          }
        },
        {
          "raw": {
            "code": "sh.600989",
            "dividAgmPumDate": "2021-04-02",
            "dividCashPsAfterTax": "0.23825或0.26472",
            "dividCashPsBeforeTax": "0.26472",
            "dividCashStock": "10派2.6472元（含税，扣税后2.3825或2.6472元）",
            "dividOperateDate": "2021-05-20",
            "dividPayDate": "2021-05-20",
            "dividPlanAnnounceDate": "2021-03-11",
            "dividPlanDate": "2021-05-12",
            "dividPreNoticeDate": "",
            "dividRegistDate": "2021-05-19",
            "dividReserveToStockPs": "",
            "dividStockMarketDate": "",
            "dividStocksPs": "0.000000"
          },
          "source": {
            "requestId": "request-23e552934e254bbdabc4b053d07d0a8d",
            "rawSha256": "94fdb7a86e9a35f97e57f552bfbd742f27245dbcff8934db0249d973fa465ea6",
            "rowIndex": 1
          }
        }
      ]
    },
    {
      "code": "sh.600989",
      "exDate": "2025-05-13",
      "sourceRows": 1,
      "ledgerReady": false,
      "investorTaxVerified": false,
      "state": "unresolved",
      "reason": "numeric_plan_conflict:dividCashPsBeforeTax",
      "sources": [
        {
          "requestId": "request-3f949025fcd44a7e990976af4093a7f0",
          "rawSha256": "ededa74edfe0378938a6acd7e61b3d81e83f5e3759bddddc22f53588fc848c88",
          "rowIndex": 0
        }
      ],
      "records": [
        {
          "raw": {
            "code": "sh.600989",
            "dividAgmPumDate": "2025-04-03",
            "dividCashPsAfterTax": "0.36899388或0.4099932",
            "dividCashPsBeforeTax": "0.409993",
            "dividCashStock": "10派4.099932元（含税，扣税后3.6899388或4.099932元）",
            "dividOperateDate": "2025-05-13",
            "dividPayDate": "2025-05-13",
            "dividPlanAnnounceDate": "2025-03-12",
            "dividPlanDate": "2025-05-07",
            "dividPreNoticeDate": "",
            "dividRegistDate": "2025-05-12",
            "dividReserveToStockPs": "",
            "dividStockMarketDate": "",
            "dividStocksPs": "0.000000"
          },
          "source": {
            "requestId": "request-3f949025fcd44a7e990976af4093a7f0",
            "rawSha256": "ededa74edfe0378938a6acd7e61b3d81e83f5e3759bddddc22f53588fc848c88",
            "rowIndex": 0
          }
        }
      ]
    },
    {
      "code": "sh.601186",
      "exDate": "2025-07-22",
      "sourceRows": 2,
      "ledgerReady": false,
      "investorTaxVerified": false,
      "state": "unresolved",
      "reason": "conflicting_field:dividCashStock",
      "sources": [
        {
          "requestId": "request-f4b22e5851da47d4a646387dc97df300",
          "rawSha256": "a86c597cf639118640d3823fb44d3dddf711a4640c1df8904438889fee97ffd7",
          "rowIndex": 0
        },
        {
          "requestId": "request-f4b22e5851da47d4a646387dc97df300",
          "rawSha256": "a86c597cf639118640d3823fb44d3dddf711a4640c1df8904438889fee97ffd7",
          "rowIndex": 1
        }
      ],
      "records": [
        {
          "raw": {
            "code": "sh.601186",
            "dividAgmPumDate": "2025-06-21",
            "dividCashPsAfterTax": "0.27或0.3",
            "dividCashPsBeforeTax": "0.3",
            "dividCashStock": "10派3元（含税，扣税后2.7或3元）",
            "dividOperateDate": "2025-07-22",
            "dividPayDate": "2025-07-22",
            "dividPlanAnnounceDate": "2025-03-29",
            "dividPlanDate": "2025-07-14",
            "dividPreNoticeDate": "",
            "dividRegistDate": "2025-07-21",
            "dividReserveToStockPs": "",
            "dividStockMarketDate": "",
            "dividStocksPs": "0.000000"
          },
          "source": {
            "requestId": "request-f4b22e5851da47d4a646387dc97df300",
            "rawSha256": "a86c597cf639118640d3823fb44d3dddf711a4640c1df8904438889fee97ffd7",
            "rowIndex": 0
          }
        },
        {
          "raw": {
            "code": "sh.601186",
            "dividAgmPumDate": "2025-06-21",
            "dividCashPsAfterTax": "",
            "dividCashPsBeforeTax": "0.3",
            "dividCashStock": "10派3元",
            "dividOperateDate": "2025-07-22",
            "dividPayDate": "2025-07-22",
            "dividPlanAnnounceDate": "2025-03-29",
            "dividPlanDate": "",
            "dividPreNoticeDate": "",
            "dividRegistDate": "2025-07-21",
            "dividReserveToStockPs": "",
            "dividStockMarketDate": "",
            "dividStocksPs": "0.000000"
          },
          "source": {
            "requestId": "request-f4b22e5851da47d4a646387dc97df300",
            "rawSha256": "a86c597cf639118640d3823fb44d3dddf711a4640c1df8904438889fee97ffd7",
            "rowIndex": 1
          }
        }
      ]
    },
    {
      "code": "sh.601288",
      "exDate": "2025-01-08",
      "sourceRows": 2,
      "ledgerReady": false,
      "investorTaxVerified": false,
      "state": "unresolved",
      "reason": "conflicting_field:dividCashStock",
      "sources": [
        {
          "requestId": "request-b4ffe2a69cff42f4a662af5cc6741f13",
          "rawSha256": "f0da497c3975a27fda75db1ae3a7b1cb70ce762a45fd1cb77b930bf830fd45c9",
          "rowIndex": 0
        },
        {
          "requestId": "request-b4ffe2a69cff42f4a662af5cc6741f13",
          "rawSha256": "f0da497c3975a27fda75db1ae3a7b1cb70ce762a45fd1cb77b930bf830fd45c9",
          "rowIndex": 1
        }
      ],
      "records": [
        {
          "raw": {
            "code": "sh.601288",
            "dividAgmPumDate": "",
            "dividCashPsAfterTax": "",
            "dividCashPsBeforeTax": "0.1164",
            "dividCashStock": "10派1.164元",
            "dividOperateDate": "2025-01-08",
            "dividPayDate": "2025-01-08",
            "dividPlanAnnounceDate": "2024-08-31",
            "dividPlanDate": "",
            "dividPreNoticeDate": "",
            "dividRegistDate": "2025-01-07",
            "dividReserveToStockPs": "",
            "dividStockMarketDate": "",
            "dividStocksPs": "0.000000"
          },
          "source": {
            "requestId": "request-b4ffe2a69cff42f4a662af5cc6741f13",
            "rawSha256": "f0da497c3975a27fda75db1ae3a7b1cb70ce762a45fd1cb77b930bf830fd45c9",
            "rowIndex": 0
          }
        },
        {
          "raw": {
            "code": "sh.601288",
            "dividAgmPumDate": "2024-11-30",
            "dividCashPsAfterTax": "0.10476或0.1164",
            "dividCashPsBeforeTax": "0.1164",
            "dividCashStock": "10派1.164元（含税，扣税后1.0476或1.164元）",
            "dividOperateDate": "2025-01-08",
            "dividPayDate": "2025-01-08",
            "dividPlanAnnounceDate": "2024-08-31",
            "dividPlanDate": "2024-12-30",
            "dividPreNoticeDate": "",
            "dividRegistDate": "2025-01-07",
            "dividReserveToStockPs": "",
            "dividStockMarketDate": "",
            "dividStocksPs": "0.000000"
          },
          "source": {
            "requestId": "request-b4ffe2a69cff42f4a662af5cc6741f13",
            "rawSha256": "f0da497c3975a27fda75db1ae3a7b1cb70ce762a45fd1cb77b930bf830fd45c9",
            "rowIndex": 1
          }
        }
      ]
    },
    {
      "code": "sh.601318",
      "exDate": "2025-06-30",
      "sourceRows": 2,
      "ledgerReady": false,
      "investorTaxVerified": false,
      "state": "unresolved",
      "reason": "conflicting_field:dividCashStock",
      "sources": [
        {
          "requestId": "request-32d69c3c94cc427287bf2a2c81d6925f",
          "rawSha256": "634b5b6c17ec6546468f67ad2448e6a68887ef807fba95a3de8549dcbe486aee",
          "rowIndex": 0
        },
        {
          "requestId": "request-32d69c3c94cc427287bf2a2c81d6925f",
          "rawSha256": "634b5b6c17ec6546468f67ad2448e6a68887ef807fba95a3de8549dcbe486aee",
          "rowIndex": 1
        }
      ],
      "records": [
        {
          "raw": {
            "code": "sh.601318",
            "dividAgmPumDate": "2025-05-14",
            "dividCashPsAfterTax": "1.458或1.62",
            "dividCashPsBeforeTax": "1.62",
            "dividCashStock": "10派16.2元（含税，扣税后14.58或16.2元）",
            "dividOperateDate": "2025-06-30",
            "dividPayDate": "2025-06-30",
            "dividPlanAnnounceDate": "2025-03-20",
            "dividPlanDate": "2025-06-20",
            "dividPreNoticeDate": "",
            "dividRegistDate": "2025-06-27",
            "dividReserveToStockPs": "",
            "dividStockMarketDate": "",
            "dividStocksPs": "0.000000"
          },
          "source": {
            "requestId": "request-32d69c3c94cc427287bf2a2c81d6925f",
            "rawSha256": "634b5b6c17ec6546468f67ad2448e6a68887ef807fba95a3de8549dcbe486aee",
            "rowIndex": 0
          }
        },
        {
          "raw": {
            "code": "sh.601318",
            "dividAgmPumDate": "",
            "dividCashPsAfterTax": "",
            "dividCashPsBeforeTax": "1.62",
            "dividCashStock": "10派16.2元",
            "dividOperateDate": "2025-06-30",
            "dividPayDate": "2025-06-30",
            "dividPlanAnnounceDate": "2025-03-20",
            "dividPlanDate": "",
            "dividPreNoticeDate": "",
            "dividRegistDate": "2025-06-27",
            "dividReserveToStockPs": "",
            "dividStockMarketDate": "",
            "dividStocksPs": "0.000000"
          },
          "source": {
            "requestId": "request-32d69c3c94cc427287bf2a2c81d6925f",
            "rawSha256": "634b5b6c17ec6546468f67ad2448e6a68887ef807fba95a3de8549dcbe486aee",
            "rowIndex": 1
          }
        }
      ]
    },
    {
      "code": "sh.601328",
      "exDate": "2025-01-24",
      "sourceRows": 2,
      "ledgerReady": false,
      "investorTaxVerified": false,
      "state": "unresolved",
      "reason": "conflicting_field:dividCashStock",
      "sources": [
        {
          "requestId": "request-c1b0c6f715e148e7a466d008358d711d",
          "rawSha256": "8302b49dda372c47cd99f3d3b23d7c782bf14208bf9d53271210b246f5b35f01",
          "rowIndex": 0
        },
        {
          "requestId": "request-c1b0c6f715e148e7a466d008358d711d",
          "rawSha256": "8302b49dda372c47cd99f3d3b23d7c782bf14208bf9d53271210b246f5b35f01",
          "rowIndex": 1
        }
      ],
      "records": [
        {
          "raw": {
            "code": "sh.601328",
            "dividAgmPumDate": "2024-12-28",
            "dividCashPsAfterTax": "",
            "dividCashPsBeforeTax": "0.182",
            "dividCashStock": "10派1.82元",
            "dividOperateDate": "2025-01-24",
            "dividPayDate": "2025-01-24",
            "dividPlanAnnounceDate": "2024-08-29",
            "dividPlanDate": "",
            "dividPreNoticeDate": "",
            "dividRegistDate": "2025-01-23",
            "dividReserveToStockPs": "",
            "dividStockMarketDate": "",
            "dividStocksPs": "0.000000"
          },
          "source": {
            "requestId": "request-c1b0c6f715e148e7a466d008358d711d",
            "rawSha256": "8302b49dda372c47cd99f3d3b23d7c782bf14208bf9d53271210b246f5b35f01",
            "rowIndex": 0
          }
        },
        {
          "raw": {
            "code": "sh.601328",
            "dividAgmPumDate": "2024-12-28",
            "dividCashPsAfterTax": "0.1638或0.182",
            "dividCashPsBeforeTax": "0.182",
            "dividCashStock": "10派1.82元（含税，扣税后1.638或1.82元）",
            "dividOperateDate": "2025-01-24",
            "dividPayDate": "2025-01-24",
            "dividPlanAnnounceDate": "2024-08-29",
            "dividPlanDate": "2025-01-16",
            "dividPreNoticeDate": "",
            "dividRegistDate": "2025-01-23",
            "dividReserveToStockPs": "",
            "dividStockMarketDate": "",
            "dividStocksPs": "0.000000"
          },
          "source": {
            "requestId": "request-c1b0c6f715e148e7a466d008358d711d",
            "rawSha256": "8302b49dda372c47cd99f3d3b23d7c782bf14208bf9d53271210b246f5b35f01",
            "rowIndex": 1
          }
        }
      ]
    },
    {
      "code": "sh.601390",
      "exDate": "2025-07-18",
      "sourceRows": 2,
      "ledgerReady": false,
      "investorTaxVerified": false,
      "state": "unresolved",
      "reason": "conflicting_field:dividCashStock",
      "sources": [
        {
          "requestId": "request-d812a2b52794488aa3f1b5d73632aec5",
          "rawSha256": "bfef33750419a30a0706ce3ef47529baea7b4a156f40192414d3499e78e655cc",
          "rowIndex": 0
        },
        {
          "requestId": "request-d812a2b52794488aa3f1b5d73632aec5",
          "rawSha256": "bfef33750419a30a0706ce3ef47529baea7b4a156f40192414d3499e78e655cc",
          "rowIndex": 1
        }
      ],
      "records": [
        {
          "raw": {
            "code": "sh.601390",
            "dividAgmPumDate": "2025-06-21",
            "dividCashPsAfterTax": "",
            "dividCashPsBeforeTax": "0.178",
            "dividCashStock": "10派1.78元",
            "dividOperateDate": "2025-07-18",
            "dividPayDate": "2025-07-18",
            "dividPlanAnnounceDate": "2025-03-29",
            "dividPlanDate": "",
            "dividPreNoticeDate": "",
            "dividRegistDate": "2025-07-17",
            "dividReserveToStockPs": "",
            "dividStockMarketDate": "",
            "dividStocksPs": "0.000000"
          },
          "source": {
            "requestId": "request-d812a2b52794488aa3f1b5d73632aec5",
            "rawSha256": "bfef33750419a30a0706ce3ef47529baea7b4a156f40192414d3499e78e655cc",
            "rowIndex": 0
          }
        },
        {
          "raw": {
            "code": "sh.601390",
            "dividAgmPumDate": "2025-06-21",
            "dividCashPsAfterTax": "0.1602或0.178",
            "dividCashPsBeforeTax": "0.178",
            "dividCashStock": "10派1.78元（含税，扣税后1.602或1.78元）",
            "dividOperateDate": "2025-07-18",
            "dividPayDate": "2025-07-18",
            "dividPlanAnnounceDate": "2025-03-29",
            "dividPlanDate": "2025-07-11",
            "dividPreNoticeDate": "",
            "dividRegistDate": "2025-07-17",
            "dividReserveToStockPs": "",
            "dividStockMarketDate": "",
            "dividStocksPs": "0.000000"
          },
          "source": {
            "requestId": "request-d812a2b52794488aa3f1b5d73632aec5",
            "rawSha256": "bfef33750419a30a0706ce3ef47529baea7b4a156f40192414d3499e78e655cc",
            "rowIndex": 1
          }
        }
      ]
    },
    {
      "code": "sh.601398",
      "exDate": "2025-01-07",
      "sourceRows": 2,
      "ledgerReady": false,
      "investorTaxVerified": false,
      "state": "unresolved",
      "reason": "conflicting_field:dividCashStock",
      "sources": [
        {
          "requestId": "request-3c7a2d530a9046f5b035a2eaafea2caf",
          "rawSha256": "88b43b9ad9e03554c05f9a85821dd3314046371ac1af3e3f032de5ab3b9980af",
          "rowIndex": 0
        },
        {
          "requestId": "request-3c7a2d530a9046f5b035a2eaafea2caf",
          "rawSha256": "88b43b9ad9e03554c05f9a85821dd3314046371ac1af3e3f032de5ab3b9980af",
          "rowIndex": 1
        }
      ],
      "records": [
        {
          "raw": {
            "code": "sh.601398",
            "dividAgmPumDate": "",
            "dividCashPsAfterTax": "",
            "dividCashPsBeforeTax": "0.1434",
            "dividCashStock": "10派1.434元",
            "dividOperateDate": "2025-01-07",
            "dividPayDate": "2025-01-07",
            "dividPlanAnnounceDate": "2024-08-31",
            "dividPlanDate": "",
            "dividPreNoticeDate": "",
            "dividRegistDate": "2025-01-06",
            "dividReserveToStockPs": "",
            "dividStockMarketDate": "",
            "dividStocksPs": "0.000000"
          },
          "source": {
            "requestId": "request-3c7a2d530a9046f5b035a2eaafea2caf",
            "rawSha256": "88b43b9ad9e03554c05f9a85821dd3314046371ac1af3e3f032de5ab3b9980af",
            "rowIndex": 0
          }
        },
        {
          "raw": {
            "code": "sh.601398",
            "dividAgmPumDate": "2024-12-03",
            "dividCashPsAfterTax": "0.12906或0.1434",
            "dividCashPsBeforeTax": "0.1434",
            "dividCashStock": "10派1.434元（含税，扣税后1.2906或1.434元）",
            "dividOperateDate": "2025-01-07",
            "dividPayDate": "2025-01-07",
            "dividPlanAnnounceDate": "2024-08-31",
            "dividPlanDate": "2024-12-31",
            "dividPreNoticeDate": "",
            "dividRegistDate": "2025-01-06",
            "dividReserveToStockPs": "",
            "dividStockMarketDate": "",
            "dividStocksPs": "0.000000"
          },
          "source": {
            "requestId": "request-3c7a2d530a9046f5b035a2eaafea2caf",
            "rawSha256": "88b43b9ad9e03554c05f9a85821dd3314046371ac1af3e3f032de5ab3b9980af",
            "rowIndex": 1
          }
        }
      ]
    },
    {
      "code": "sh.601628",
      "exDate": "2025-07-10",
      "sourceRows": 2,
      "ledgerReady": false,
      "investorTaxVerified": false,
      "state": "unresolved",
      "reason": "conflicting_field:dividCashStock",
      "sources": [
        {
          "requestId": "request-c0a85a2a672447ee809f2ccc439cdc91",
          "rawSha256": "82e44698ff20befafa8dd264b3dad9d77ed251852059ef3b88085c809cca3864",
          "rowIndex": 0
        },
        {
          "requestId": "request-c0a85a2a672447ee809f2ccc439cdc91",
          "rawSha256": "82e44698ff20befafa8dd264b3dad9d77ed251852059ef3b88085c809cca3864",
          "rowIndex": 1
        }
      ],
      "records": [
        {
          "raw": {
            "code": "sh.601628",
            "dividAgmPumDate": "2025-06-27",
            "dividCashPsAfterTax": "0.405或0.45",
            "dividCashPsBeforeTax": "0.45",
            "dividCashStock": "10派4.5元（含税，扣税后4.05或4.5元）",
            "dividOperateDate": "2025-07-10",
            "dividPayDate": "2025-07-10",
            "dividPlanAnnounceDate": "2025-03-27",
            "dividPlanDate": "2025-07-04",
            "dividPreNoticeDate": "",
            "dividRegistDate": "2025-07-09",
            "dividReserveToStockPs": "",
            "dividStockMarketDate": "",
            "dividStocksPs": "0.000000"
          },
          "source": {
            "requestId": "request-c0a85a2a672447ee809f2ccc439cdc91",
            "rawSha256": "82e44698ff20befafa8dd264b3dad9d77ed251852059ef3b88085c809cca3864",
            "rowIndex": 0
          }
        },
        {
          "raw": {
            "code": "sh.601628",
            "dividAgmPumDate": "",
            "dividCashPsAfterTax": "",
            "dividCashPsBeforeTax": "0.45",
            "dividCashStock": "10派4.5元",
            "dividOperateDate": "2025-07-10",
            "dividPayDate": "2025-07-10",
            "dividPlanAnnounceDate": "2025-03-27",
            "dividPlanDate": "",
            "dividPreNoticeDate": "",
            "dividRegistDate": "2025-07-09",
            "dividReserveToStockPs": "",
            "dividStockMarketDate": "",
            "dividStocksPs": "0.000000"
          },
          "source": {
            "requestId": "request-c0a85a2a672447ee809f2ccc439cdc91",
            "rawSha256": "82e44698ff20befafa8dd264b3dad9d77ed251852059ef3b88085c809cca3864",
            "rowIndex": 1
          }
        }
      ]
    },
    {
      "code": "sh.601688",
      "exDate": "2024-10-25",
      "sourceRows": 2,
      "ledgerReady": false,
      "investorTaxVerified": false,
      "state": "unresolved",
      "reason": "conflicting_field:dividCashStock",
      "sources": [
        {
          "requestId": "request-05171e2f1fdd43d19669406c64e21817",
          "rawSha256": "76838265e5dcf0cf98d99c6761dcb32ade630350b70df013fefd25838673feca",
          "rowIndex": 1
        },
        {
          "requestId": "request-05171e2f1fdd43d19669406c64e21817",
          "rawSha256": "76838265e5dcf0cf98d99c6761dcb32ade630350b70df013fefd25838673feca",
          "rowIndex": 2
        }
      ],
      "records": [
        {
          "raw": {
            "code": "sh.601688",
            "dividAgmPumDate": "",
            "dividCashPsAfterTax": "",
            "dividCashPsBeforeTax": "0.15",
            "dividCashStock": "10派1.5元",
            "dividOperateDate": "2024-10-25",
            "dividPayDate": "2024-10-25",
            "dividPlanAnnounceDate": "2024-08-31",
            "dividPlanDate": "",
            "dividPreNoticeDate": "",
            "dividRegistDate": "2024-10-24",
            "dividReserveToStockPs": "",
            "dividStockMarketDate": "",
            "dividStocksPs": "0.000000"
          },
          "source": {
            "requestId": "request-05171e2f1fdd43d19669406c64e21817",
            "rawSha256": "76838265e5dcf0cf98d99c6761dcb32ade630350b70df013fefd25838673feca",
            "rowIndex": 1
          }
        },
        {
          "raw": {
            "code": "sh.601688",
            "dividAgmPumDate": "",
            "dividCashPsAfterTax": "0.135或0.15",
            "dividCashPsBeforeTax": "0.15",
            "dividCashStock": "10派1.5元（含税，扣税后1.35或1.5元）",
            "dividOperateDate": "2024-10-25",
            "dividPayDate": "2024-10-25",
            "dividPlanAnnounceDate": "2024-08-31",
            "dividPlanDate": "2024-10-17",
            "dividPreNoticeDate": "",
            "dividRegistDate": "2024-10-24",
            "dividReserveToStockPs": "",
            "dividStockMarketDate": "",
            "dividStocksPs": "0.000000"
          },
          "source": {
            "requestId": "request-05171e2f1fdd43d19669406c64e21817",
            "rawSha256": "76838265e5dcf0cf98d99c6761dcb32ade630350b70df013fefd25838673feca",
            "rowIndex": 2
          }
        }
      ]
    },
    {
      "code": "sh.601881",
      "exDate": "2025-07-14",
      "sourceRows": 2,
      "ledgerReady": false,
      "investorTaxVerified": false,
      "state": "unresolved",
      "reason": "conflicting_field:dividCashStock",
      "sources": [
        {
          "requestId": "request-483f9ab0c22046cbb36489ea0715e200",
          "rawSha256": "39702428fd143cf33f5fd9591ecc97bc57b7ae962f42593e692e39c2e4668515",
          "rowIndex": 0
        },
        {
          "requestId": "request-483f9ab0c22046cbb36489ea0715e200",
          "rawSha256": "39702428fd143cf33f5fd9591ecc97bc57b7ae962f42593e692e39c2e4668515",
          "rowIndex": 1
        }
      ],
      "records": [
        {
          "raw": {
            "code": "sh.601881",
            "dividAgmPumDate": "2025-06-28",
            "dividCashPsAfterTax": "",
            "dividCashPsBeforeTax": "0.196",
            "dividCashStock": "10派1.96元",
            "dividOperateDate": "2025-07-14",
            "dividPayDate": "2025-07-14",
            "dividPlanAnnounceDate": "2025-03-29",
            "dividPlanDate": "",
            "dividPreNoticeDate": "",
            "dividRegistDate": "2025-07-11",
            "dividReserveToStockPs": "",
            "dividStockMarketDate": "",
            "dividStocksPs": "0.000000"
          },
          "source": {
            "requestId": "request-483f9ab0c22046cbb36489ea0715e200",
            "rawSha256": "39702428fd143cf33f5fd9591ecc97bc57b7ae962f42593e692e39c2e4668515",
            "rowIndex": 0
          }
        },
        {
          "raw": {
            "code": "sh.601881",
            "dividAgmPumDate": "2025-06-28",
            "dividCashPsAfterTax": "0.1764或0.196",
            "dividCashPsBeforeTax": "0.196",
            "dividCashStock": "10派1.96元（含税，扣税后1.764或1.96元）",
            "dividOperateDate": "2025-07-14",
            "dividPayDate": "2025-07-14",
            "dividPlanAnnounceDate": "2025-03-29",
            "dividPlanDate": "2025-07-08",
            "dividPreNoticeDate": "",
            "dividRegistDate": "2025-07-11",
            "dividReserveToStockPs": "",
            "dividStockMarketDate": "",
            "dividStocksPs": "0.000000"
          },
          "source": {
            "requestId": "request-483f9ab0c22046cbb36489ea0715e200",
            "rawSha256": "39702428fd143cf33f5fd9591ecc97bc57b7ae962f42593e692e39c2e4668515",
            "rowIndex": 1
          }
        }
      ]
    },
    {
      "code": "sh.601919",
      "exDate": "2024-10-10",
      "sourceRows": 2,
      "ledgerReady": false,
      "investorTaxVerified": false,
      "state": "unresolved",
      "reason": "conflicting_field:dividCashStock",
      "sources": [
        {
          "requestId": "request-a0d4c422a5434321822409d68068a85e",
          "rawSha256": "2fe66b662537a22be98bd29ff2c93780501e1b8874b4ff307ba070019aeee6ad",
          "rowIndex": 1
        },
        {
          "requestId": "request-a0d4c422a5434321822409d68068a85e",
          "rawSha256": "2fe66b662537a22be98bd29ff2c93780501e1b8874b4ff307ba070019aeee6ad",
          "rowIndex": 2
        }
      ],
      "records": [
        {
          "raw": {
            "code": "sh.601919",
            "dividAgmPumDate": "",
            "dividCashPsAfterTax": "0.468或0.52",
            "dividCashPsBeforeTax": "0.52",
            "dividCashStock": "10派5.2元（含税，扣税后4.68或5.2元）",
            "dividOperateDate": "2024-10-10",
            "dividPayDate": "2024-10-10",
            "dividPlanAnnounceDate": "2024-08-30",
            "dividPlanDate": "2024-09-26",
            "dividPreNoticeDate": "",
            "dividRegistDate": "2024-10-09",
            "dividReserveToStockPs": "",
            "dividStockMarketDate": "",
            "dividStocksPs": "0.000000"
          },
          "source": {
            "requestId": "request-a0d4c422a5434321822409d68068a85e",
            "rawSha256": "2fe66b662537a22be98bd29ff2c93780501e1b8874b4ff307ba070019aeee6ad",
            "rowIndex": 1
          }
        },
        {
          "raw": {
            "code": "sh.601919",
            "dividAgmPumDate": "",
            "dividCashPsAfterTax": "",
            "dividCashPsBeforeTax": "0.52",
            "dividCashStock": "10派5.2元",
            "dividOperateDate": "2024-10-10",
            "dividPayDate": "2024-10-10",
            "dividPlanAnnounceDate": "2024-08-30",
            "dividPlanDate": "",
            "dividPreNoticeDate": "",
            "dividRegistDate": "2024-10-09",
            "dividReserveToStockPs": "",
            "dividStockMarketDate": "",
            "dividStocksPs": "0.000000"
          },
          "source": {
            "requestId": "request-a0d4c422a5434321822409d68068a85e",
            "rawSha256": "2fe66b662537a22be98bd29ff2c93780501e1b8874b4ff307ba070019aeee6ad",
            "rowIndex": 2
          }
        }
      ]
    },
    {
      "code": "sh.601966",
      "exDate": "2024-06-14",
      "sourceRows": 2,
      "ledgerReady": false,
      "investorTaxVerified": false,
      "state": "unresolved",
      "reason": "conflicting_field:dividCashPsAfterTax",
      "sources": [
        {
          "requestId": "request-9049619561124a9893ae6bd1a93b990b",
          "rawSha256": "313c90357fd6629c1caeb419a6eb384493d45cb56541061a1fcf63fa738d66ee",
          "rowIndex": 0
        },
        {
          "requestId": "request-9049619561124a9893ae6bd1a93b990b",
          "rawSha256": "313c90357fd6629c1caeb419a6eb384493d45cb56541061a1fcf63fa738d66ee",
          "rowIndex": 1
        }
      ],
      "records": [
        {
          "raw": {
            "code": "sh.601966",
            "dividAgmPumDate": "2024-05-16",
            "dividCashPsAfterTax": "0.2574或0.286",
            "dividCashPsBeforeTax": "0.286",
            "dividCashStock": "10派2.86元（含税，扣税后2.574或2.86元）",
            "dividOperateDate": "2024-06-14",
            "dividPayDate": "2024-06-14",
            "dividPlanAnnounceDate": "2024-04-25",
            "dividPlanDate": "2024-06-07",
            "dividPreNoticeDate": "",
            "dividRegistDate": "2024-06-13",
            "dividReserveToStockPs": "",
            "dividStockMarketDate": "",
            "dividStocksPs": "0.000000"
          },
          "source": {
            "requestId": "request-9049619561124a9893ae6bd1a93b990b",
            "rawSha256": "313c90357fd6629c1caeb419a6eb384493d45cb56541061a1fcf63fa738d66ee",
            "rowIndex": 0
          }
        },
        {
          "raw": {
            "code": "sh.601966",
            "dividAgmPumDate": "2024-05-16",
            "dividCashPsAfterTax": "0.0819或0.091",
            "dividCashPsBeforeTax": "0.091",
            "dividCashStock": "10派0.91元（含税，扣税后0.819或0.91元）",
            "dividOperateDate": "2024-06-14",
            "dividPayDate": "2024-06-14",
            "dividPlanAnnounceDate": "2024-04-25",
            "dividPlanDate": "2024-06-07",
            "dividPreNoticeDate": "",
            "dividRegistDate": "2024-06-13",
            "dividReserveToStockPs": "",
            "dividStockMarketDate": "",
            "dividStocksPs": "0.000000"
          },
          "source": {
            "requestId": "request-9049619561124a9893ae6bd1a93b990b",
            "rawSha256": "313c90357fd6629c1caeb419a6eb384493d45cb56541061a1fcf63fa738d66ee",
            "rowIndex": 1
          }
        }
      ]
    },
    {
      "code": "sh.601988",
      "exDate": "2025-01-23",
      "sourceRows": 2,
      "ledgerReady": false,
      "investorTaxVerified": false,
      "state": "unresolved",
      "reason": "conflicting_field:dividCashStock",
      "sources": [
        {
          "requestId": "request-fa335f910a654b58bef23ced5d2b9be2",
          "rawSha256": "444be28ac945fafbd32a88e0c28eb87a7db312fde1ce720857e9c6dd7ce7817c",
          "rowIndex": 0
        },
        {
          "requestId": "request-fa335f910a654b58bef23ced5d2b9be2",
          "rawSha256": "444be28ac945fafbd32a88e0c28eb87a7db312fde1ce720857e9c6dd7ce7817c",
          "rowIndex": 1
        }
      ],
      "records": [
        {
          "raw": {
            "code": "sh.601988",
            "dividAgmPumDate": "",
            "dividCashPsAfterTax": "",
            "dividCashPsBeforeTax": "0.1208",
            "dividCashStock": "10派1.208元",
            "dividOperateDate": "2025-01-23",
            "dividPayDate": "2025-01-23",
            "dividPlanAnnounceDate": "2024-08-30",
            "dividPlanDate": "",
            "dividPreNoticeDate": "",
            "dividRegistDate": "2025-01-22",
            "dividReserveToStockPs": "",
            "dividStockMarketDate": "",
            "dividStocksPs": "0.000000"
          },
          "source": {
            "requestId": "request-fa335f910a654b58bef23ced5d2b9be2",
            "rawSha256": "444be28ac945fafbd32a88e0c28eb87a7db312fde1ce720857e9c6dd7ce7817c",
            "rowIndex": 0
          }
        },
        {
          "raw": {
            "code": "sh.601988",
            "dividAgmPumDate": "2024-12-21",
            "dividCashPsAfterTax": "0.10872或0.1208",
            "dividCashPsBeforeTax": "0.1208",
            "dividCashStock": "10派1.208元（含税，扣税后1.0872或1.208元）",
            "dividOperateDate": "2025-01-23",
            "dividPayDate": "2025-01-23",
            "dividPlanAnnounceDate": "2024-08-30",
            "dividPlanDate": "2025-01-15",
            "dividPreNoticeDate": "",
            "dividRegistDate": "2025-01-22",
            "dividReserveToStockPs": "",
            "dividStockMarketDate": "",
            "dividStocksPs": "0.000000"
          },
          "source": {
            "requestId": "request-fa335f910a654b58bef23ced5d2b9be2",
            "rawSha256": "444be28ac945fafbd32a88e0c28eb87a7db312fde1ce720857e9c6dd7ce7817c",
            "rowIndex": 1
          }
        }
      ]
    },
    {
      "code": "sh.688320",
      "exDate": "2024-06-14",
      "sourceRows": 2,
      "ledgerReady": false,
      "investorTaxVerified": false,
      "state": "unresolved",
      "reason": "conflicting_field:dividCashPsAfterTax",
      "sources": [
        {
          "requestId": "request-5395edd083294a38a360206c6f792165",
          "rawSha256": "d2f3c8d81fb0151ce5ea81b4886816aac0959336a3ecb535ea7044d014cdf801",
          "rowIndex": 0
        },
        {
          "requestId": "request-5395edd083294a38a360206c6f792165",
          "rawSha256": "d2f3c8d81fb0151ce5ea81b4886816aac0959336a3ecb535ea7044d014cdf801",
          "rowIndex": 1
        }
      ],
      "records": [
        {
          "raw": {
            "code": "sh.688320",
            "dividAgmPumDate": "2024-05-17",
            "dividCashPsAfterTax": "0.099或0.11",
            "dividCashPsBeforeTax": "0.11",
            "dividCashStock": "10派1.1元（含税，扣税后0.99或1.1元）",
            "dividOperateDate": "2024-06-14",
            "dividPayDate": "2024-06-14",
            "dividPlanAnnounceDate": "2024-04-26",
            "dividPlanDate": "2024-06-07",
            "dividPreNoticeDate": "",
            "dividRegistDate": "2024-06-13",
            "dividReserveToStockPs": "",
            "dividStockMarketDate": "",
            "dividStocksPs": "0.000000"
          },
          "source": {
            "requestId": "request-5395edd083294a38a360206c6f792165",
            "rawSha256": "d2f3c8d81fb0151ce5ea81b4886816aac0959336a3ecb535ea7044d014cdf801",
            "rowIndex": 0
          }
        },
        {
          "raw": {
            "code": "sh.688320",
            "dividAgmPumDate": "2024-05-17",
            "dividCashPsAfterTax": "0.09934或0.11038",
            "dividCashPsBeforeTax": "0.11038",
            "dividCashStock": "10派1.1038元（含税，扣税后0.9934或1.1038元）",
            "dividOperateDate": "2024-06-14",
            "dividPayDate": "2024-06-14",
            "dividPlanAnnounceDate": "2024-04-26",
            "dividPlanDate": "2024-06-07",
            "dividPreNoticeDate": "",
            "dividRegistDate": "2024-06-13",
            "dividReserveToStockPs": "",
            "dividStockMarketDate": "",
            "dividStocksPs": "0.000000"
          },
          "source": {
            "requestId": "request-5395edd083294a38a360206c6f792165",
            "rawSha256": "d2f3c8d81fb0151ce5ea81b4886816aac0959336a3ecb535ea7044d014cdf801",
            "rowIndex": 1
          }
        }
      ]
    },
    {
      "code": "sh.688466",
      "exDate": "2023-07-17",
      "sourceRows": 1,
      "ledgerReady": false,
      "investorTaxVerified": false,
      "state": "unresolved",
      "reason": "unsupported_complete_plan",
      "sources": [
        {
          "requestId": "request-b8560d804ebd44fc8debf5dd9cdd592c",
          "rawSha256": "2812f884cccb33efa4ac323361ab447021c6412ead8b22cd1221165f62e7895f",
          "rowIndex": 0
        }
      ],
      "records": [
        {
          "raw": {
            "code": "sh.688466",
            "dividAgmPumDate": "2023-06-01",
            "dividCashPsAfterTax": "-0.02",
            "dividCashPsBeforeTax": "",
            "dividCashStock": "10送2（含税，扣税后-0.2元）",
            "dividOperateDate": "2023-07-17",
            "dividPayDate": "",
            "dividPlanAnnounceDate": "2023-04-28",
            "dividPlanDate": "2023-07-11",
            "dividPreNoticeDate": "",
            "dividRegistDate": "2023-07-14",
            "dividReserveToStockPs": "",
            "dividStockMarketDate": "2023-07-17",
            "dividStocksPs": "0.200000"
          },
          "source": {
            "requestId": "request-b8560d804ebd44fc8debf5dd9cdd592c",
            "rawSha256": "2812f884cccb33efa4ac323361ab447021c6412ead8b22cd1221165f62e7895f",
            "rowIndex": 0
          }
        }
      ]
    },
    {
      "code": "sz.000002",
      "exDate": "2022-08-25",
      "sourceRows": 1,
      "ledgerReady": false,
      "investorTaxVerified": false,
      "state": "unresolved",
      "reason": "numeric_plan_conflict:dividCashPsBeforeTax",
      "sources": [
        {
          "requestId": "request-ee311c8b4ace4eb6817437684c9a9493",
          "rawSha256": "69617d049fe45dcf1e1fbf1adb3acfce24b3e86abad75d6077810dc8d176effb",
          "rowIndex": 0
        }
      ],
      "records": [
        {
          "raw": {
            "code": "sz.000002",
            "dividAgmPumDate": "2022-06-29",
            "dividCashPsAfterTax": "0.8785131或0.9761257",
            "dividCashPsBeforeTax": "0.976126",
            "dividCashStock": "10派9.761257元（含税，扣税后8.785131或9.761257元）",
            "dividOperateDate": "2022-08-25",
            "dividPayDate": "2022-08-25",
            "dividPlanAnnounceDate": "2022-03-31",
            "dividPlanDate": "2022-08-18",
            "dividPreNoticeDate": "",
            "dividRegistDate": "2022-08-24",
            "dividReserveToStockPs": "",
            "dividStockMarketDate": "",
            "dividStocksPs": "0.000000"
          },
          "source": {
            "requestId": "request-ee311c8b4ace4eb6817437684c9a9493",
            "rawSha256": "69617d049fe45dcf1e1fbf1adb3acfce24b3e86abad75d6077810dc8d176effb",
            "rowIndex": 0
          }
        }
      ]
    },
    {
      "code": "sz.000026",
      "exDate": "2021-06-01",
      "sourceRows": 1,
      "ledgerReady": false,
      "investorTaxVerified": false,
      "state": "unresolved",
      "reason": "numeric_plan_conflict:dividCashPsBeforeTax",
      "sources": [
        {
          "requestId": "request-1119792f1cbd49cfaef6b9cbd54a56d2",
          "rawSha256": "0ca17281c6da84fa9f29420be3083d223a6c74e9a165f893c5a34e1060de5936",
          "rowIndex": 0
        }
      ],
      "records": [
        {
          "raw": {
            "code": "sz.000026",
            "dividAgmPumDate": "2021-05-08",
            "dividCashPsAfterTax": "0.36759069或0.4084341",
            "dividCashPsBeforeTax": "0.408434",
            "dividCashStock": "10派4.084341元（含税，扣税后3.6759069或4.084341元）",
            "dividOperateDate": "2021-06-01",
            "dividPayDate": "2021-06-01",
            "dividPlanAnnounceDate": "2021-03-10",
            "dividPlanDate": "2021-05-25",
            "dividPreNoticeDate": "",
            "dividRegistDate": "2021-05-31",
            "dividReserveToStockPs": "",
            "dividStockMarketDate": "",
            "dividStocksPs": "0.000000"
          },
          "source": {
            "requestId": "request-1119792f1cbd49cfaef6b9cbd54a56d2",
            "rawSha256": "0ca17281c6da84fa9f29420be3083d223a6c74e9a165f893c5a34e1060de5936",
            "rowIndex": 0
          }
        }
      ]
    },
    {
      "code": "sz.000034",
      "exDate": "2021-04-30",
      "sourceRows": 1,
      "ledgerReady": false,
      "investorTaxVerified": false,
      "state": "unresolved",
      "reason": "numeric_plan_conflict:dividCashPsBeforeTax",
      "sources": [
        {
          "requestId": "request-d7106ef9c6974dce913a6805faefcc3c",
          "rawSha256": "bf385bcb720f580f809137d9b39e0e50c3510277b43a4cc46f5416bd91963b0a",
          "rowIndex": 0
        }
      ],
      "records": [
        {
          "raw": {
            "code": "sz.000034",
            "dividAgmPumDate": "2021-04-22",
            "dividCashPsAfterTax": "0.1702419或0.1891577",
            "dividCashPsBeforeTax": "0.189158",
            "dividCashStock": "10派1.891577元（含税，扣税后1.702419或1.891577元）",
            "dividOperateDate": "2021-04-30",
            "dividPayDate": "2021-04-30",
            "dividPlanAnnounceDate": "2021-03-31",
            "dividPlanDate": "2021-04-24",
            "dividPreNoticeDate": "",
            "dividRegistDate": "2021-04-29",
            "dividReserveToStockPs": "",
            "dividStockMarketDate": "",
            "dividStocksPs": "0.000000"
          },
          "source": {
            "requestId": "request-d7106ef9c6974dce913a6805faefcc3c",
            "rawSha256": "bf385bcb720f580f809137d9b39e0e50c3510277b43a4cc46f5416bd91963b0a",
            "rowIndex": 0
          }
        }
      ]
    },
    {
      "code": "sz.000034",
      "exDate": "2022-05-05",
      "sourceRows": 1,
      "ledgerReady": false,
      "investorTaxVerified": false,
      "state": "unresolved",
      "reason": "numeric_plan_conflict:dividCashPsBeforeTax",
      "sources": [
        {
          "requestId": "request-6959ff7cdb2c42de95f0d551af7517a2",
          "rawSha256": "2411d300bc75540e0b7c48b19720df1c241f00de1672daaa9c11d34e9d48c447",
          "rowIndex": 0
        }
      ],
      "records": [
        {
          "raw": {
            "code": "sz.000034",
            "dividAgmPumDate": "2022-04-22",
            "dividCashPsAfterTax": "0.1726582或0.1918424",
            "dividCashPsBeforeTax": "0.191842",
            "dividCashStock": "10派1.918424元（含税，扣税后1.726582或1.918424元）",
            "dividOperateDate": "2022-05-05",
            "dividPayDate": "2022-05-05",
            "dividPlanAnnounceDate": "2022-03-29",
            "dividPlanDate": "2022-04-23",
            "dividPreNoticeDate": "",
            "dividRegistDate": "2022-04-29",
            "dividReserveToStockPs": "",
            "dividStockMarketDate": "",
            "dividStocksPs": "0.000000"
          },
          "source": {
            "requestId": "request-6959ff7cdb2c42de95f0d551af7517a2",
            "rawSha256": "2411d300bc75540e0b7c48b19720df1c241f00de1672daaa9c11d34e9d48c447",
            "rowIndex": 0
          }
        }
      ]
    },
    {
      "code": "sz.000034",
      "exDate": "2023-05-10",
      "sourceRows": 1,
      "ledgerReady": false,
      "investorTaxVerified": false,
      "state": "unresolved",
      "reason": "numeric_plan_conflict:dividCashPsBeforeTax",
      "sources": [
        {
          "requestId": "request-8ff2af208a6d4f1d84f98720f22d8d06",
          "rawSha256": "b31d5bef6f5f4ed5306ed55858946a7226bfefb20600cc1ef2215dc4f545f689",
          "rowIndex": 0
        }
      ],
      "records": [
        {
          "raw": {
            "code": "sz.000034",
            "dividAgmPumDate": "2023-04-27",
            "dividCashPsAfterTax": "0.4012384或0.4458204",
            "dividCashPsBeforeTax": "0.44582",
            "dividCashStock": "10派4.458204元（含税，扣税后4.012384或4.458204元）",
            "dividOperateDate": "2023-05-10",
            "dividPayDate": "2023-05-10",
            "dividPlanAnnounceDate": "2023-03-31",
            "dividPlanDate": "2023-04-28",
            "dividPreNoticeDate": "",
            "dividRegistDate": "2023-05-09",
            "dividReserveToStockPs": "",
            "dividStockMarketDate": "",
            "dividStocksPs": "0.000000"
          },
          "source": {
            "requestId": "request-8ff2af208a6d4f1d84f98720f22d8d06",
            "rawSha256": "b31d5bef6f5f4ed5306ed55858946a7226bfefb20600cc1ef2215dc4f545f689",
            "rowIndex": 0
          }
        }
      ]
    },
    {
      "code": "sz.000060",
      "exDate": "2021-06-18",
      "sourceRows": 1,
      "ledgerReady": false,
      "investorTaxVerified": false,
      "state": "unresolved",
      "reason": "numeric_plan_conflict:dividCashPsBeforeTax",
      "sources": [
        {
          "requestId": "request-b90e6e8956084a839607c6ea8949b966",
          "rawSha256": "4509b7860a64b767332b5dba48ce32d330fde3e71619425a2af4c786f46f1293",
          "rowIndex": 0
        }
      ],
      "records": [
        {
          "raw": {
            "code": "sz.000060",
            "dividAgmPumDate": "2021-04-22",
            "dividCashPsAfterTax": "0.0755945或0.0839939",
            "dividCashPsBeforeTax": "0.083994",
            "dividCashStock": "10派0.839939元（含税，扣税后0.755945或0.839939元）",
            "dividOperateDate": "2021-06-18",
            "dividPayDate": "2021-06-18",
            "dividPlanAnnounceDate": "2021-03-31",
            "dividPlanDate": "2021-06-11",
            "dividPreNoticeDate": "",
            "dividRegistDate": "2021-06-17",
            "dividReserveToStockPs": "",
            "dividStockMarketDate": "",
            "dividStocksPs": "0.000000"
          },
          "source": {
            "requestId": "request-b90e6e8956084a839607c6ea8949b966",
            "rawSha256": "4509b7860a64b767332b5dba48ce32d330fde3e71619425a2af4c786f46f1293",
            "rowIndex": 0
          }
        }
      ]
    },
    {
      "code": "sz.000060",
      "exDate": "2022-06-14",
      "sourceRows": 1,
      "ledgerReady": false,
      "investorTaxVerified": false,
      "state": "unresolved",
      "reason": "numeric_plan_conflict:dividCashPsBeforeTax",
      "sources": [
        {
          "requestId": "request-db9573b70be445998eedc6d88e1bb5df",
          "rawSha256": "84547bf47bb9a5131fbb72edf48ff02b8c13dba45a83a6f1b06e0237cda71029",
          "rowIndex": 0
        }
      ],
      "records": [
        {
          "raw": {
            "code": "sz.000060",
            "dividAgmPumDate": "2022-04-20",
            "dividCashPsAfterTax": "0.085256或0.0947289",
            "dividCashPsBeforeTax": "0.094729",
            "dividCashStock": "10派0.947289元（含税，扣税后0.85256或0.947289元）",
            "dividOperateDate": "2022-06-14",
            "dividPayDate": "2022-06-14",
            "dividPlanAnnounceDate": "2022-03-29",
            "dividPlanDate": "2022-06-07",
            "dividPreNoticeDate": "",
            "dividRegistDate": "2022-06-13",
            "dividReserveToStockPs": "",
            "dividStockMarketDate": "",
            "dividStocksPs": "0.000000"
          },
          "source": {
            "requestId": "request-db9573b70be445998eedc6d88e1bb5df",
            "rawSha256": "84547bf47bb9a5131fbb72edf48ff02b8c13dba45a83a6f1b06e0237cda71029",
            "rowIndex": 0
          }
        }
      ]
    },
    {
      "code": "sz.000060",
      "exDate": "2023-06-28",
      "sourceRows": 1,
      "ledgerReady": false,
      "investorTaxVerified": false,
      "state": "unresolved",
      "reason": "numeric_plan_conflict:dividCashPsBeforeTax",
      "sources": [
        {
          "requestId": "request-6da59164447648a5b8e97a1842bfe0eb",
          "rawSha256": "64163e20c58d36eb61fdf7ccdfeb792f1016154f2b4097a6b683b31d450aa34e",
          "rowIndex": 0
        }
      ],
      "records": [
        {
          "raw": {
            "code": "sz.000060",
            "dividAgmPumDate": "2023-05-09",
            "dividCashPsAfterTax": "0.0899999或0.0999999",
            "dividCashPsBeforeTax": "0.1",
            "dividCashStock": "10派0.999999元（含税，扣税后0.899999或0.999999元）",
            "dividOperateDate": "2023-06-28",
            "dividPayDate": "2023-06-28",
            "dividPlanAnnounceDate": "2023-04-10",
            "dividPlanDate": "2023-06-16",
            "dividPreNoticeDate": "",
            "dividRegistDate": "2023-06-27",
            "dividReserveToStockPs": "",
            "dividStockMarketDate": "",
            "dividStocksPs": "0.000000"
          },
          "source": {
            "requestId": "request-6da59164447648a5b8e97a1842bfe0eb",
            "rawSha256": "64163e20c58d36eb61fdf7ccdfeb792f1016154f2b4097a6b683b31d450aa34e",
            "rowIndex": 0
          }
        }
      ]
    },
    {
      "code": "sz.000065",
      "exDate": "2021-06-25",
      "sourceRows": 1,
      "ledgerReady": false,
      "investorTaxVerified": false,
      "state": "unresolved",
      "reason": "numeric_plan_conflict:dividCashPsBeforeTax",
      "sources": [
        {
          "requestId": "request-724e93ea7c294740bc994599245f5860",
          "rawSha256": "6651b0196707a9366b72e86fac5ba8e302b9b8eec7163ff391e69059bb7dc59e",
          "rowIndex": 0
        }
      ],
      "records": [
        {
          "raw": {
            "code": "sz.000065",
            "dividAgmPumDate": "2021-04-28",
            "dividCashPsAfterTax": "0.087636或0.0973733",
            "dividCashPsBeforeTax": "0.097373",
            "dividCashStock": "10派0.973733元（含税，扣税后0.87636或0.973733元）",
            "dividOperateDate": "2021-06-25",
            "dividPayDate": "2021-06-25",
            "dividPlanAnnounceDate": "2021-03-31",
            "dividPlanDate": "2021-06-21",
            "dividPreNoticeDate": "",
            "dividRegistDate": "2021-06-24",
            "dividReserveToStockPs": "",
            "dividStockMarketDate": "",
            "dividStocksPs": "0.000000"
          },
          "source": {
            "requestId": "request-724e93ea7c294740bc994599245f5860",
            "rawSha256": "6651b0196707a9366b72e86fac5ba8e302b9b8eec7163ff391e69059bb7dc59e",
            "rowIndex": 0
          }
        }
      ]
    },
    {
      "code": "sz.000065",
      "exDate": "2022-07-11",
      "sourceRows": 1,
      "ledgerReady": false,
      "investorTaxVerified": false,
      "state": "unresolved",
      "reason": "numeric_plan_conflict:dividCashPsBeforeTax",
      "sources": [
        {
          "requestId": "request-0bbfb4e5222b40058b5270603b646509",
          "rawSha256": "3dcd49cf3527f8d9390a29a30ee81ae9d60be54ee3d2284eeefd5eca27f64284",
          "rowIndex": 0
        }
      ],
      "records": [
        {
          "raw": {
            "code": "sz.000065",
            "dividAgmPumDate": "2022-05-25",
            "dividCashPsAfterTax": "0.0560429或0.0622699",
            "dividCashPsBeforeTax": "0.06227",
            "dividCashStock": "10派0.622699元（含税，扣税后0.560429或0.622699元）",
            "dividOperateDate": "2022-07-11",
            "dividPayDate": "2022-07-11",
            "dividPlanAnnounceDate": "2022-04-30",
            "dividPlanDate": "2022-07-05",
            "dividPreNoticeDate": "",
            "dividRegistDate": "2022-07-08",
            "dividReserveToStockPs": "",
            "dividStockMarketDate": "",
            "dividStocksPs": "0.000000"
          },
          "source": {
            "requestId": "request-0bbfb4e5222b40058b5270603b646509",
            "rawSha256": "3dcd49cf3527f8d9390a29a30ee81ae9d60be54ee3d2284eeefd5eca27f64284",
            "rowIndex": 0
          }
        }
      ]
    },
    {
      "code": "sz.000065",
      "exDate": "2023-07-07",
      "sourceRows": 1,
      "ledgerReady": false,
      "investorTaxVerified": false,
      "state": "unresolved",
      "reason": "numeric_plan_conflict:dividCashPsBeforeTax",
      "sources": [
        {
          "requestId": "request-ae2858ed55664a609e0a8a8d50704e10",
          "rawSha256": "2adead94a3984fd3f46a9ba2ac83c49af1aec13afcd64cd35b0063c3b76ceebe",
          "rowIndex": 0
        }
      ],
      "records": [
        {
          "raw": {
            "code": "sz.000065",
            "dividAgmPumDate": "2023-05-17",
            "dividCashPsAfterTax": "0.0571403或0.0634892",
            "dividCashPsBeforeTax": "0.063489",
            "dividCashStock": "10派0.634892元（含税，扣税后0.571403或0.634892元）",
            "dividOperateDate": "2023-07-07",
            "dividPayDate": "2023-07-07",
            "dividPlanAnnounceDate": "2023-04-25",
            "dividPlanDate": "2023-07-01",
            "dividPreNoticeDate": "",
            "dividRegistDate": "2023-07-06",
            "dividReserveToStockPs": "",
            "dividStockMarketDate": "",
            "dividStocksPs": "0.000000"
          },
          "source": {
            "requestId": "request-ae2858ed55664a609e0a8a8d50704e10",
            "rawSha256": "2adead94a3984fd3f46a9ba2ac83c49af1aec13afcd64cd35b0063c3b76ceebe",
            "rowIndex": 0
          }
        }
      ]
    },
    {
      "code": "sz.000065",
      "exDate": "2024-06-21",
      "sourceRows": 1,
      "ledgerReady": false,
      "investorTaxVerified": false,
      "state": "unresolved",
      "reason": "numeric_plan_conflict:dividCashPsBeforeTax",
      "sources": [
        {
          "requestId": "request-11a3c46bf78642ffae1914d204e9b40e",
          "rawSha256": "a76973ae10774c36462e0a941e1ac2ed346532f4c90963390586e08eb94254b1",
          "rowIndex": 0
        }
      ],
      "records": [
        {
          "raw": {
            "code": "sz.000065",
            "dividAgmPumDate": "2024-04-24",
            "dividCashPsAfterTax": "0.0827791或0.0919768",
            "dividCashPsBeforeTax": "0.091977",
            "dividCashStock": "10派0.919768元（含税，扣税后0.827791或0.919768元）",
            "dividOperateDate": "2024-06-21",
            "dividPayDate": "2024-06-21",
            "dividPlanAnnounceDate": "2024-03-30",
            "dividPlanDate": "2024-06-14",
            "dividPreNoticeDate": "",
            "dividRegistDate": "2024-06-20",
            "dividReserveToStockPs": "",
            "dividStockMarketDate": "",
            "dividStocksPs": "0.000000"
          },
          "source": {
            "requestId": "request-11a3c46bf78642ffae1914d204e9b40e",
            "rawSha256": "a76973ae10774c36462e0a941e1ac2ed346532f4c90963390586e08eb94254b1",
            "rowIndex": 0
          }
        }
      ]
    },
    {
      "code": "sz.000065",
      "exDate": "2025-06-23",
      "sourceRows": 1,
      "ledgerReady": false,
      "investorTaxVerified": false,
      "state": "unresolved",
      "reason": "numeric_plan_conflict:dividCashPsBeforeTax",
      "sources": [
        {
          "requestId": "request-e515f9bdf5494658990268e03013efb1",
          "rawSha256": "57154ffe77211f264c8a472baa06351811d98c5c271d906d7c34c34603892f77",
          "rowIndex": 0
        }
      ],
      "records": [
        {
          "raw": {
            "code": "sz.000065",
            "dividAgmPumDate": "2025-04-25",
            "dividCashPsAfterTax": "0.1331075或0.1478972",
            "dividCashPsBeforeTax": "0.147897",
            "dividCashStock": "10派1.478972元（含税，扣税后1.331075或1.478972元）",
            "dividOperateDate": "2025-06-23",
            "dividPayDate": "2025-06-23",
            "dividPlanAnnounceDate": "2025-04-01",
            "dividPlanDate": "2025-06-17",
            "dividPreNoticeDate": "",
            "dividRegistDate": "2025-06-20",
            "dividReserveToStockPs": "",
            "dividStockMarketDate": "",
            "dividStocksPs": "0.000000"
          },
          "source": {
            "requestId": "request-e515f9bdf5494658990268e03013efb1",
            "rawSha256": "57154ffe77211f264c8a472baa06351811d98c5c271d906d7c34c34603892f77",
            "rowIndex": 0
          }
        }
      ]
    },
    {
      "code": "sz.000066",
      "exDate": "2021-07-16",
      "sourceRows": 1,
      "ledgerReady": false,
      "investorTaxVerified": false,
      "state": "unresolved",
      "reason": "numeric_plan_conflict:dividCashPsBeforeTax",
      "sources": [
        {
          "requestId": "request-d5a8f5bb0ae841798864238fc2f569d3",
          "rawSha256": "a9f56f10fbdc46d76e9f141a1e94cef63c9f3107a1c4fcba564d7670f83c0913",
          "rowIndex": 0
        }
      ],
      "records": [
        {
          "raw": {
            "code": "sz.000066",
            "dividAgmPumDate": "2021-05-22",
            "dividCashPsAfterTax": "0.0778376或0.0864862",
            "dividCashPsBeforeTax": "0.086486",
            "dividCashStock": "10派0.864862元（含税，扣税后0.778376或0.864862元）",
            "dividOperateDate": "2021-07-16",
            "dividPayDate": "2021-07-16",
            "dividPlanAnnounceDate": "2021-04-30",
            "dividPlanDate": "2021-07-09",
            "dividPreNoticeDate": "",
            "dividRegistDate": "2021-07-15",
            "dividReserveToStockPs": "",
            "dividStockMarketDate": "",
            "dividStocksPs": "0.000000"
          },
          "source": {
            "requestId": "request-d5a8f5bb0ae841798864238fc2f569d3",
            "rawSha256": "a9f56f10fbdc46d76e9f141a1e94cef63c9f3107a1c4fcba564d7670f83c0913",
            "rowIndex": 0
          }
        }
      ]
    },
    {
      "code": "sz.000333",
      "exDate": "2021-06-02",
      "sourceRows": 1,
      "ledgerReady": false,
      "investorTaxVerified": false,
      "state": "unresolved",
      "reason": "numeric_plan_conflict:dividCashPsBeforeTax",
      "sources": [
        {
          "requestId": "request-ae1add60a36844678d1659f9fa873cfb",
          "rawSha256": "37a6b45dc6556fa7a5b5c4226f79451dbafeb1e4af05ce3c0ee2fb19413cf9a5",
          "rowIndex": 0
        }
      ],
      "records": [
        {
          "raw": {
            "code": "sz.000333",
            "dividAgmPumDate": "2021-05-22",
            "dividCashPsAfterTax": "1.4405262或1.6005847",
            "dividCashPsBeforeTax": "1.600585",
            "dividCashStock": "10派16.005847元（含税，扣税后14.405262或16.005847元）",
            "dividOperateDate": "2021-06-02",
            "dividPayDate": "2021-06-02",
            "dividPlanAnnounceDate": "2021-04-30",
            "dividPlanDate": "2021-05-26",
            "dividPreNoticeDate": "",
            "dividRegistDate": "2021-06-01",
            "dividReserveToStockPs": "",
            "dividStockMarketDate": "",
            "dividStocksPs": "0.000000"
          },
          "source": {
            "requestId": "request-ae1add60a36844678d1659f9fa873cfb",
            "rawSha256": "37a6b45dc6556fa7a5b5c4226f79451dbafeb1e4af05ce3c0ee2fb19413cf9a5",
            "rowIndex": 0
          }
        }
      ]
    },
    {
      "code": "sz.000333",
      "exDate": "2022-06-02",
      "sourceRows": 1,
      "ledgerReady": false,
      "investorTaxVerified": false,
      "state": "unresolved",
      "reason": "numeric_plan_conflict:dividCashPsBeforeTax",
      "sources": [
        {
          "requestId": "request-543672cee0d64337b6b4f13acf2674be",
          "rawSha256": "64d6283deea9bbb9ccc7aab8028ca25b390a13734d4a364bc589b984928b96cc",
          "rowIndex": 0
        }
      ],
      "records": [
        {
          "raw": {
            "code": "sz.000333",
            "dividAgmPumDate": "2022-05-21",
            "dividCashPsAfterTax": "1.5308049或1.7008943",
            "dividCashPsBeforeTax": "1.700894",
            "dividCashStock": "10派17.008943元（含税，扣税后15.308049或17.008943元）",
            "dividOperateDate": "2022-06-02",
            "dividPayDate": "2022-06-02",
            "dividPlanAnnounceDate": "2022-04-30",
            "dividPlanDate": "2022-05-27",
            "dividPreNoticeDate": "",
            "dividRegistDate": "2022-06-01",
            "dividReserveToStockPs": "",
            "dividStockMarketDate": "",
            "dividStocksPs": "0.000000"
          },
          "source": {
            "requestId": "request-543672cee0d64337b6b4f13acf2674be",
            "rawSha256": "64d6283deea9bbb9ccc7aab8028ca25b390a13734d4a364bc589b984928b96cc",
            "rowIndex": 0
          }
        }
      ]
    },
    {
      "code": "sz.000403",
      "exDate": "2023-07-20",
      "sourceRows": 1,
      "ledgerReady": false,
      "investorTaxVerified": false,
      "state": "unresolved",
      "reason": "numeric_plan_conflict:dividCashPsBeforeTax",
      "sources": [
        {
          "requestId": "request-c26b19ae1bd542c0b6ec4c59d5028eaf",
          "rawSha256": "65e98abc88db1c0411344fa1f07625f47c08ee886d411bcbbc6542dc5c34e61b",
          "rowIndex": 0
        }
      ],
      "records": [
        {
          "raw": {
            "code": "sz.000403",
            "dividAgmPumDate": "2023-05-23",
            "dividCashPsAfterTax": "0.0721936或0.0802151",
            "dividCashPsBeforeTax": "0.080215",
            "dividCashStock": "10派0.802151元（含税，扣税后0.721936或0.802151元）",
            "dividOperateDate": "2023-07-20",
            "dividPayDate": "2023-07-20",
            "dividPlanAnnounceDate": "2023-04-29",
            "dividPlanDate": "2023-07-14",
            "dividPreNoticeDate": "",
            "dividRegistDate": "2023-07-19",
            "dividReserveToStockPs": "",
            "dividStockMarketDate": "",
            "dividStocksPs": "0.000000"
          },
          "source": {
            "requestId": "request-c26b19ae1bd542c0b6ec4c59d5028eaf",
            "rawSha256": "65e98abc88db1c0411344fa1f07625f47c08ee886d411bcbbc6542dc5c34e61b",
            "rowIndex": 0
          }
        }
      ]
    },
    {
      "code": "sz.000403",
      "exDate": "2024-06-28",
      "sourceRows": 1,
      "ledgerReady": false,
      "investorTaxVerified": false,
      "state": "unresolved",
      "reason": "numeric_plan_conflict:dividCashPsBeforeTax",
      "sources": [
        {
          "requestId": "request-4136f4b6ab3d4ef0aee3d285bdf77f2b",
          "rawSha256": "6c17d80127870a58c141367c0af5436a8c05ebf16911d7ae65857b7ee6f258da",
          "rowIndex": 0
        }
      ],
      "records": [
        {
          "raw": {
            "code": "sz.000403",
            "dividAgmPumDate": "2024-05-22",
            "dividCashPsAfterTax": "0.1799367或0.1999297",
            "dividCashPsBeforeTax": "0.19993",
            "dividCashStock": "10派1.999297元（含税，扣税后1.799367或1.999297元）",
            "dividOperateDate": "2024-06-28",
            "dividPayDate": "2024-06-28",
            "dividPlanAnnounceDate": "2024-04-27",
            "dividPlanDate": "2024-06-22",
            "dividPreNoticeDate": "",
            "dividRegistDate": "2024-06-27",
            "dividReserveToStockPs": "",
            "dividStockMarketDate": "",
            "dividStocksPs": "0.000000"
          },
          "source": {
            "requestId": "request-4136f4b6ab3d4ef0aee3d285bdf77f2b",
            "rawSha256": "6c17d80127870a58c141367c0af5436a8c05ebf16911d7ae65857b7ee6f258da",
            "rowIndex": 0
          }
        }
      ]
    },
    {
      "code": "sz.000411",
      "exDate": "2022-06-17",
      "sourceRows": 1,
      "ledgerReady": false,
      "investorTaxVerified": false,
      "state": "unresolved",
      "reason": "numeric_plan_conflict:dividCashPsBeforeTax",
      "sources": [
        {
          "requestId": "request-31b6fbe4e4d04189814a869dbc33e273",
          "rawSha256": "aeede9a39c16bcf890bcf6be84a321c4752190f9da013c76eb8a7c0b0f08affb",
          "rowIndex": 0
        }
      ],
      "records": [
        {
          "raw": {
            "code": "sz.000411",
            "dividAgmPumDate": "2022-05-13",
            "dividCashPsAfterTax": "0.1799606或0.1999562",
            "dividCashPsBeforeTax": "0.199956",
            "dividCashStock": "10转2派1.999562元（含税，扣税后1.799606或1.999562元）",
            "dividOperateDate": "2022-06-17",
            "dividPayDate": "2022-06-17",
            "dividPlanAnnounceDate": "2022-04-20",
            "dividPlanDate": "2022-06-13",
            "dividPreNoticeDate": "",
            "dividRegistDate": "2022-06-16",
            "dividReserveToStockPs": "0.200000",
            "dividStockMarketDate": "2022-06-17",
            "dividStocksPs": "0.000000"
          },
          "source": {
            "requestId": "request-31b6fbe4e4d04189814a869dbc33e273",
            "rawSha256": "aeede9a39c16bcf890bcf6be84a321c4752190f9da013c76eb8a7c0b0f08affb",
            "rowIndex": 0
          }
        }
      ]
    },
    {
      "code": "sz.000411",
      "exDate": "2023-06-08",
      "sourceRows": 1,
      "ledgerReady": false,
      "investorTaxVerified": false,
      "state": "unresolved",
      "reason": "numeric_plan_conflict:dividCashPsBeforeTax",
      "sources": [
        {
          "requestId": "request-aa136310e53a443482a0d676cf7be4cc",
          "rawSha256": "e5754be6c14b7d8981194fe97872240877af033a2f82be1ab7a1159bbc1c3638",
          "rowIndex": 0
        }
      ],
      "records": [
        {
          "raw": {
            "code": "sz.000411",
            "dividAgmPumDate": "2023-05-20",
            "dividCashPsAfterTax": "0.1134215或0.1260239",
            "dividCashPsBeforeTax": "0.126024",
            "dividCashStock": "10派1.260239元（含税，扣税后1.134215或1.260239元）",
            "dividOperateDate": "2023-06-08",
            "dividPayDate": "2023-06-08",
            "dividPlanAnnounceDate": "2023-04-29",
            "dividPlanDate": "2023-06-01",
            "dividPreNoticeDate": "",
            "dividRegistDate": "2023-06-07",
            "dividReserveToStockPs": "",
            "dividStockMarketDate": "",
            "dividStocksPs": "0.000000"
          },
          "source": {
            "requestId": "request-aa136310e53a443482a0d676cf7be4cc",
            "rawSha256": "e5754be6c14b7d8981194fe97872240877af033a2f82be1ab7a1159bbc1c3638",
            "rowIndex": 0
          }
        }
      ]
    },
    {
      "code": "sz.000411",
      "exDate": "2025-06-05",
      "sourceRows": 1,
      "ledgerReady": false,
      "investorTaxVerified": false,
      "state": "unresolved",
      "reason": "numeric_plan_conflict:dividCashPsBeforeTax",
      "sources": [
        {
          "requestId": "request-9c299872f68c412c902bfbb47eb84842",
          "rawSha256": "7588fcec4fd80819edcbd595e877fedc212b76540bdf07c66b30a719ae396645",
          "rowIndex": 0
        }
      ],
      "records": [
        {
          "raw": {
            "code": "sz.000411",
            "dividAgmPumDate": "2025-05-17",
            "dividCashPsAfterTax": "0.3448985或0.3832206",
            "dividCashPsBeforeTax": "0.383221",
            "dividCashStock": "10派3.832206元（含税，扣税后3.448985或3.832206元）",
            "dividOperateDate": "2025-06-05",
            "dividPayDate": "2025-06-05",
            "dividPlanAnnounceDate": "2025-04-25",
            "dividPlanDate": "2025-05-28",
            "dividPreNoticeDate": "",
            "dividRegistDate": "2025-06-04",
            "dividReserveToStockPs": "",
            "dividStockMarketDate": "",
            "dividStocksPs": "0.000000"
          },
          "source": {
            "requestId": "request-9c299872f68c412c902bfbb47eb84842",
            "rawSha256": "7588fcec4fd80819edcbd595e877fedc212b76540bdf07c66b30a719ae396645",
            "rowIndex": 0
          }
        }
      ]
    },
    {
      "code": "sz.000423",
      "exDate": "2021-08-20",
      "sourceRows": 1,
      "ledgerReady": false,
      "investorTaxVerified": false,
      "state": "unresolved",
      "reason": "numeric_plan_conflict:dividCashPsBeforeTax",
      "sources": [
        {
          "requestId": "request-9ce5b11308f54fbca04dda2bd21b3ad0",
          "rawSha256": "a1342f1fa5c3c96c8065790a49de1ce73c21d55fae498d9fbe0ee02efa16b3a7",
          "rowIndex": 0
        }
      ],
      "records": [
        {
          "raw": {
            "code": "sz.000423",
            "dividAgmPumDate": "2021-06-30",
            "dividCashPsAfterTax": "0.2742114或0.3046793",
            "dividCashPsBeforeTax": "0.304679",
            "dividCashStock": "10派3.046793元（含税，扣税后2.742114或3.046793元）",
            "dividOperateDate": "2021-08-20",
            "dividPayDate": "2021-08-20",
            "dividPlanAnnounceDate": "2021-03-20",
            "dividPlanDate": "2021-08-14",
            "dividPreNoticeDate": "",
            "dividRegistDate": "2021-08-19",
            "dividReserveToStockPs": "",
            "dividStockMarketDate": "",
            "dividStocksPs": "0.000000"
          },
          "source": {
            "requestId": "request-9ce5b11308f54fbca04dda2bd21b3ad0",
            "rawSha256": "a1342f1fa5c3c96c8065790a49de1ce73c21d55fae498d9fbe0ee02efa16b3a7",
            "rowIndex": 0
          }
        }
      ]
    },
    {
      "code": "sz.000423",
      "exDate": "2022-08-23",
      "sourceRows": 1,
      "ledgerReady": false,
      "investorTaxVerified": false,
      "state": "unresolved",
      "reason": "numeric_plan_conflict:dividCashPsBeforeTax",
      "sources": [
        {
          "requestId": "request-78f3ab150ced4a629fff643656b1e501",
          "rawSha256": "153350ae3e58a6465befb3ecfb68f01db37dc0e2746a44c261f133d7e9c510b1",
          "rowIndex": 0
        }
      ],
      "records": [
        {
          "raw": {
            "code": "sz.000423",
            "dividAgmPumDate": "2022-06-30",
            "dividCashPsAfterTax": "0.5941247或0.6601386",
            "dividCashPsBeforeTax": "0.660139",
            "dividCashStock": "10派6.601386元（含税，扣税后5.941247或6.601386元）",
            "dividOperateDate": "2022-08-23",
            "dividPayDate": "2022-08-23",
            "dividPlanAnnounceDate": "2022-03-26",
            "dividPlanDate": "2022-08-17",
            "dividPreNoticeDate": "",
            "dividRegistDate": "2022-08-22",
            "dividReserveToStockPs": "",
            "dividStockMarketDate": "",
            "dividStocksPs": "0.000000"
          },
          "source": {
            "requestId": "request-78f3ab150ced4a629fff643656b1e501",
            "rawSha256": "153350ae3e58a6465befb3ecfb68f01db37dc0e2746a44c261f133d7e9c510b1",
            "rowIndex": 0
          }
        }
      ]
    },
    {
      "code": "sz.000423",
      "exDate": "2023-06-21",
      "sourceRows": 1,
      "ledgerReady": false,
      "investorTaxVerified": false,
      "state": "unresolved",
      "reason": "numeric_plan_conflict:dividCashPsBeforeTax",
      "sources": [
        {
          "requestId": "request-7d38b6845606451683069802d89e2b2a",
          "rawSha256": "538ca226012bf78b2f2a56e94ca247395e75c85330c6b906438dc1bfe7a71611",
          "rowIndex": 0
        }
      ],
      "records": [
        {
          "raw": {
            "code": "sz.000423",
            "dividAgmPumDate": "2023-05-24",
            "dividCashPsAfterTax": "1.0602842或1.1780936",
            "dividCashPsBeforeTax": "1.178094",
            "dividCashStock": "10派11.780936元（含税，扣税后10.602842或11.780936元）",
            "dividOperateDate": "2023-06-21",
            "dividPayDate": "2023-06-21",
            "dividPlanAnnounceDate": "2023-03-25",
            "dividPlanDate": "2023-06-15",
            "dividPreNoticeDate": "",
            "dividRegistDate": "2023-06-20",
            "dividReserveToStockPs": "",
            "dividStockMarketDate": "",
            "dividStocksPs": "0.000000"
          },
          "source": {
            "requestId": "request-7d38b6845606451683069802d89e2b2a",
            "rawSha256": "538ca226012bf78b2f2a56e94ca247395e75c85330c6b906438dc1bfe7a71611",
            "rowIndex": 0
          }
        }
      ]
    },
    {
      "code": "sz.000423",
      "exDate": "2024-06-12",
      "sourceRows": 1,
      "ledgerReady": false,
      "investorTaxVerified": false,
      "state": "unresolved",
      "reason": "numeric_plan_conflict:dividCashPsBeforeTax",
      "sources": [
        {
          "requestId": "request-a68ca1b207a54da28faa21550a4ed0e3",
          "rawSha256": "587011b015d5f9d2118a3c96573c9c92efed2512c5b04ea2fc752db2b056f873",
          "rowIndex": 0
        }
      ],
      "records": [
        {
          "raw": {
            "code": "sz.000423",
            "dividAgmPumDate": "2024-05-24",
            "dividCashPsAfterTax": "1.6057712或1.7841902",
            "dividCashPsBeforeTax": "1.78419",
            "dividCashStock": "10派17.841902元（含税，扣税后16.057712或17.841902元）",
            "dividOperateDate": "2024-06-12",
            "dividPayDate": "2024-06-12",
            "dividPlanAnnounceDate": "2024-03-22",
            "dividPlanDate": "2024-06-04",
            "dividPreNoticeDate": "",
            "dividRegistDate": "2024-06-11",
            "dividReserveToStockPs": "",
            "dividStockMarketDate": "",
            "dividStocksPs": "0.000000"
          },
          "source": {
            "requestId": "request-a68ca1b207a54da28faa21550a4ed0e3",
            "rawSha256": "587011b015d5f9d2118a3c96573c9c92efed2512c5b04ea2fc752db2b056f873",
            "rowIndex": 0
          }
        }
      ]
    },
    {
      "code": "sz.000423",
      "exDate": "2025-06-05",
      "sourceRows": 1,
      "ledgerReady": false,
      "investorTaxVerified": false,
      "state": "unresolved",
      "reason": "numeric_plan_conflict:dividCashPsBeforeTax",
      "sources": [
        {
          "requestId": "request-a7f59d69fc8a4198b27c483bd0853217",
          "rawSha256": "874b2c8b78433ec65f0f5e51c456dc293563a303e13e3704837f9b13ad70ed4a",
          "rowIndex": 0
        }
      ],
      "records": [
        {
          "raw": {
            "code": "sz.000423",
            "dividAgmPumDate": "2025-05-21",
            "dividCashPsAfterTax": "1.1456906或1.2729896",
            "dividCashPsBeforeTax": "1.27299",
            "dividCashStock": "10派12.729896元（含税，扣税后11.456906或12.729896元）",
            "dividOperateDate": "2025-06-05",
            "dividPayDate": "2025-06-05",
            "dividPlanAnnounceDate": "2025-03-18",
            "dividPlanDate": "2025-05-27",
            "dividPreNoticeDate": "",
            "dividRegistDate": "2025-06-04",
            "dividReserveToStockPs": "",
            "dividStockMarketDate": "",
            "dividStocksPs": "0.000000"
          },
          "source": {
            "requestId": "request-a7f59d69fc8a4198b27c483bd0853217",
            "rawSha256": "874b2c8b78433ec65f0f5e51c456dc293563a303e13e3704837f9b13ad70ed4a",
            "rowIndex": 0
          }
        }
      ]
    },
    {
      "code": "sz.000498",
      "exDate": "2022-06-29",
      "sourceRows": 1,
      "ledgerReady": false,
      "investorTaxVerified": false,
      "state": "unresolved",
      "reason": "numeric_plan_conflict:dividCashPsBeforeTax",
      "sources": [
        {
          "requestId": "request-bbf9d18079124f6abcb512b4acb38329",
          "rawSha256": "61235dac18b1162dd2928367f8bbfb169d0f10871cc7c2e83a1fb7164aa076e3",
          "rowIndex": 0
        }
      ],
      "records": [
        {
          "raw": {
            "code": "sz.000498",
            "dividAgmPumDate": "2022-05-18",
            "dividCashPsAfterTax": "0.1124614或0.1249571",
            "dividCashPsBeforeTax": "0.124957",
            "dividCashStock": "10派1.249571元（含税，扣税后1.124614或1.249571元）",
            "dividOperateDate": "2022-06-29",
            "dividPayDate": "2022-06-29",
            "dividPlanAnnounceDate": "2022-04-26",
            "dividPlanDate": "2022-06-21",
            "dividPreNoticeDate": "",
            "dividRegistDate": "2022-06-28",
            "dividReserveToStockPs": "",
            "dividStockMarketDate": "",
            "dividStocksPs": "0.000000"
          },
          "source": {
            "requestId": "request-bbf9d18079124f6abcb512b4acb38329",
            "rawSha256": "61235dac18b1162dd2928367f8bbfb169d0f10871cc7c2e83a1fb7164aa076e3",
            "rowIndex": 0
          }
        }
      ]
    },
    {
      "code": "sz.000498",
      "exDate": "2024-07-16",
      "sourceRows": 1,
      "ledgerReady": false,
      "investorTaxVerified": false,
      "state": "unresolved",
      "reason": "numeric_plan_conflict:dividCashPsBeforeTax",
      "sources": [
        {
          "requestId": "request-91a6c871a4c14cd6a5a12afa1f871c64",
          "rawSha256": "8073333a47fca90e7711d0da40b8b2f570204b0a9b9eeb7d76422f01614f1de9",
          "rowIndex": 0
        }
      ],
      "records": [
        {
          "raw": {
            "code": "sz.000498",
            "dividAgmPumDate": "2024-05-22",
            "dividCashPsAfterTax": "0.1619999或0.1799999",
            "dividCashPsBeforeTax": "0.18",
            "dividCashStock": "10派1.799999元（含税，扣税后1.619999或1.799999元）",
            "dividOperateDate": "2024-07-16",
            "dividPayDate": "2024-07-16",
            "dividPlanAnnounceDate": "2024-04-15",
            "dividPlanDate": "2024-07-09",
            "dividPreNoticeDate": "",
            "dividRegistDate": "2024-07-15",
            "dividReserveToStockPs": "",
            "dividStockMarketDate": "",
            "dividStocksPs": "0.000000"
          },
          "source": {
            "requestId": "request-91a6c871a4c14cd6a5a12afa1f871c64",
            "rawSha256": "8073333a47fca90e7711d0da40b8b2f570204b0a9b9eeb7d76422f01614f1de9",
            "rowIndex": 0
          }
        }
      ]
    },
    {
      "code": "sz.000498",
      "exDate": "2024-10-23",
      "sourceRows": 1,
      "ledgerReady": false,
      "investorTaxVerified": false,
      "state": "unresolved",
      "reason": "numeric_plan_conflict:dividCashPsBeforeTax",
      "sources": [
        {
          "requestId": "request-91a6c871a4c14cd6a5a12afa1f871c64",
          "rawSha256": "8073333a47fca90e7711d0da40b8b2f570204b0a9b9eeb7d76422f01614f1de9",
          "rowIndex": 1
        }
      ],
      "records": [
        {
          "raw": {
            "code": "sz.000498",
            "dividAgmPumDate": "",
            "dividCashPsAfterTax": "0.0179999或0.0199999",
            "dividCashPsBeforeTax": "0.02",
            "dividCashStock": "10派0.199999元（含税，扣税后0.179999或0.199999元）",
            "dividOperateDate": "2024-10-23",
            "dividPayDate": "2024-10-23",
            "dividPlanAnnounceDate": "2024-08-29",
            "dividPlanDate": "2024-10-17",
            "dividPreNoticeDate": "",
            "dividRegistDate": "2024-10-22",
            "dividReserveToStockPs": "",
            "dividStockMarketDate": "",
            "dividStocksPs": "0.000000"
          },
          "source": {
            "requestId": "request-91a6c871a4c14cd6a5a12afa1f871c64",
            "rawSha256": "8073333a47fca90e7711d0da40b8b2f570204b0a9b9eeb7d76422f01614f1de9",
            "rowIndex": 1
          }
        }
      ]
    },
    {
      "code": "sz.000498",
      "exDate": "2024-12-25",
      "sourceRows": 1,
      "ledgerReady": false,
      "investorTaxVerified": false,
      "state": "unresolved",
      "reason": "numeric_plan_conflict:dividCashPsBeforeTax",
      "sources": [
        {
          "requestId": "request-91a6c871a4c14cd6a5a12afa1f871c64",
          "rawSha256": "8073333a47fca90e7711d0da40b8b2f570204b0a9b9eeb7d76422f01614f1de9",
          "rowIndex": 2
        }
      ],
      "records": [
        {
          "raw": {
            "code": "sz.000498",
            "dividAgmPumDate": "",
            "dividCashPsAfterTax": "0.0089999或0.0099999",
            "dividCashPsBeforeTax": "0.01",
            "dividCashStock": "10派0.099999元（含税，扣税后0.089999或0.099999元）",
            "dividOperateDate": "2024-12-25",
            "dividPayDate": "2024-12-25",
            "dividPlanAnnounceDate": "2024-10-30",
            "dividPlanDate": "2024-12-19",
            "dividPreNoticeDate": "",
            "dividRegistDate": "2024-12-24",
            "dividReserveToStockPs": "",
            "dividStockMarketDate": "",
            "dividStocksPs": "0.000000"
          },
          "source": {
            "requestId": "request-91a6c871a4c14cd6a5a12afa1f871c64",
            "rawSha256": "8073333a47fca90e7711d0da40b8b2f570204b0a9b9eeb7d76422f01614f1de9",
            "rowIndex": 2
          }
        }
      ]
    },
    {
      "code": "sz.000507",
      "exDate": "2021-06-29",
      "sourceRows": 1,
      "ledgerReady": false,
      "investorTaxVerified": false,
      "state": "unresolved",
      "reason": "numeric_plan_conflict:dividCashPsBeforeTax",
      "sources": [
        {
          "requestId": "request-c549498134ba44248c65b34f1d9af2e0",
          "rawSha256": "fc0c27fe4e7ddc523a8cdc83bc70b33fcd44c7c7a0c4c060e58ef344fe05eb43",
          "rowIndex": 0
        }
      ],
      "records": [
        {
          "raw": {
            "code": "sz.000507",
            "dividAgmPumDate": "2021-06-17",
            "dividCashPsAfterTax": "0.0544585或0.0605094",
            "dividCashPsBeforeTax": "0.060509",
            "dividCashStock": "10派0.605094元（含税，扣税后0.544585或0.605094元）",
            "dividOperateDate": "2021-06-29",
            "dividPayDate": "2021-06-29",
            "dividPlanAnnounceDate": "2021-04-17",
            "dividPlanDate": "2021-06-22",
            "dividPreNoticeDate": "",
            "dividRegistDate": "2021-06-28",
            "dividReserveToStockPs": "",
            "dividStockMarketDate": "",
            "dividStocksPs": "0.000000"
          },
          "source": {
            "requestId": "request-c549498134ba44248c65b34f1d9af2e0",
            "rawSha256": "fc0c27fe4e7ddc523a8cdc83bc70b33fcd44c7c7a0c4c060e58ef344fe05eb43",
            "rowIndex": 0
          }
        }
      ]
    },
    {
      "code": "sz.000507",
      "exDate": "2023-06-27",
      "sourceRows": 1,
      "ledgerReady": false,
      "investorTaxVerified": false,
      "state": "unresolved",
      "reason": "numeric_plan_conflict:dividCashPsBeforeTax",
      "sources": [
        {
          "requestId": "request-ef1e928c988544cd94b723d2f8872608",
          "rawSha256": "968679a9cb30e0af0e9045d8b550e71ca82737d78ea905f517e4c89743a68e9a",
          "rowIndex": 0
        }
      ],
      "records": [
        {
          "raw": {
            "code": "sz.000507",
            "dividAgmPumDate": "2023-06-07",
            "dividCashPsAfterTax": "0.0636892或0.0707658",
            "dividCashPsBeforeTax": "0.070766",
            "dividCashStock": "10派0.707658元（含税，扣税后0.636892或0.707658元）",
            "dividOperateDate": "2023-06-27",
            "dividPayDate": "2023-06-27",
            "dividPlanAnnounceDate": "2023-04-27",
            "dividPlanDate": "2023-06-16",
            "dividPreNoticeDate": "",
            "dividRegistDate": "2023-06-26",
            "dividReserveToStockPs": "",
            "dividStockMarketDate": "",
            "dividStocksPs": "0.000000"
          },
          "source": {
            "requestId": "request-ef1e928c988544cd94b723d2f8872608",
            "rawSha256": "968679a9cb30e0af0e9045d8b550e71ca82737d78ea905f517e4c89743a68e9a",
            "rowIndex": 0
          }
        }
      ]
    },
    {
      "code": "sz.000528",
      "exDate": "2025-06-26",
      "sourceRows": 1,
      "ledgerReady": false,
      "investorTaxVerified": false,
      "state": "unresolved",
      "reason": "numeric_plan_conflict:dividCashPsBeforeTax",
      "sources": [
        {
          "requestId": "request-6cc81155f4f145c492d0d9dab7a1e63b",
          "rawSha256": "7961e6e3f98dc391ecf715dc608752282a735e8acfde69186a62d2ab1fd3e45f",
          "rowIndex": 0
        }
      ],
      "records": [
        {
          "raw": {
            "code": "sz.000528",
            "dividAgmPumDate": "2025-05-21",
            "dividCashPsAfterTax": "0.2456996或0.2729996",
            "dividCashPsBeforeTax": "0.273",
            "dividCashStock": "10派2.729996元（含税，扣税后2.456996或2.729996元）",
            "dividOperateDate": "2025-06-26",
            "dividPayDate": "2025-06-26",
            "dividPlanAnnounceDate": "2025-03-29",
            "dividPlanDate": "2025-06-19",
            "dividPreNoticeDate": "",
            "dividRegistDate": "2025-06-25",
            "dividReserveToStockPs": "",
            "dividStockMarketDate": "",
            "dividStocksPs": "0.000000"
          },
          "source": {
            "requestId": "request-6cc81155f4f145c492d0d9dab7a1e63b",
            "rawSha256": "7961e6e3f98dc391ecf715dc608752282a735e8acfde69186a62d2ab1fd3e45f",
            "rowIndex": 0
          }
        }
      ]
    },
    {
      "code": "sz.000547",
      "exDate": "2023-06-30",
      "sourceRows": 1,
      "ledgerReady": false,
      "investorTaxVerified": false,
      "state": "unresolved",
      "reason": "numeric_plan_conflict:dividCashPsBeforeTax",
      "sources": [
        {
          "requestId": "request-fe099a1ba32a4304aa51618ba328eae1",
          "rawSha256": "6a53321753e63ce150fb14a870f181f777d0039e4d83ede75f4c6c24c4a87384",
          "rowIndex": 0
        }
      ],
      "records": [
        {
          "raw": {
            "code": "sz.000547",
            "dividAgmPumDate": "2023-06-17",
            "dividCashPsAfterTax": "0.0316028或0.0351142",
            "dividCashPsBeforeTax": "0.035114",
            "dividCashStock": "10派0.351142元（含税，扣税后0.316028或0.351142元）",
            "dividOperateDate": "2023-06-30",
            "dividPayDate": "2023-06-30",
            "dividPlanAnnounceDate": "2023-04-22",
            "dividPlanDate": "2023-06-22",
            "dividPreNoticeDate": "",
            "dividRegistDate": "2023-06-29",
            "dividReserveToStockPs": "",
            "dividStockMarketDate": "",
            "dividStocksPs": "0.000000"
          },
          "source": {
            "requestId": "request-fe099a1ba32a4304aa51618ba328eae1",
            "rawSha256": "6a53321753e63ce150fb14a870f181f777d0039e4d83ede75f4c6c24c4a87384",
            "rowIndex": 0
          }
        }
      ]
    },
    {
      "code": "sz.000552",
      "exDate": "2024-06-21",
      "sourceRows": 1,
      "ledgerReady": false,
      "investorTaxVerified": false,
      "state": "unresolved",
      "reason": "numeric_plan_conflict:dividCashPsBeforeTax",
      "sources": [
        {
          "requestId": "request-ba43dbf81dcc4d0a858e3b39dd79fdb4",
          "rawSha256": "b67088bac7e47b8c124457be85248a8f457a95537e78566724e1facb15c4356b",
          "rowIndex": 0
        }
      ],
      "records": [
        {
          "raw": {
            "code": "sz.000552",
            "dividAgmPumDate": "2024-05-09",
            "dividCashPsAfterTax": "0.0899999或0.0999999",
            "dividCashPsBeforeTax": "0.1",
            "dividCashStock": "10派0.999999元（含税，扣税后0.899999或0.999999元）",
            "dividOperateDate": "2024-06-21",
            "dividPayDate": "2024-06-21",
            "dividPlanAnnounceDate": "2024-04-16",
            "dividPlanDate": "2024-06-17",
            "dividPreNoticeDate": "",
            "dividRegistDate": "2024-06-20",
            "dividReserveToStockPs": "",
            "dividStockMarketDate": "",
            "dividStocksPs": "0.000000"
          },
          "source": {
            "requestId": "request-ba43dbf81dcc4d0a858e3b39dd79fdb4",
            "rawSha256": "b67088bac7e47b8c124457be85248a8f457a95537e78566724e1facb15c4356b",
            "rowIndex": 0
          }
        }
      ]
    },
    {
      "code": "sz.000555",
      "exDate": "2021-06-15",
      "sourceRows": 1,
      "ledgerReady": false,
      "investorTaxVerified": false,
      "state": "unresolved",
      "reason": "numeric_plan_conflict:dividCashPsBeforeTax",
      "sources": [
        {
          "requestId": "request-517f33b643d044a1ba33126a753a138d",
          "rawSha256": "745f1558cbf4341c5e84dd21667d1a20506a29ba4028a4dd6963651a4b11b4d8",
          "rowIndex": 0
        }
      ],
      "records": [
        {
          "raw": {
            "code": "sz.000555",
            "dividAgmPumDate": "2021-04-24",
            "dividCashPsAfterTax": "0.0449903或0.0499892",
            "dividCashPsBeforeTax": "0.049989",
            "dividCashStock": "10派0.499892元（含税，扣税后0.449903或0.499892元）",
            "dividOperateDate": "2021-06-15",
            "dividPayDate": "2021-06-15",
            "dividPlanAnnounceDate": "2021-03-31",
            "dividPlanDate": "2021-06-05",
            "dividPreNoticeDate": "",
            "dividRegistDate": "2021-06-11",
            "dividReserveToStockPs": "",
            "dividStockMarketDate": "",
            "dividStocksPs": "0.000000"
          },
          "source": {
            "requestId": "request-517f33b643d044a1ba33126a753a138d",
            "rawSha256": "745f1558cbf4341c5e84dd21667d1a20506a29ba4028a4dd6963651a4b11b4d8",
            "rowIndex": 0
          }
        }
      ]
    },
    {
      "code": "sz.000555",
      "exDate": "2022-06-13",
      "sourceRows": 1,
      "ledgerReady": false,
      "investorTaxVerified": false,
      "state": "unresolved",
      "reason": "numeric_plan_conflict:dividCashPsBeforeTax",
      "sources": [
        {
          "requestId": "request-0ed69a2ba9e34a6db7f8a453ade38095",
          "rawSha256": "a36bdd33973390844fdcac744f5a1acb699af0532cd6bf0e8a4871e5aa82f660",
          "rowIndex": 0
        }
      ],
      "records": [
        {
          "raw": {
            "code": "sz.000555",
            "dividAgmPumDate": "2022-04-21",
            "dividCashPsAfterTax": "0.03628161或0.0403129",
            "dividCashPsBeforeTax": "0.040313",
            "dividCashStock": "10派0.403129元（含税，扣税后0.3628161或0.403129元）",
            "dividOperateDate": "2022-06-13",
            "dividPayDate": "2022-06-13",
            "dividPlanAnnounceDate": "2022-03-31",
            "dividPlanDate": "2022-06-07",
            "dividPreNoticeDate": "",
            "dividRegistDate": "2022-06-10",
            "dividReserveToStockPs": "",
            "dividStockMarketDate": "",
            "dividStocksPs": "0.000000"
          },
          "source": {
            "requestId": "request-0ed69a2ba9e34a6db7f8a453ade38095",
            "rawSha256": "a36bdd33973390844fdcac744f5a1acb699af0532cd6bf0e8a4871e5aa82f660",
            "rowIndex": 0
          }
        }
      ]
    },
    {
      "code": "sz.000555",
      "exDate": "2024-06-14",
      "sourceRows": 1,
      "ledgerReady": false,
      "investorTaxVerified": false,
      "state": "unresolved",
      "reason": "numeric_plan_conflict:dividCashPsBeforeTax",
      "sources": [
        {
          "requestId": "request-15003c4eab7048619e881c61d31606d2",
          "rawSha256": "eadfd3b6d7d95f871b13e93b870ef1c41825a46023675236c681febb227001a5",
          "rowIndex": 0
        }
      ],
      "records": [
        {
          "raw": {
            "code": "sz.000555",
            "dividAgmPumDate": "2024-04-24",
            "dividCashPsAfterTax": "0.0288467或0.0320519",
            "dividCashPsBeforeTax": "0.032052",
            "dividCashStock": "10派0.320519元（含税，扣税后0.288467或0.320519元）",
            "dividOperateDate": "2024-06-14",
            "dividPayDate": "2024-06-14",
            "dividPlanAnnounceDate": "2024-03-29",
            "dividPlanDate": "2024-06-06",
            "dividPreNoticeDate": "",
            "dividRegistDate": "2024-06-13",
            "dividReserveToStockPs": "",
            "dividStockMarketDate": "",
            "dividStocksPs": "0.000000"
          },
          "source": {
            "requestId": "request-15003c4eab7048619e881c61d31606d2",
            "rawSha256": "eadfd3b6d7d95f871b13e93b870ef1c41825a46023675236c681febb227001a5",
            "rowIndex": 0
          }
        }
      ]
    },
    {
      "code": "sz.000576",
      "exDate": "2021-06-04",
      "sourceRows": 1,
      "ledgerReady": false,
      "investorTaxVerified": false,
      "state": "unresolved",
      "reason": "numeric_plan_conflict:dividCashPsBeforeTax",
      "sources": [
        {
          "requestId": "request-67f45a5353534d639ba3206f6c6a10b0",
          "rawSha256": "b5c56f847bac2079d0abab62c058355f9ff640c9873f01ed7d942792e2f7a7b0",
          "rowIndex": 0
        }
      ],
      "records": [
        {
          "raw": {
            "code": "sz.000576",
            "dividAgmPumDate": "2021-05-22",
            "dividCashPsAfterTax": "0.17838477或0.1982053",
            "dividCashPsBeforeTax": "0.198205",
            "dividCashStock": "10派1.982053元（含税，扣税后1.7838477或1.982053元）",
            "dividOperateDate": "2021-06-04",
            "dividPayDate": "2021-06-04",
            "dividPlanAnnounceDate": "2021-03-27",
            "dividPlanDate": "2021-05-28",
            "dividPreNoticeDate": "",
            "dividRegistDate": "2021-06-03",
            "dividReserveToStockPs": "",
            "dividStockMarketDate": "",
            "dividStocksPs": "0.000000"
          },
          "source": {
            "requestId": "request-67f45a5353534d639ba3206f6c6a10b0",
            "rawSha256": "b5c56f847bac2079d0abab62c058355f9ff640c9873f01ed7d942792e2f7a7b0",
            "rowIndex": 0
          }
        }
      ]
    },
    {
      "code": "sz.000582",
      "exDate": "2021-06-01",
      "sourceRows": 1,
      "ledgerReady": false,
      "investorTaxVerified": false,
      "state": "unresolved",
      "reason": "numeric_plan_conflict:dividCashPsBeforeTax",
      "sources": [
        {
          "requestId": "request-a67aa4b387a84cbd8d2d4f736367ea71",
          "rawSha256": "9c58bc410a61cf9a70675b09ebcae4a9b85399cdaebcc7abe3ebdd38f2f3fd5e",
          "rowIndex": 0
        }
      ],
      "records": [
        {
          "raw": {
            "code": "sz.000582",
            "dividAgmPumDate": "2021-05-21",
            "dividCashPsAfterTax": "0.1674778或0.1860864",
            "dividCashPsBeforeTax": "0.186086",
            "dividCashStock": "10派1.860864元（含税，扣税后1.674778或1.860864元）",
            "dividOperateDate": "2021-06-01",
            "dividPayDate": "2021-06-01",
            "dividPlanAnnounceDate": "2021-04-13",
            "dividPlanDate": "2021-05-26",
            "dividPreNoticeDate": "",
            "dividRegistDate": "2021-05-31",
            "dividReserveToStockPs": "",
            "dividStockMarketDate": "",
            "dividStocksPs": "0.000000"
          },
          "source": {
            "requestId": "request-a67aa4b387a84cbd8d2d4f736367ea71",
            "rawSha256": "9c58bc410a61cf9a70675b09ebcae4a9b85399cdaebcc7abe3ebdd38f2f3fd5e",
            "rowIndex": 0
          }
        }
      ]
    },
    {
      "code": "sz.000582",
      "exDate": "2024-06-06",
      "sourceRows": 1,
      "ledgerReady": false,
      "investorTaxVerified": false,
      "state": "unresolved",
      "reason": "numeric_plan_conflict:dividCashPsBeforeTax",
      "sources": [
        {
          "requestId": "request-c0e422ef28e3483db37f8b97b22afc24",
          "rawSha256": "85f88756b0d6942daeb25c1d9bc35c9317a58d138e4dff205d9bd09e0eb26811",
          "rowIndex": 0
        }
      ],
      "records": [
        {
          "raw": {
            "code": "sz.000582",
            "dividAgmPumDate": "2024-05-21",
            "dividCashPsAfterTax": "0.1757501或0.1952779",
            "dividCashPsBeforeTax": "0.195278",
            "dividCashStock": "10派1.952779元（含税，扣税后1.757501或1.952779元）",
            "dividOperateDate": "2024-06-06",
            "dividPayDate": "2024-06-06",
            "dividPlanAnnounceDate": "2024-04-30",
            "dividPlanDate": "2024-05-30",
            "dividPreNoticeDate": "",
            "dividRegistDate": "2024-06-05",
            "dividReserveToStockPs": "",
            "dividStockMarketDate": "",
            "dividStocksPs": "0.000000"
          },
          "source": {
            "requestId": "request-c0e422ef28e3483db37f8b97b22afc24",
            "rawSha256": "85f88756b0d6942daeb25c1d9bc35c9317a58d138e4dff205d9bd09e0eb26811",
            "rowIndex": 0
          }
        }
      ]
    },
    {
      "code": "sz.000582",
      "exDate": "2024-11-22",
      "sourceRows": 1,
      "ledgerReady": false,
      "investorTaxVerified": false,
      "state": "unresolved",
      "reason": "numeric_plan_conflict:dividCashPsBeforeTax",
      "sources": [
        {
          "requestId": "request-c0e422ef28e3483db37f8b97b22afc24",
          "rawSha256": "85f88756b0d6942daeb25c1d9bc35c9317a58d138e4dff205d9bd09e0eb26811",
          "rowIndex": 1
        }
      ],
      "records": [
        {
          "raw": {
            "code": "sz.000582",
            "dividAgmPumDate": "",
            "dividCashPsAfterTax": "0.1359004或0.1510004",
            "dividCashPsBeforeTax": "0.151",
            "dividCashStock": "10派1.510004元（含税，扣税后1.359004或1.510004元）",
            "dividOperateDate": "2024-11-22",
            "dividPayDate": "2024-11-22",
            "dividPlanAnnounceDate": "2024-10-25",
            "dividPlanDate": "2024-11-16",
            "dividPreNoticeDate": "",
            "dividRegistDate": "2024-11-21",
            "dividReserveToStockPs": "",
            "dividStockMarketDate": "",
            "dividStocksPs": "0.000000"
          },
          "source": {
            "requestId": "request-c0e422ef28e3483db37f8b97b22afc24",
            "rawSha256": "85f88756b0d6942daeb25c1d9bc35c9317a58d138e4dff205d9bd09e0eb26811",
            "rowIndex": 1
          }
        }
      ]
    },
    {
      "code": "sz.000582",
      "exDate": "2025-05-28",
      "sourceRows": 1,
      "ledgerReady": false,
      "investorTaxVerified": false,
      "state": "unresolved",
      "reason": "numeric_plan_conflict:dividCashPsBeforeTax",
      "sources": [
        {
          "requestId": "request-d9feb44fe2fd4a8fb3662d9f64a8d26d",
          "rawSha256": "d8c5af0273dc6ad8d6f657df5d4de9e8696c2bebda6eb7df511138e553013ef2",
          "rowIndex": 0
        }
      ],
      "records": [
        {
          "raw": {
            "code": "sz.000582",
            "dividAgmPumDate": "2025-05-16",
            "dividCashPsAfterTax": "0.0422999或0.0469999",
            "dividCashPsBeforeTax": "0.047",
            "dividCashStock": "10派0.469999元（含税，扣税后0.422999或0.469999元）",
            "dividOperateDate": "2025-05-28",
            "dividPayDate": "2025-05-28",
            "dividPlanAnnounceDate": "2025-04-25",
            "dividPlanDate": "2025-05-21",
            "dividPreNoticeDate": "",
            "dividRegistDate": "2025-05-27",
            "dividReserveToStockPs": "",
            "dividStockMarketDate": "",
            "dividStocksPs": "0.000000"
          },
          "source": {
            "requestId": "request-d9feb44fe2fd4a8fb3662d9f64a8d26d",
            "rawSha256": "d8c5af0273dc6ad8d6f657df5d4de9e8696c2bebda6eb7df511138e553013ef2",
            "rowIndex": 0
          }
        }
      ]
    },
    {
      "code": "sz.000591",
      "exDate": "2025-07-11",
      "sourceRows": 1,
      "ledgerReady": false,
      "investorTaxVerified": false,
      "state": "unresolved",
      "reason": "numeric_plan_conflict:dividCashPsBeforeTax",
      "sources": [
        {
          "requestId": "request-899bb53131f5403b884ca963c7a0d405",
          "rawSha256": "9ebdadae186274fab6e1b2ddd24b921fc6a12c2470ea2fd20a57c827ae4fab5c",
          "rowIndex": 1
        }
      ],
      "records": [
        {
          "raw": {
            "code": "sz.000591",
            "dividAgmPumDate": "2025-05-16",
            "dividCashPsAfterTax": "0.05039或0.0559889",
            "dividCashPsBeforeTax": "0.055989",
            "dividCashStock": "10派0.559889元（含税，扣税后0.5039或0.559889元）",
            "dividOperateDate": "2025-07-11",
            "dividPayDate": "2025-07-11",
            "dividPlanAnnounceDate": "2025-04-24",
            "dividPlanDate": "2025-07-04",
            "dividPreNoticeDate": "",
            "dividRegistDate": "2025-07-10",
            "dividReserveToStockPs": "",
            "dividStockMarketDate": "",
            "dividStocksPs": "0.000000"
          },
          "source": {
            "requestId": "request-899bb53131f5403b884ca963c7a0d405",
            "rawSha256": "9ebdadae186274fab6e1b2ddd24b921fc6a12c2470ea2fd20a57c827ae4fab5c",
            "rowIndex": 1
          }
        }
      ]
    },
    {
      "code": "sz.000599",
      "exDate": "2021-06-24",
      "sourceRows": 1,
      "ledgerReady": false,
      "investorTaxVerified": false,
      "state": "unresolved",
      "reason": "numeric_plan_conflict:dividCashPsBeforeTax",
      "sources": [
        {
          "requestId": "request-8e7d882aad5c42f58aaeb543ac07ab2b",
          "rawSha256": "7057c226413ce19b1e3c78b8b11d9f46e5f49d0a0d8847c02744366ecd7d173b",
          "rowIndex": 0
        }
      ],
      "records": [
        {
          "raw": {
            "code": "sz.000599",
            "dividAgmPumDate": "2021-05-07",
            "dividCashPsAfterTax": "0.0090602或0.0100669",
            "dividCashPsBeforeTax": "0.010067",
            "dividCashStock": "10派0.100669元（含税，扣税后0.090602或0.100669元）",
            "dividOperateDate": "2021-06-24",
            "dividPayDate": "2021-06-24",
            "dividPlanAnnounceDate": "2021-04-15",
            "dividPlanDate": "2021-06-18",
            "dividPreNoticeDate": "",
            "dividRegistDate": "2021-06-23",
            "dividReserveToStockPs": "",
            "dividStockMarketDate": "",
            "dividStocksPs": "0.000000"
          },
          "source": {
            "requestId": "request-8e7d882aad5c42f58aaeb543ac07ab2b",
            "rawSha256": "7057c226413ce19b1e3c78b8b11d9f46e5f49d0a0d8847c02744366ecd7d173b",
            "rowIndex": 0
          }
        }
      ]
    },
    {
      "code": "sz.000603",
      "exDate": "2024-07-11",
      "sourceRows": 1,
      "ledgerReady": false,
      "investorTaxVerified": false,
      "state": "unresolved",
      "reason": "numeric_plan_conflict:dividCashPsBeforeTax",
      "sources": [
        {
          "requestId": "request-7a87b77cb8cf49d18d8937a15c50db14",
          "rawSha256": "33c6971ec7f62b12d22fe72de0cc892fbcddc3ebb18467f97561e7bfe0e7233c",
          "rowIndex": 0
        }
      ],
      "records": [
        {
          "raw": {
            "code": "sz.000603",
            "dividAgmPumDate": "2024-05-22",
            "dividCashPsAfterTax": "0.0676255或0.0751395",
            "dividCashPsBeforeTax": "0.075139",
            "dividCashStock": "10派0.751395元（含税，扣税后0.676255或0.751395元）",
            "dividOperateDate": "2024-07-11",
            "dividPayDate": "2024-07-11",
            "dividPlanAnnounceDate": "2024-04-27",
            "dividPlanDate": "2024-07-05",
            "dividPreNoticeDate": "",
            "dividRegistDate": "2024-07-10",
            "dividReserveToStockPs": "",
            "dividStockMarketDate": "",
            "dividStocksPs": "0.000000"
          },
          "source": {
            "requestId": "request-7a87b77cb8cf49d18d8937a15c50db14",
            "rawSha256": "33c6971ec7f62b12d22fe72de0cc892fbcddc3ebb18467f97561e7bfe0e7233c",
            "rowIndex": 0
          }
        }
      ]
    },
    {
      "code": "sz.000630",
      "exDate": "2024-06-07",
      "sourceRows": 1,
      "ledgerReady": false,
      "investorTaxVerified": false,
      "state": "unresolved",
      "reason": "numeric_plan_conflict:dividCashPsBeforeTax",
      "sources": [
        {
          "requestId": "request-5432d9eee9b44286b4142492153e3b79",
          "rawSha256": "6de3cec5e421889375294cfdf3ec3c95d9a632a69e9bf7962daca66c53c9a5b6",
          "rowIndex": 0
        }
      ],
      "records": [
        {
          "raw": {
            "code": "sz.000630",
            "dividAgmPumDate": "2024-05-22",
            "dividCashPsAfterTax": "0.0712913或0.0792126",
            "dividCashPsBeforeTax": "0.079213",
            "dividCashStock": "10派0.792126元（含税，扣税后0.712913或0.792126元）",
            "dividOperateDate": "2024-06-07",
            "dividPayDate": "2024-06-07",
            "dividPlanAnnounceDate": "2024-04-29",
            "dividPlanDate": "2024-05-31",
            "dividPreNoticeDate": "",
            "dividRegistDate": "2024-06-06",
            "dividReserveToStockPs": "",
            "dividStockMarketDate": "",
            "dividStocksPs": "0.000000"
          },
          "source": {
            "requestId": "request-5432d9eee9b44286b4142492153e3b79",
            "rawSha256": "6de3cec5e421889375294cfdf3ec3c95d9a632a69e9bf7962daca66c53c9a5b6",
            "rowIndex": 0
          }
        }
      ]
    },
    {
      "code": "sz.000636",
      "exDate": "2022-11-18",
      "sourceRows": 1,
      "ledgerReady": false,
      "investorTaxVerified": false,
      "state": "unresolved",
      "reason": "numeric_plan_conflict:dividCashPsBeforeTax",
      "sources": [
        {
          "requestId": "request-fc4d08d056fe4b2e9cdb71c61a76ebe9",
          "rawSha256": "75f71831362b19cd8e7d420b038e4bdfd95ca065cb2fb3950541f21c3c8548bd",
          "rowIndex": 1
        }
      ],
      "records": [
        {
          "raw": {
            "code": "sz.000636",
            "dividAgmPumDate": "2022-09-28",
            "dividCashPsAfterTax": "0.1029946或0.1144385",
            "dividCashPsBeforeTax": "0.114438",
            "dividCashStock": "10派1.144385元（含税，扣税后1.029946或1.144385元）",
            "dividOperateDate": "2022-11-18",
            "dividPayDate": "2022-11-18",
            "dividPlanAnnounceDate": "2022-08-19",
            "dividPlanDate": "2022-11-11",
            "dividPreNoticeDate": "",
            "dividRegistDate": "2022-11-17",
            "dividReserveToStockPs": "",
            "dividStockMarketDate": "",
            "dividStocksPs": "0.000000"
          },
          "source": {
            "requestId": "request-fc4d08d056fe4b2e9cdb71c61a76ebe9",
            "rawSha256": "75f71831362b19cd8e7d420b038e4bdfd95ca065cb2fb3950541f21c3c8548bd",
            "rowIndex": 1
          }
        }
      ]
    },
    {
      "code": "sz.000671",
      "exDate": "2021-07-05",
      "sourceRows": 1,
      "ledgerReady": false,
      "investorTaxVerified": false,
      "state": "unresolved",
      "reason": "numeric_plan_conflict:dividCashPsBeforeTax",
      "sources": [
        {
          "requestId": "request-5a2891e9ace146ce94e5978bbe644745",
          "rawSha256": "229290fe58c23bf9a3570844dd6b540a82ce763c412ea7fb6c6872a0575ec37e",
          "rowIndex": 0
        }
      ],
      "records": [
        {
          "raw": {
            "code": "sz.000671",
            "dividAgmPumDate": "2021-05-07",
            "dividCashPsAfterTax": "0.3425782或0.3806425",
            "dividCashPsBeforeTax": "0.380642",
            "dividCashStock": "10派3.806425元（含税，扣税后3.425782或3.806425元）",
            "dividOperateDate": "2021-07-05",
            "dividPayDate": "2021-07-05",
            "dividPlanAnnounceDate": "2021-04-15",
            "dividPlanDate": "2021-06-26",
            "dividPreNoticeDate": "",
            "dividRegistDate": "2021-07-02",
            "dividReserveToStockPs": "",
            "dividStockMarketDate": "",
            "dividStocksPs": "0.000000"
          },
          "source": {
            "requestId": "request-5a2891e9ace146ce94e5978bbe644745",
            "rawSha256": "229290fe58c23bf9a3570844dd6b540a82ce763c412ea7fb6c6872a0575ec37e",
            "rowIndex": 0
          }
        }
      ]
    },
    {
      "code": "sz.000700",
      "exDate": "2021-07-15",
      "sourceRows": 1,
      "ledgerReady": false,
      "investorTaxVerified": false,
      "state": "unresolved",
      "reason": "numeric_plan_conflict:dividCashPsBeforeTax",
      "sources": [
        {
          "requestId": "request-998d24ca28a645f28cec031566ceee7f",
          "rawSha256": "4e90834f7e7e4acc7b716cf228fcf8bb67a329d3133b35e286cd98c2b25b37c0",
          "rowIndex": 0
        }
      ],
      "records": [
        {
          "raw": {
            "code": "sz.000700",
            "dividAgmPumDate": "2021-05-22",
            "dividCashPsAfterTax": "0.1961967或0.2179963",
            "dividCashPsBeforeTax": "0.217996",
            "dividCashStock": "10派2.179963元（含税，扣税后1.961967或2.179963元）",
            "dividOperateDate": "2021-07-15",
            "dividPayDate": "2021-07-15",
            "dividPlanAnnounceDate": "2021-04-29",
            "dividPlanDate": "2021-07-08",
            "dividPreNoticeDate": "",
            "dividRegistDate": "2021-07-14",
            "dividReserveToStockPs": "",
            "dividStockMarketDate": "",
            "dividStocksPs": "0.000000"
          },
          "source": {
            "requestId": "request-998d24ca28a645f28cec031566ceee7f",
            "rawSha256": "4e90834f7e7e4acc7b716cf228fcf8bb67a329d3133b35e286cd98c2b25b37c0",
            "rowIndex": 0
          }
        }
      ]
    },
    {
      "code": "sz.000708",
      "exDate": "2024-05-10",
      "sourceRows": 1,
      "ledgerReady": false,
      "investorTaxVerified": false,
      "state": "unresolved",
      "reason": "numeric_plan_conflict:dividCashPsBeforeTax",
      "sources": [
        {
          "requestId": "request-45befa80dadc492a945d03ee0d451ede",
          "rawSha256": "fe62696509a338d6b1409e73dc048163479052712338aeaf74cac76ddcceb264",
          "rowIndex": 0
        }
      ],
      "records": [
        {
          "raw": {
            "code": "sz.000708",
            "dividAgmPumDate": "2024-04-11",
            "dividCashPsAfterTax": "0.508207或0.5646744",
            "dividCashPsBeforeTax": "0.564674",
            "dividCashStock": "10派5.646744元（含税，扣税后5.08207或5.646744元）",
            "dividOperateDate": "2024-05-10",
            "dividPayDate": "2024-05-10",
            "dividPlanAnnounceDate": "2024-03-13",
            "dividPlanDate": "2024-04-30",
            "dividPreNoticeDate": "",
            "dividRegistDate": "2024-05-09",
            "dividReserveToStockPs": "",
            "dividStockMarketDate": "",
            "dividStocksPs": "0.000000"
          },
          "source": {
            "requestId": "request-45befa80dadc492a945d03ee0d451ede",
            "rawSha256": "fe62696509a338d6b1409e73dc048163479052712338aeaf74cac76ddcceb264",
            "rowIndex": 0
          }
        }
      ]
    },
    {
      "code": "sz.000708",
      "exDate": "2025-05-09",
      "sourceRows": 1,
      "ledgerReady": false,
      "investorTaxVerified": false,
      "state": "unresolved",
      "reason": "numeric_plan_conflict:dividCashPsBeforeTax",
      "sources": [
        {
          "requestId": "request-fd7bb981ec7945e9bb98d523b520c260",
          "rawSha256": "818f8b35a4506eb7500fddf20aefa1ed53a07fe8afac87455a4f9ae8601e2dd3",
          "rowIndex": 0
        }
      ],
      "records": [
        {
          "raw": {
            "code": "sz.000708",
            "dividAgmPumDate": "2025-04-11",
            "dividCashPsAfterTax": "0.4564946或0.5072162",
            "dividCashPsBeforeTax": "0.507216",
            "dividCashStock": "10派5.072162元（含税，扣税后4.564946或5.072162元）",
            "dividOperateDate": "2025-05-09",
            "dividPayDate": "2025-05-09",
            "dividPlanAnnounceDate": "2025-03-20",
            "dividPlanDate": "2025-04-29",
            "dividPreNoticeDate": "",
            "dividRegistDate": "2025-05-08",
            "dividReserveToStockPs": "",
            "dividStockMarketDate": "",
            "dividStocksPs": "0.000000"
          },
          "source": {
            "requestId": "request-fd7bb981ec7945e9bb98d523b520c260",
            "rawSha256": "818f8b35a4506eb7500fddf20aefa1ed53a07fe8afac87455a4f9ae8601e2dd3",
            "rowIndex": 0
          }
        }
      ]
    },
    {
      "code": "sz.000731",
      "exDate": "2023-07-14",
      "sourceRows": 1,
      "ledgerReady": false,
      "investorTaxVerified": false,
      "state": "unresolved",
      "reason": "numeric_plan_conflict:dividCashPsBeforeTax",
      "sources": [
        {
          "requestId": "request-d3df90d1488142f3806efd12ae987cea",
          "rawSha256": "9177eca80af98b7218c6de4a903435c0aa09d67f81fa0c61f07e4816f86a13ac",
          "rowIndex": 0
        }
      ],
      "records": [
        {
          "raw": {
            "code": "sz.000731",
            "dividAgmPumDate": "2023-05-19",
            "dividCashPsAfterTax": "0.1549054或0.1721171",
            "dividCashPsBeforeTax": "0.172117",
            "dividCashStock": "10派1.721171元（含税，扣税后1.549054或1.721171元）",
            "dividOperateDate": "2023-07-14",
            "dividPayDate": "2023-07-14",
            "dividPlanAnnounceDate": "2023-04-25",
            "dividPlanDate": "2023-07-06",
            "dividPreNoticeDate": "",
            "dividRegistDate": "2023-07-13",
            "dividReserveToStockPs": "",
            "dividStockMarketDate": "",
            "dividStocksPs": "0.000000"
          },
          "source": {
            "requestId": "request-d3df90d1488142f3806efd12ae987cea",
            "rawSha256": "9177eca80af98b7218c6de4a903435c0aa09d67f81fa0c61f07e4816f86a13ac",
            "rowIndex": 0
          }
        }
      ]
    },
    {
      "code": "sz.000731",
      "exDate": "2024-06-17",
      "sourceRows": 1,
      "ledgerReady": false,
      "investorTaxVerified": false,
      "state": "unresolved",
      "reason": "numeric_plan_conflict:dividCashPsBeforeTax",
      "sources": [
        {
          "requestId": "request-ee186a9723f8407499584c5c2f9b57be",
          "rawSha256": "b10c8a64db0a02c6a4f9225438f4e330638bb3d77464a0d275ceb8da10ae3f6d",
          "rowIndex": 0
        }
      ],
      "records": [
        {
          "raw": {
            "code": "sz.000731",
            "dividAgmPumDate": "2024-05-24",
            "dividCashPsAfterTax": "0.1531417或0.1701575",
            "dividCashPsBeforeTax": "0.170158",
            "dividCashStock": "10派1.701575元（含税，扣税后1.531417或1.701575元）",
            "dividOperateDate": "2024-06-17",
            "dividPayDate": "2024-06-17",
            "dividPlanAnnounceDate": "2024-04-30",
            "dividPlanDate": "2024-06-07",
            "dividPreNoticeDate": "",
            "dividRegistDate": "2024-06-14",
            "dividReserveToStockPs": "",
            "dividStockMarketDate": "",
            "dividStocksPs": "0.000000"
          },
          "source": {
            "requestId": "request-ee186a9723f8407499584c5c2f9b57be",
            "rawSha256": "b10c8a64db0a02c6a4f9225438f4e330638bb3d77464a0d275ceb8da10ae3f6d",
            "rowIndex": 0
          }
        }
      ]
    },
    {
      "code": "sz.000739",
      "exDate": "2024-05-23",
      "sourceRows": 1,
      "ledgerReady": false,
      "investorTaxVerified": false,
      "state": "unresolved",
      "reason": "numeric_plan_conflict:dividCashPsBeforeTax",
      "sources": [
        {
          "requestId": "request-8ae6f7dff4b5405caf3ed5ad576fdbc2",
          "rawSha256": "b8787b7d83765108ac6549d893aa4fe1db90685c7c853a3c4072a3ad0e14de72",
          "rowIndex": 0
        }
      ],
      "records": [
        {
          "raw": {
            "code": "sz.000739",
            "dividAgmPumDate": "2024-04-10",
            "dividCashPsAfterTax": "0.2852177或0.3169086",
            "dividCashPsBeforeTax": "0.316909",
            "dividCashStock": "10派3.169086元（含税，扣税后2.852177或3.169086元）",
            "dividOperateDate": "2024-05-23",
            "dividPayDate": "2024-05-23",
            "dividPlanAnnounceDate": "2024-03-08",
            "dividPlanDate": "2024-05-16",
            "dividPreNoticeDate": "",
            "dividRegistDate": "2024-05-22",
            "dividReserveToStockPs": "",
            "dividStockMarketDate": "",
            "dividStocksPs": "0.000000"
          },
          "source": {
            "requestId": "request-8ae6f7dff4b5405caf3ed5ad576fdbc2",
            "rawSha256": "b8787b7d83765108ac6549d893aa4fe1db90685c7c853a3c4072a3ad0e14de72",
            "rowIndex": 0
          }
        }
      ]
    },
    {
      "code": "sz.000739",
      "exDate": "2025-05-22",
      "sourceRows": 1,
      "ledgerReady": false,
      "investorTaxVerified": false,
      "state": "unresolved",
      "reason": "numeric_plan_conflict:dividCashPsBeforeTax",
      "sources": [
        {
          "requestId": "request-819c42a32a8548e6bd4fec7b3eea7c3f",
          "rawSha256": "3f2d62e59d54de5f0c83b58280381ccc40177fc71b32423aebf1c3671c8a9e83",
          "rowIndex": 0
        }
      ],
      "records": [
        {
          "raw": {
            "code": "sz.000739",
            "dividAgmPumDate": "2025-04-18",
            "dividCashPsAfterTax": "0.3204512或0.3560569",
            "dividCashPsBeforeTax": "0.356057",
            "dividCashStock": "10派3.560569元（含税，扣税后3.204512或3.560569元）",
            "dividOperateDate": "2025-05-22",
            "dividPayDate": "2025-05-22",
            "dividPlanAnnounceDate": "2025-03-11",
            "dividPlanDate": "2025-05-16",
            "dividPreNoticeDate": "",
            "dividRegistDate": "2025-05-21",
            "dividReserveToStockPs": "",
            "dividStockMarketDate": "",
            "dividStocksPs": "0.000000"
          },
          "source": {
            "requestId": "request-819c42a32a8548e6bd4fec7b3eea7c3f",
            "rawSha256": "3f2d62e59d54de5f0c83b58280381ccc40177fc71b32423aebf1c3671c8a9e83",
            "rowIndex": 0
          }
        }
      ]
    },
    {
      "code": "sz.000761",
      "exDate": "2021-10-13",
      "sourceRows": 1,
      "ledgerReady": false,
      "investorTaxVerified": false,
      "state": "unresolved",
      "reason": "numeric_plan_conflict:dividCashPsBeforeTax",
      "sources": [
        {
          "requestId": "request-7e9cbcb88fb74a36a942bd87276655e2",
          "rawSha256": "e7e2bb0e350bbe3e62e7f82d0baec356a4b5b8dcb02c7a4941be61bb4125bbcc",
          "rowIndex": 1
        }
      ],
      "records": [
        {
          "raw": {
            "code": "sz.000761",
            "dividAgmPumDate": "2021-09-16",
            "dividCashPsAfterTax": "0.4255624或0.4728471",
            "dividCashPsBeforeTax": "0.472847",
            "dividCashStock": "10派4.728471元（含税，扣税后4.255624或4.728471元）",
            "dividOperateDate": "2021-10-13",
            "dividPayDate": "2021-10-13",
            "dividPlanAnnounceDate": "2021-08-26",
            "dividPlanDate": "2021-09-28",
            "dividPreNoticeDate": "",
            "dividRegistDate": "2021-10-12",
            "dividReserveToStockPs": "",
            "dividStockMarketDate": "",
            "dividStocksPs": "0.000000"
          },
          "source": {
            "requestId": "request-7e9cbcb88fb74a36a942bd87276655e2",
            "rawSha256": "e7e2bb0e350bbe3e62e7f82d0baec356a4b5b8dcb02c7a4941be61bb4125bbcc",
            "rowIndex": 1
          }
        }
      ]
    },
    {
      "code": "sz.000761",
      "exDate": "2022-06-16",
      "sourceRows": 1,
      "ledgerReady": false,
      "investorTaxVerified": false,
      "state": "unresolved",
      "reason": "numeric_plan_conflict:dividCashPsBeforeTax",
      "sources": [
        {
          "requestId": "request-04a4103d18884d0a8eb1efd70a5f70b9",
          "rawSha256": "d3e6912d5c33c832b113929ab1900be4eb2c37ce4327721d5c0024d6bbdb8099",
          "rowIndex": 0
        }
      ],
      "records": [
        {
          "raw": {
            "code": "sz.000761",
            "dividAgmPumDate": "2022-04-27",
            "dividCashPsAfterTax": "0.5399977或0.5999975",
            "dividCashPsBeforeTax": "0.599997",
            "dividCashStock": "10派5.999975元（含税，扣税后5.399977或5.999975元）",
            "dividOperateDate": "2022-06-16",
            "dividPayDate": "2022-06-16",
            "dividPlanAnnounceDate": "2022-03-26",
            "dividPlanDate": "2022-06-08",
            "dividPreNoticeDate": "",
            "dividRegistDate": "2022-06-15",
            "dividReserveToStockPs": "",
            "dividStockMarketDate": "",
            "dividStocksPs": "0.000000"
          },
          "source": {
            "requestId": "request-04a4103d18884d0a8eb1efd70a5f70b9",
            "rawSha256": "d3e6912d5c33c832b113929ab1900be4eb2c37ce4327721d5c0024d6bbdb8099",
            "rowIndex": 0
          }
        }
      ]
    },
    {
      "code": "sz.000762",
      "exDate": "2023-11-13",
      "sourceRows": 1,
      "ledgerReady": false,
      "investorTaxVerified": false,
      "state": "unresolved",
      "reason": "numeric_plan_conflict:dividCashPsBeforeTax",
      "sources": [
        {
          "requestId": "request-d964896e55aa4ed3b2b96e8abd1323f7",
          "rawSha256": "c33dbf09265511f591dbccfd387eb1149e56dfa0a723a526b9e452c26bf0a04d",
          "rowIndex": 0
        }
      ],
      "records": [
        {
          "raw": {
            "code": "sz.000762",
            "dividAgmPumDate": "2023-09-21",
            "dividCashPsAfterTax": "0.4325647或0.4806275",
            "dividCashPsBeforeTax": "0.480628",
            "dividCashStock": "10派4.806275元（含税，扣税后4.325647或4.806275元）",
            "dividOperateDate": "2023-11-13",
            "dividPayDate": "2023-11-13",
            "dividPlanAnnounceDate": "2023-08-30",
            "dividPlanDate": "2023-11-06",
            "dividPreNoticeDate": "",
            "dividRegistDate": "2023-11-10",
            "dividReserveToStockPs": "",
            "dividStockMarketDate": "",
            "dividStocksPs": "0.000000"
          },
          "source": {
            "requestId": "request-d964896e55aa4ed3b2b96e8abd1323f7",
            "rawSha256": "c33dbf09265511f591dbccfd387eb1149e56dfa0a723a526b9e452c26bf0a04d",
            "rowIndex": 0
          }
        }
      ]
    },
    {
      "code": "sz.000795",
      "exDate": "2023-05-25",
      "sourceRows": 1,
      "ledgerReady": false,
      "investorTaxVerified": false,
      "state": "unresolved",
      "reason": "numeric_plan_conflict:dividCashPsBeforeTax",
      "sources": [
        {
          "requestId": "request-31c6d66f22b9463db6eaeabc40f554b4",
          "rawSha256": "ef3e0ec4ad33ecd004eb7f4c6b42c527c40aef245b22c46974d7f8c7dd68390d",
          "rowIndex": 0
        }
      ],
      "records": [
        {
          "raw": {
            "code": "sz.000795",
            "dividAgmPumDate": "2023-04-07",
            "dividCashPsAfterTax": "0.0721867或0.0802075",
            "dividCashPsBeforeTax": "0.080208",
            "dividCashStock": "10派0.802075元（含税，扣税后0.721867或0.802075元）",
            "dividOperateDate": "2023-05-25",
            "dividPayDate": "2023-05-25",
            "dividPlanAnnounceDate": "2023-03-11",
            "dividPlanDate": "2023-05-18",
            "dividPreNoticeDate": "",
            "dividRegistDate": "2023-05-24",
            "dividReserveToStockPs": "",
            "dividStockMarketDate": "",
            "dividStocksPs": "0.000000"
          },
          "source": {
            "requestId": "request-31c6d66f22b9463db6eaeabc40f554b4",
            "rawSha256": "ef3e0ec4ad33ecd004eb7f4c6b42c527c40aef245b22c46974d7f8c7dd68390d",
            "rowIndex": 0
          }
        }
      ]
    },
    {
      "code": "sz.000795",
      "exDate": "2024-05-16",
      "sourceRows": 1,
      "ledgerReady": false,
      "investorTaxVerified": false,
      "state": "unresolved",
      "reason": "numeric_plan_conflict:dividCashPsBeforeTax",
      "sources": [
        {
          "requestId": "request-d40da504f4cd489f83424bab72ad4049",
          "rawSha256": "9098d6f3bef53c7e8377cbdb63a6b75eeb901929ecaac183ab3cfd90855200e1",
          "rowIndex": 0
        }
      ],
      "records": [
        {
          "raw": {
            "code": "sz.000795",
            "dividAgmPumDate": "2024-04-12",
            "dividCashPsAfterTax": "0.0244284或0.0271427",
            "dividCashPsBeforeTax": "0.027143",
            "dividCashStock": "10派0.271427元（含税，扣税后0.244284或0.271427元）",
            "dividOperateDate": "2024-05-16",
            "dividPayDate": "2024-05-16",
            "dividPlanAnnounceDate": "2024-03-15",
            "dividPlanDate": "2024-05-09",
            "dividPreNoticeDate": "",
            "dividRegistDate": "2024-05-15",
            "dividReserveToStockPs": "",
            "dividStockMarketDate": "",
            "dividStocksPs": "0.000000"
          },
          "source": {
            "requestId": "request-d40da504f4cd489f83424bab72ad4049",
            "rawSha256": "9098d6f3bef53c7e8377cbdb63a6b75eeb901929ecaac183ab3cfd90855200e1",
            "rowIndex": 0
          }
        }
      ]
    },
    {
      "code": "sz.000819",
      "exDate": "2021-06-25",
      "sourceRows": 1,
      "ledgerReady": false,
      "investorTaxVerified": false,
      "state": "unresolved",
      "reason": "missing_or_invalid_date:dividPayDate",
      "sources": [
        {
          "requestId": "request-d06e51f1995743529a42151b42affaaa",
          "rawSha256": "270522ca0632e72e97ce97019355a583bb20d3a2c080230b74caedf598a9f86c",
          "rowIndex": 0
        }
      ],
      "records": [
        {
          "raw": {
            "code": "sz.000819",
            "dividAgmPumDate": "2021-04-28",
            "dividCashPsAfterTax": "0.009或0.01",
            "dividCashPsBeforeTax": "0.01",
            "dividCashStock": "10派0.1元（含税，扣税后0.09或0.1元）",
            "dividOperateDate": "2021-06-25",
            "dividPayDate": "",
            "dividPlanAnnounceDate": "2021-03-30",
            "dividPlanDate": "2021-06-18",
            "dividPreNoticeDate": "",
            "dividRegistDate": "2021-06-24",
            "dividReserveToStockPs": "",
            "dividStockMarketDate": "",
            "dividStocksPs": "0.000000"
          },
          "source": {
            "requestId": "request-d06e51f1995743529a42151b42affaaa",
            "rawSha256": "270522ca0632e72e97ce97019355a583bb20d3a2c080230b74caedf598a9f86c",
            "rowIndex": 0
          }
        }
      ]
    },
    {
      "code": "sz.000825",
      "exDate": "2022-06-29",
      "sourceRows": 1,
      "ledgerReady": false,
      "investorTaxVerified": false,
      "state": "unresolved",
      "reason": "numeric_plan_conflict:dividCashPsBeforeTax",
      "sources": [
        {
          "requestId": "request-357bf2a18c1a45088d228c6591b1177a",
          "rawSha256": "9aa1e2fdf933560c33fe3de08061d16a24615aafae0ff7eff4b8a9bb16bdb31a",
          "rowIndex": 0
        }
      ],
      "records": [
        {
          "raw": {
            "code": "sz.000825",
            "dividAgmPumDate": "2022-05-20",
            "dividCashPsAfterTax": "0.0536558或0.0596176",
            "dividCashPsBeforeTax": "0.059618",
            "dividCashStock": "10派0.596176元（含税，扣税后0.536558或0.596176元）",
            "dividOperateDate": "2022-06-29",
            "dividPayDate": "2022-06-29",
            "dividPlanAnnounceDate": "2022-04-23",
            "dividPlanDate": "2022-06-22",
            "dividPreNoticeDate": "",
            "dividRegistDate": "2022-06-28",
            "dividReserveToStockPs": "",
            "dividStockMarketDate": "",
            "dividStocksPs": "0.000000"
          },
          "source": {
            "requestId": "request-357bf2a18c1a45088d228c6591b1177a",
            "rawSha256": "9aa1e2fdf933560c33fe3de08061d16a24615aafae0ff7eff4b8a9bb16bdb31a",
            "rowIndex": 0
          }
        }
      ]
    },
    {
      "code": "sz.000861",
      "exDate": "2021-07-21",
      "sourceRows": 1,
      "ledgerReady": false,
      "investorTaxVerified": false,
      "state": "unresolved",
      "reason": "numeric_plan_conflict:dividCashPsBeforeTax",
      "sources": [
        {
          "requestId": "request-9b337de13eb74004ac66c66de2886400",
          "rawSha256": "4e0397e8decd26b61e082d20a5630e5dc02af984d6e88e562321f89e321413da",
          "rowIndex": 0
        }
      ],
      "records": [
        {
          "raw": {
            "code": "sz.000861",
            "dividAgmPumDate": "2021-05-29",
            "dividCashPsAfterTax": "0.0089999或0.0099999",
            "dividCashPsBeforeTax": "0.01",
            "dividCashStock": "10派0.099999元（含税，扣税后0.089999或0.099999元）",
            "dividOperateDate": "2021-07-21",
            "dividPayDate": "2021-07-21",
            "dividPlanAnnounceDate": "2021-04-29",
            "dividPlanDate": "2021-07-15",
            "dividPreNoticeDate": "",
            "dividRegistDate": "2021-07-20",
            "dividReserveToStockPs": "",
            "dividStockMarketDate": "",
            "dividStocksPs": "0.000000"
          },
          "source": {
            "requestId": "request-9b337de13eb74004ac66c66de2886400",
            "rawSha256": "4e0397e8decd26b61e082d20a5630e5dc02af984d6e88e562321f89e321413da",
            "rowIndex": 0
          }
        }
      ]
    },
    {
      "code": "sz.000869",
      "exDate": "2024-06-17",
      "sourceRows": 1,
      "ledgerReady": false,
      "investorTaxVerified": false,
      "state": "unresolved",
      "reason": "numeric_plan_conflict:dividCashPsBeforeTax",
      "sources": [
        {
          "requestId": "request-fe0d68c9c6694bf1aea27f207c4590e1",
          "rawSha256": "3efbfe7fff9aac98f94dca0df94455e6f3d25e9e3359726260fef68285fb0c57",
          "rowIndex": 0
        }
      ],
      "records": [
        {
          "raw": {
            "code": "sz.000869",
            "dividAgmPumDate": "2024-05-18",
            "dividCashPsAfterTax": "0.4537985或0.5042206",
            "dividCashPsBeforeTax": "0.504221",
            "dividCashStock": "10派5.042206元（含税，扣税后4.537985或5.042206元）",
            "dividOperateDate": "2024-06-17",
            "dividPayDate": "2024-06-17",
            "dividPlanAnnounceDate": "2024-04-12",
            "dividPlanDate": "2024-06-08",
            "dividPreNoticeDate": "",
            "dividRegistDate": "2024-06-14",
            "dividReserveToStockPs": "",
            "dividStockMarketDate": "",
            "dividStocksPs": "0.000000"
          },
          "source": {
            "requestId": "request-fe0d68c9c6694bf1aea27f207c4590e1",
            "rawSha256": "3efbfe7fff9aac98f94dca0df94455e6f3d25e9e3359726260fef68285fb0c57",
            "rowIndex": 0
          }
        }
      ]
    },
    {
      "code": "sz.000876",
      "exDate": "2025-07-25",
      "sourceRows": 1,
      "ledgerReady": false,
      "investorTaxVerified": false,
      "state": "unresolved",
      "reason": "numeric_plan_conflict:dividCashPsBeforeTax",
      "sources": [
        {
          "requestId": "request-d6e9f6d08ff743b8828ccdfb6a71d366",
          "rawSha256": "c8b2b7ddb41a3587eaedfaf4aabc6b056338d781658a5f2b88be6637086d0ee7",
          "rowIndex": 0
        }
      ],
      "records": [
        {
          "raw": {
            "code": "sz.000876",
            "dividAgmPumDate": "2025-06-19",
            "dividCashPsAfterTax": "0.021712或0.0241245",
            "dividCashPsBeforeTax": "0.024125",
            "dividCashStock": "10派0.241245元（含税，扣税后0.21712或0.241245元）",
            "dividOperateDate": "2025-07-25",
            "dividPayDate": "2025-07-25",
            "dividPlanAnnounceDate": "2025-04-26",
            "dividPlanDate": "2025-07-18",
            "dividPreNoticeDate": "",
            "dividRegistDate": "2025-07-24",
            "dividReserveToStockPs": "",
            "dividStockMarketDate": "",
            "dividStocksPs": "0.000000"
          },
          "source": {
            "requestId": "request-d6e9f6d08ff743b8828ccdfb6a71d366",
            "rawSha256": "c8b2b7ddb41a3587eaedfaf4aabc6b056338d781658a5f2b88be6637086d0ee7",
            "rowIndex": 0
          }
        }
      ]
    },
    {
      "code": "sz.000921",
      "exDate": "2023-07-17",
      "sourceRows": 1,
      "ledgerReady": false,
      "investorTaxVerified": false,
      "state": "unresolved",
      "reason": "numeric_plan_conflict:dividCashPsBeforeTax",
      "sources": [
        {
          "requestId": "request-ccfb0f1734ec433f867fad0387ab24d4",
          "rawSha256": "6718b745dc2f5b958bb1f6894fc82493e9fa1e320e7c6c3378a4085839acdb9d",
          "rowIndex": 0
        }
      ],
      "records": [
        {
          "raw": {
            "code": "sz.000921",
            "dividAgmPumDate": "2023-06-30",
            "dividCashPsAfterTax": "0.4654183或0.5171314",
            "dividCashPsBeforeTax": "0.517131",
            "dividCashStock": "10派5.171314元（含税，扣税后4.654183或5.171314元）",
            "dividOperateDate": "2023-07-17",
            "dividPayDate": "2023-07-17",
            "dividPlanAnnounceDate": "2023-03-31",
            "dividPlanDate": "2023-07-11",
            "dividPreNoticeDate": "",
            "dividRegistDate": "2023-07-14",
            "dividReserveToStockPs": "",
            "dividStockMarketDate": "",
            "dividStocksPs": "0.000000"
          },
          "source": {
            "requestId": "request-ccfb0f1734ec433f867fad0387ab24d4",
            "rawSha256": "6718b745dc2f5b958bb1f6894fc82493e9fa1e320e7c6c3378a4085839acdb9d",
            "rowIndex": 0
          }
        }
      ]
    },
    {
      "code": "sz.000928",
      "exDate": "2022-05-20",
      "sourceRows": 1,
      "ledgerReady": false,
      "investorTaxVerified": false,
      "state": "unresolved",
      "reason": "numeric_plan_conflict:dividCashPsBeforeTax",
      "sources": [
        {
          "requestId": "request-5c91ae1c3e6148e3b14c832cd281ea72",
          "rawSha256": "8ba00791ec3273721802bbcc77b42d58333fe30bca744f5d953673051b64ca4c",
          "rowIndex": 0
        }
      ],
      "records": [
        {
          "raw": {
            "code": "sz.000928",
            "dividAgmPumDate": "2022-04-16",
            "dividCashPsAfterTax": "0.1367715或0.1519683",
            "dividCashPsBeforeTax": "0.151968",
            "dividCashStock": "10派1.519683元（含税，扣税后1.367715或1.519683元）",
            "dividOperateDate": "2022-05-20",
            "dividPayDate": "2022-05-20",
            "dividPlanAnnounceDate": "2022-03-26",
            "dividPlanDate": "2022-05-13",
            "dividPreNoticeDate": "",
            "dividRegistDate": "2022-05-19",
            "dividReserveToStockPs": "",
            "dividStockMarketDate": "",
            "dividStocksPs": "0.000000"
          },
          "source": {
            "requestId": "request-5c91ae1c3e6148e3b14c832cd281ea72",
            "rawSha256": "8ba00791ec3273721802bbcc77b42d58333fe30bca744f5d953673051b64ca4c",
            "rowIndex": 0
          }
        }
      ]
    },
    {
      "code": "sz.000928",
      "exDate": "2022-10-19",
      "sourceRows": 1,
      "ledgerReady": false,
      "investorTaxVerified": false,
      "state": "unresolved",
      "reason": "numeric_plan_conflict:dividCashPsBeforeTax",
      "sources": [
        {
          "requestId": "request-5c91ae1c3e6148e3b14c832cd281ea72",
          "rawSha256": "8ba00791ec3273721802bbcc77b42d58333fe30bca744f5d953673051b64ca4c",
          "rowIndex": 1
        }
      ],
      "records": [
        {
          "raw": {
            "code": "sz.000928",
            "dividAgmPumDate": "2022-09-16",
            "dividCashPsAfterTax": "0.0917996或0.1019996",
            "dividCashPsBeforeTax": "0.102",
            "dividCashStock": "10派1.019996元（含税，扣税后0.917996或1.019996元）",
            "dividOperateDate": "2022-10-19",
            "dividPayDate": "2022-10-19",
            "dividPlanAnnounceDate": "2022-08-30",
            "dividPlanDate": "2022-10-13",
            "dividPreNoticeDate": "",
            "dividRegistDate": "2022-10-18",
            "dividReserveToStockPs": "",
            "dividStockMarketDate": "",
            "dividStocksPs": "0.000000"
          },
          "source": {
            "requestId": "request-5c91ae1c3e6148e3b14c832cd281ea72",
            "rawSha256": "8ba00791ec3273721802bbcc77b42d58333fe30bca744f5d953673051b64ca4c",
            "rowIndex": 1
          }
        }
      ]
    },
    {
      "code": "sz.000928",
      "exDate": "2023-06-06",
      "sourceRows": 1,
      "ledgerReady": false,
      "investorTaxVerified": false,
      "state": "unresolved",
      "reason": "numeric_plan_conflict:dividCashPsBeforeTax",
      "sources": [
        {
          "requestId": "request-7e829f573daf49cc9617ba3b26fd0954",
          "rawSha256": "bed4139a18f339fb167e90407c9516fe96389d4b53971df17c6496852d3883a6",
          "rowIndex": 0
        }
      ],
      "records": [
        {
          "raw": {
            "code": "sz.000928",
            "dividAgmPumDate": "2023-05-20",
            "dividCashPsAfterTax": "0.2205552或0.2450613",
            "dividCashPsBeforeTax": "0.245061",
            "dividCashStock": "10派2.450613元（含税，扣税后2.205552或2.450613元）",
            "dividOperateDate": "2023-06-06",
            "dividPayDate": "2023-06-06",
            "dividPlanAnnounceDate": "2023-04-29",
            "dividPlanDate": "2023-05-31",
            "dividPreNoticeDate": "",
            "dividRegistDate": "2023-06-05",
            "dividReserveToStockPs": "",
            "dividStockMarketDate": "",
            "dividStocksPs": "0.000000"
          },
          "source": {
            "requestId": "request-7e829f573daf49cc9617ba3b26fd0954",
            "rawSha256": "bed4139a18f339fb167e90407c9516fe96389d4b53971df17c6496852d3883a6",
            "rowIndex": 0
          }
        }
      ]
    },
    {
      "code": "sz.000935",
      "exDate": "2024-06-06",
      "sourceRows": 1,
      "ledgerReady": false,
      "investorTaxVerified": false,
      "state": "unresolved",
      "reason": "numeric_plan_conflict:dividCashPsBeforeTax",
      "sources": [
        {
          "requestId": "request-7d15e585f56d4c9eaa0f27a1b0ca6098",
          "rawSha256": "e09dabfb831d5be43d0e2c6803e8a21bf806f1ec65900e21313d85235c05d2c8",
          "rowIndex": 0
        }
      ],
      "records": [
        {
          "raw": {
            "code": "sz.000935",
            "dividAgmPumDate": "2024-05-22",
            "dividCashPsAfterTax": "0.3065424或0.3406027",
            "dividCashPsBeforeTax": "0.340603",
            "dividCashStock": "10派3.406027元（含税，扣税后3.065424或3.406027元）",
            "dividOperateDate": "2024-06-06",
            "dividPayDate": "2024-06-06",
            "dividPlanAnnounceDate": "2024-04-30",
            "dividPlanDate": "2024-05-29",
            "dividPreNoticeDate": "",
            "dividRegistDate": "2024-06-05",
            "dividReserveToStockPs": "",
            "dividStockMarketDate": "",
            "dividStocksPs": "0.000000"
          },
          "source": {
            "requestId": "request-7d15e585f56d4c9eaa0f27a1b0ca6098",
            "rawSha256": "e09dabfb831d5be43d0e2c6803e8a21bf806f1ec65900e21313d85235c05d2c8",
            "rowIndex": 0
          }
        }
      ]
    },
    {
      "code": "sz.000977",
      "exDate": "2023-06-28",
      "sourceRows": 1,
      "ledgerReady": false,
      "investorTaxVerified": false,
      "state": "unresolved",
      "reason": "numeric_plan_conflict:dividCashPsBeforeTax",
      "sources": [
        {
          "requestId": "request-28305b5693574e78a845a3b533f9e7b6",
          "rawSha256": "467ebb28b571eb1bff16e2c4099bf781d22aa0ae5f453b16990329db8d4ab3a9",
          "rowIndex": 0
        }
      ],
      "records": [
        {
          "raw": {
            "code": "sz.000977",
            "dividAgmPumDate": "2023-05-13",
            "dividCashPsAfterTax": "0.1342273或0.1491414",
            "dividCashPsBeforeTax": "0.149141",
            "dividCashStock": "10派1.491414元（含税，扣税后1.342273或1.491414元）",
            "dividOperateDate": "2023-06-28",
            "dividPayDate": "2023-06-28",
            "dividPlanAnnounceDate": "2023-04-12",
            "dividPlanDate": "2023-06-16",
            "dividPreNoticeDate": "",
            "dividRegistDate": "2023-06-27",
            "dividReserveToStockPs": "",
            "dividStockMarketDate": "",
            "dividStocksPs": "0.000000"
          },
          "source": {
            "requestId": "request-28305b5693574e78a845a3b533f9e7b6",
            "rawSha256": "467ebb28b571eb1bff16e2c4099bf781d22aa0ae5f453b16990329db8d4ab3a9",
            "rowIndex": 0
          }
        }
      ]
    },
    {
      "code": "sz.000988",
      "exDate": "2025-06-20",
      "sourceRows": 1,
      "ledgerReady": false,
      "investorTaxVerified": false,
      "state": "unresolved",
      "reason": "numeric_plan_conflict:dividCashPsBeforeTax",
      "sources": [
        {
          "requestId": "request-8b58409be90f49d78ca63f7de2991b2b",
          "rawSha256": "4efb33552d9e0e011dde0459d5d593316d3eb50b15678521d3390d09251210ff",
          "rowIndex": 0
        }
      ],
      "records": [
        {
          "raw": {
            "code": "sz.000988",
            "dividAgmPumDate": "2025-05-10",
            "dividCashPsAfterTax": "0.1817716或0.2019684",
            "dividCashPsBeforeTax": "0.201968",
            "dividCashStock": "10派2.019684元（含税，扣税后1.817716或2.019684元）",
            "dividOperateDate": "2025-06-20",
            "dividPayDate": "2025-06-20",
            "dividPlanAnnounceDate": "2025-04-12",
            "dividPlanDate": "2025-06-14",
            "dividPreNoticeDate": "",
            "dividRegistDate": "2025-06-19",
            "dividReserveToStockPs": "",
            "dividStockMarketDate": "",
            "dividStocksPs": "0.000000"
          },
          "source": {
            "requestId": "request-8b58409be90f49d78ca63f7de2991b2b",
            "rawSha256": "4efb33552d9e0e011dde0459d5d593316d3eb50b15678521d3390d09251210ff",
            "rowIndex": 0
          }
        }
      ]
    },
    {
      "code": "sz.000997",
      "exDate": "2021-07-08",
      "sourceRows": 1,
      "ledgerReady": false,
      "investorTaxVerified": false,
      "state": "unresolved",
      "reason": "numeric_plan_conflict:dividCashPsBeforeTax",
      "sources": [
        {
          "requestId": "request-94c52b29c3a94e178690eca3be2e432f",
          "rawSha256": "68b59d7bd05286f368afa2abd6d432f5632a3c556a717af81e9973efcfbee499",
          "rowIndex": 0
        }
      ],
      "records": [
        {
          "raw": {
            "code": "sz.000997",
            "dividAgmPumDate": "2021-05-28",
            "dividCashPsAfterTax": "0.3167119或0.3519021",
            "dividCashPsBeforeTax": "0.351902",
            "dividCashStock": "10派3.519021元（含税，扣税后3.167119或3.519021元）",
            "dividOperateDate": "2021-07-08",
            "dividPayDate": "2021-07-08",
            "dividPlanAnnounceDate": "2021-03-29",
            "dividPlanDate": "2021-07-02",
            "dividPreNoticeDate": "",
            "dividRegistDate": "2021-07-07",
            "dividReserveToStockPs": "",
            "dividStockMarketDate": "",
            "dividStocksPs": "0.000000"
          },
          "source": {
            "requestId": "request-94c52b29c3a94e178690eca3be2e432f",
            "rawSha256": "68b59d7bd05286f368afa2abd6d432f5632a3c556a717af81e9973efcfbee499",
            "rowIndex": 0
          }
        }
      ]
    },
    {
      "code": "sz.000999",
      "exDate": "2022-08-12",
      "sourceRows": 1,
      "ledgerReady": false,
      "investorTaxVerified": false,
      "state": "unresolved",
      "reason": "numeric_plan_conflict:dividCashPsBeforeTax",
      "sources": [
        {
          "requestId": "request-eb2e6d6ebc954dce844ff677126872d2",
          "rawSha256": "30061b27a29fbe3fa76575b347ad49c8b839a3423bf1ffc5d6134e9a9e89b6b6",
          "rowIndex": 0
        }
      ],
      "records": [
        {
          "raw": {
            "code": "sz.000999",
            "dividAgmPumDate": "2022-06-24",
            "dividCashPsAfterTax": "0.7675391或0.8528212",
            "dividCashPsBeforeTax": "0.852821",
            "dividCashStock": "10派8.528212元（含税，扣税后7.675391或8.528212元）",
            "dividOperateDate": "2022-08-12",
            "dividPayDate": "2022-08-12",
            "dividPlanAnnounceDate": "2022-03-26",
            "dividPlanDate": "2022-08-04",
            "dividPreNoticeDate": "",
            "dividRegistDate": "2022-08-11",
            "dividReserveToStockPs": "",
            "dividStockMarketDate": "",
            "dividStocksPs": "0.000000"
          },
          "source": {
            "requestId": "request-eb2e6d6ebc954dce844ff677126872d2",
            "rawSha256": "30061b27a29fbe3fa76575b347ad49c8b839a3423bf1ffc5d6134e9a9e89b6b6",
            "rowIndex": 0
          }
        }
      ]
    },
    {
      "code": "sz.001228",
      "exDate": "2024-11-28",
      "sourceRows": 1,
      "ledgerReady": false,
      "investorTaxVerified": false,
      "state": "unresolved",
      "reason": "numeric_plan_conflict:dividCashPsBeforeTax",
      "sources": [
        {
          "requestId": "request-cb6610a757314619be82c6256d45e37b",
          "rawSha256": "1f4e20eee9dee6b7b371eafdd6b424177b76123de668521c34c55a498479378b",
          "rowIndex": 1
        }
      ],
      "records": [
        {
          "raw": {
            "code": "sz.001228",
            "dividAgmPumDate": "2024-11-16",
            "dividCashPsAfterTax": "0.3246164或0.3606849",
            "dividCashPsBeforeTax": "0.360685",
            "dividCashStock": "10派3.606849元（含税，扣税后3.246164或3.606849元）",
            "dividOperateDate": "2024-11-28",
            "dividPayDate": "2024-11-28",
            "dividPlanAnnounceDate": "2024-10-30",
            "dividPlanDate": "2024-11-22",
            "dividPreNoticeDate": "",
            "dividRegistDate": "2024-11-27",
            "dividReserveToStockPs": "",
            "dividStockMarketDate": "",
            "dividStocksPs": "0.000000"
          },
          "source": {
            "requestId": "request-cb6610a757314619be82c6256d45e37b",
            "rawSha256": "1f4e20eee9dee6b7b371eafdd6b424177b76123de668521c34c55a498479378b",
            "rowIndex": 1
          }
        }
      ]
    },
    {
      "code": "sz.001266",
      "exDate": "2025-06-06",
      "sourceRows": 1,
      "ledgerReady": false,
      "investorTaxVerified": false,
      "state": "unresolved",
      "reason": "numeric_plan_conflict:dividCashPsBeforeTax",
      "sources": [
        {
          "requestId": "request-7266a55bb9694051845cb4ed401fede2",
          "rawSha256": "b23e58e8749d3c6d2bc45c8bc47edd9d8007b94dce5e85c88b4305616d7e8121",
          "rowIndex": 0
        }
      ],
      "records": [
        {
          "raw": {
            "code": "sz.001266",
            "dividAgmPumDate": "2025-05-22",
            "dividCashPsAfterTax": "0.2713677或0.3015197",
            "dividCashPsBeforeTax": "0.30152",
            "dividCashStock": "10派3.015197元（含税，扣税后2.713677或3.015197元）",
            "dividOperateDate": "2025-06-06",
            "dividPayDate": "2025-06-06",
            "dividPlanAnnounceDate": "2025-04-29",
            "dividPlanDate": "2025-05-30",
            "dividPreNoticeDate": "",
            "dividRegistDate": "2025-06-05",
            "dividReserveToStockPs": "",
            "dividStockMarketDate": "",
            "dividStocksPs": "0.000000"
          },
          "source": {
            "requestId": "request-7266a55bb9694051845cb4ed401fede2",
            "rawSha256": "b23e58e8749d3c6d2bc45c8bc47edd9d8007b94dce5e85c88b4305616d7e8121",
            "rowIndex": 0
          }
        }
      ]
    },
    {
      "code": "sz.001267",
      "exDate": "2023-05-25",
      "sourceRows": 1,
      "ledgerReady": false,
      "investorTaxVerified": false,
      "state": "unresolved",
      "reason": "numeric_plan_conflict:dividCashPsBeforeTax",
      "sources": [
        {
          "requestId": "request-e1bc0b2c535444828f4ae8b151a48c7c",
          "rawSha256": "af73059ec6b9e531a4a2d78544df0d5209fd02e85e1df2c6106007af90b3fb6f",
          "rowIndex": 0
        }
      ],
      "records": [
        {
          "raw": {
            "code": "sz.001267",
            "dividAgmPumDate": "2023-05-12",
            "dividCashPsAfterTax": "0.0537073或0.0596748",
            "dividCashPsBeforeTax": "0.059675",
            "dividCashStock": "10派0.596748元（含税，扣税后0.537073或0.596748元）",
            "dividOperateDate": "2023-05-25",
            "dividPayDate": "2023-05-25",
            "dividPlanAnnounceDate": "2023-04-21",
            "dividPlanDate": "2023-05-19",
            "dividPreNoticeDate": "",
            "dividRegistDate": "2023-05-24",
            "dividReserveToStockPs": "",
            "dividStockMarketDate": "",
            "dividStocksPs": "0.000000"
          },
          "source": {
            "requestId": "request-e1bc0b2c535444828f4ae8b151a48c7c",
            "rawSha256": "af73059ec6b9e531a4a2d78544df0d5209fd02e85e1df2c6106007af90b3fb6f",
            "rowIndex": 0
          }
        }
      ]
    },
    {
      "code": "sz.001269",
      "exDate": "2024-06-17",
      "sourceRows": 1,
      "ledgerReady": false,
      "investorTaxVerified": false,
      "state": "unresolved",
      "reason": "numeric_plan_conflict:dividCashPsBeforeTax",
      "sources": [
        {
          "requestId": "request-68cc9ee9a5cf4a2e96ff058f2466047f",
          "rawSha256": "701a1758b7ae150cf8751c0e2b4fc3838e10204e4d35604fef14180c62e4a68d",
          "rowIndex": 0
        }
      ],
      "records": [
        {
          "raw": {
            "code": "sz.001269",
            "dividAgmPumDate": "2024-05-21",
            "dividCashPsAfterTax": "1.0799446或1.1999385",
            "dividCashPsBeforeTax": "1.199939",
            "dividCashStock": "10派11.999385元（含税，扣税后10.799446或11.999385元）",
            "dividOperateDate": "2024-06-17",
            "dividPayDate": "2024-06-17",
            "dividPlanAnnounceDate": "2024-04-27",
            "dividPlanDate": "2024-06-08",
            "dividPreNoticeDate": "",
            "dividRegistDate": "2024-06-14",
            "dividReserveToStockPs": "",
            "dividStockMarketDate": "",
            "dividStocksPs": "0.000000"
          },
          "source": {
            "requestId": "request-68cc9ee9a5cf4a2e96ff058f2466047f",
            "rawSha256": "701a1758b7ae150cf8751c0e2b4fc3838e10204e4d35604fef14180c62e4a68d",
            "rowIndex": 0
          }
        }
      ]
    },
    {
      "code": "sz.001283",
      "exDate": "2025-06-12",
      "sourceRows": 1,
      "ledgerReady": false,
      "investorTaxVerified": false,
      "state": "unresolved",
      "reason": "numeric_plan_conflict:dividCashPsBeforeTax",
      "sources": [
        {
          "requestId": "request-a786cf4d2f0c4cf99924e3e3bbd6f72e",
          "rawSha256": "d3ee7771e343402af5f57c5a8e78b19b8a871e5832cb0298d7835f17a86e4b0c",
          "rowIndex": 0
        }
      ],
      "records": [
        {
          "raw": {
            "code": "sz.001283",
            "dividAgmPumDate": "2025-05-21",
            "dividCashPsAfterTax": "0.4319992或0.4799991",
            "dividCashPsBeforeTax": "0.479999",
            "dividCashStock": "10派4.799991元（含税，扣税后4.319992或4.799991元）",
            "dividOperateDate": "2025-06-12",
            "dividPayDate": "2025-06-12",
            "dividPlanAnnounceDate": "2025-04-28",
            "dividPlanDate": "2025-06-05",
            "dividPreNoticeDate": "",
            "dividRegistDate": "2025-06-11",
            "dividReserveToStockPs": "",
            "dividStockMarketDate": "",
            "dividStocksPs": "0.000000"
          },
          "source": {
            "requestId": "request-a786cf4d2f0c4cf99924e3e3bbd6f72e",
            "rawSha256": "d3ee7771e343402af5f57c5a8e78b19b8a871e5832cb0298d7835f17a86e4b0c",
            "rowIndex": 0
          }
        }
      ]
    },
    {
      "code": "sz.001314",
      "exDate": "2024-06-17",
      "sourceRows": 1,
      "ledgerReady": false,
      "investorTaxVerified": false,
      "state": "unresolved",
      "reason": "numeric_plan_conflict:dividCashPsBeforeTax",
      "sources": [
        {
          "requestId": "request-ecfa726b82ef4fcc96c39771210c2b13",
          "rawSha256": "cbcf9ac6cf29535618bf150290ea1de3479ec7bd8b69b5dcd8974835c5660f9d",
          "rowIndex": 0
        }
      ],
      "records": [
        {
          "raw": {
            "code": "sz.001314",
            "dividAgmPumDate": "2024-05-21",
            "dividCashPsAfterTax": "0.298048或0.3311644",
            "dividCashPsBeforeTax": "0.331164",
            "dividCashStock": "10派3.311644元（含税，扣税后2.98048或3.311644元）",
            "dividOperateDate": "2024-06-17",
            "dividPayDate": "2024-06-17",
            "dividPlanAnnounceDate": "2024-04-29",
            "dividPlanDate": "2024-06-07",
            "dividPreNoticeDate": "",
            "dividRegistDate": "2024-06-14",
            "dividReserveToStockPs": "",
            "dividStockMarketDate": "",
            "dividStocksPs": "0.000000"
          },
          "source": {
            "requestId": "request-ecfa726b82ef4fcc96c39771210c2b13",
            "rawSha256": "cbcf9ac6cf29535618bf150290ea1de3479ec7bd8b69b5dcd8974835c5660f9d",
            "rowIndex": 0
          }
        }
      ]
    },
    {
      "code": "sz.001322",
      "exDate": "2024-05-31",
      "sourceRows": 1,
      "ledgerReady": false,
      "investorTaxVerified": false,
      "state": "unresolved",
      "reason": "numeric_plan_conflict:dividCashPsBeforeTax",
      "sources": [
        {
          "requestId": "request-e8f609f2003d4b94a321a9477b830305",
          "rawSha256": "60112d5cad53fc9afa38b30e5c8adc66ac3beed477e7bf2b9ac2dedd7f7fa704",
          "rowIndex": 0
        }
      ],
      "records": [
        {
          "raw": {
            "code": "sz.001322",
            "dividAgmPumDate": "2024-05-14",
            "dividCashPsAfterTax": "0.1187024或0.1318916",
            "dividCashPsBeforeTax": "0.131892",
            "dividCashStock": "10派1.318916元（含税，扣税后1.187024或1.318916元）",
            "dividOperateDate": "2024-05-31",
            "dividPayDate": "2024-05-31",
            "dividPlanAnnounceDate": "2024-04-20",
            "dividPlanDate": "2024-05-25",
            "dividPreNoticeDate": "",
            "dividRegistDate": "2024-05-30",
            "dividReserveToStockPs": "",
            "dividStockMarketDate": "",
            "dividStocksPs": "0.000000"
          },
          "source": {
            "requestId": "request-e8f609f2003d4b94a321a9477b830305",
            "rawSha256": "60112d5cad53fc9afa38b30e5c8adc66ac3beed477e7bf2b9ac2dedd7f7fa704",
            "rowIndex": 0
          }
        }
      ]
    },
    {
      "code": "sz.001322",
      "exDate": "2025-05-22",
      "sourceRows": 1,
      "ledgerReady": false,
      "investorTaxVerified": false,
      "state": "unresolved",
      "reason": "numeric_plan_conflict:dividCashPsBeforeTax",
      "sources": [
        {
          "requestId": "request-d888beee59b94ed4868733c6cb362f65",
          "rawSha256": "fa2da7594125a7ef846173ae7cc2375e93762de3a0088d1831702c9d9f889e66",
          "rowIndex": 0
        }
      ],
      "records": [
        {
          "raw": {
            "code": "sz.001322",
            "dividAgmPumDate": "2025-05-14",
            "dividCashPsAfterTax": "0.1191343或0.1323715",
            "dividCashPsBeforeTax": "0.132372",
            "dividCashStock": "10派1.323715元（含税，扣税后1.191343或1.323715元）",
            "dividOperateDate": "2025-05-22",
            "dividPayDate": "2025-05-22",
            "dividPlanAnnounceDate": "2025-04-22",
            "dividPlanDate": "2025-05-15",
            "dividPreNoticeDate": "",
            "dividRegistDate": "2025-05-21",
            "dividReserveToStockPs": "",
            "dividStockMarketDate": "",
            "dividStocksPs": "0.000000"
          },
          "source": {
            "requestId": "request-d888beee59b94ed4868733c6cb362f65",
            "rawSha256": "fa2da7594125a7ef846173ae7cc2375e93762de3a0088d1831702c9d9f889e66",
            "rowIndex": 0
          }
        }
      ]
    },
    {
      "code": "sz.001323",
      "exDate": "2025-08-21",
      "sourceRows": 1,
      "ledgerReady": false,
      "investorTaxVerified": false,
      "state": "unresolved",
      "reason": "numeric_plan_conflict:dividCashPsBeforeTax",
      "sources": [
        {
          "requestId": "request-bd2924a4d02145ffa33600fb7b78df4c",
          "rawSha256": "b57ab47c202c554be6cbea15bc5555c6c3cdb203e2167538a5671cb957d91651",
          "rowIndex": 1
        }
      ],
      "records": [
        {
          "raw": {
            "code": "sz.001323",
            "dividAgmPumDate": "2025-08-14",
            "dividCashPsAfterTax": "",
            "dividCashPsBeforeTax": "1",
            "dividCashStock": "10转1",
            "dividOperateDate": "2025-08-21",
            "dividPayDate": "",
            "dividPlanAnnounceDate": "2025-07-29",
            "dividPlanDate": "2025-08-15",
            "dividPreNoticeDate": "",
            "dividRegistDate": "2025-08-20",
            "dividReserveToStockPs": "",
            "dividStockMarketDate": "2025-08-21",
            "dividStocksPs": "0.000000"
          },
          "source": {
            "requestId": "request-bd2924a4d02145ffa33600fb7b78df4c",
            "rawSha256": "b57ab47c202c554be6cbea15bc5555c6c3cdb203e2167538a5671cb957d91651",
            "rowIndex": 1
          }
        }
      ]
    },
    {
      "code": "sz.001324",
      "exDate": "2025-05-30",
      "sourceRows": 1,
      "ledgerReady": false,
      "investorTaxVerified": false,
      "state": "unresolved",
      "reason": "numeric_plan_conflict:dividCashPsBeforeTax",
      "sources": [
        {
          "requestId": "request-769b65aa98ff48188c53d134805837d9",
          "rawSha256": "6eb44be89d1c2854282a992a3fe2f8466a3ddac2a059da5625d414209534cf95",
          "rowIndex": 0
        }
      ],
      "records": [
        {
          "raw": {
            "code": "sz.001324",
            "dividAgmPumDate": "2025-04-30",
            "dividCashPsAfterTax": "0.0654763或0.0727514",
            "dividCashPsBeforeTax": "0.072751",
            "dividCashStock": "10派0.727514元（含税，扣税后0.654763或0.727514元）",
            "dividOperateDate": "2025-05-30",
            "dividPayDate": "2025-05-30",
            "dividPlanAnnounceDate": "2025-04-09",
            "dividPlanDate": "2025-05-23",
            "dividPreNoticeDate": "",
            "dividRegistDate": "2025-05-29",
            "dividReserveToStockPs": "",
            "dividStockMarketDate": "",
            "dividStocksPs": "0.000000"
          },
          "source": {
            "requestId": "request-769b65aa98ff48188c53d134805837d9",
            "rawSha256": "6eb44be89d1c2854282a992a3fe2f8466a3ddac2a059da5625d414209534cf95",
            "rowIndex": 0
          }
        }
      ]
    },
    {
      "code": "sz.001336",
      "exDate": "2024-07-03",
      "sourceRows": 1,
      "ledgerReady": false,
      "investorTaxVerified": false,
      "state": "unresolved",
      "reason": "numeric_plan_conflict:dividCashPsBeforeTax",
      "sources": [
        {
          "requestId": "request-67f15c889f294622a0a96061092407b8",
          "rawSha256": "e87a92e94b06ac72f6eeca72374a682b34e0417c9a42475211c78c1c7cbf7696",
          "rowIndex": 0
        }
      ],
      "records": [
        {
          "raw": {
            "code": "sz.001336",
            "dividAgmPumDate": "2024-06-13",
            "dividCashPsAfterTax": "0.0900979或0.1001088",
            "dividCashPsBeforeTax": "0.100109",
            "dividCashStock": "10派1.001088元（含税，扣税后0.900979或1.001088元）",
            "dividOperateDate": "2024-07-03",
            "dividPayDate": "2024-07-03",
            "dividPlanAnnounceDate": "2024-04-27",
            "dividPlanDate": "2024-06-26",
            "dividPreNoticeDate": "",
            "dividRegistDate": "2024-07-02",
            "dividReserveToStockPs": "",
            "dividStockMarketDate": "",
            "dividStocksPs": "0.000000"
          },
          "source": {
            "requestId": "request-67f15c889f294622a0a96061092407b8",
            "rawSha256": "e87a92e94b06ac72f6eeca72374a682b34e0417c9a42475211c78c1c7cbf7696",
            "rowIndex": 0
          }
        }
      ]
    },
    {
      "code": "sz.001914",
      "exDate": "2025-08-13",
      "sourceRows": 1,
      "ledgerReady": false,
      "investorTaxVerified": false,
      "state": "unresolved",
      "reason": "numeric_plan_conflict:dividCashPsBeforeTax",
      "sources": [
        {
          "requestId": "request-fdab44454fe148ad8c062887dcbdf954",
          "rawSha256": "e3a1f8552d3432536d0959d8edc67deaf2fb479e33f28c14f2ad5e33fb0d24f5",
          "rowIndex": 0
        }
      ],
      "records": [
        {
          "raw": {
            "code": "sz.001914",
            "dividAgmPumDate": "2025-06-18",
            "dividCashPsAfterTax": "0.2160877或0.2400974",
            "dividCashPsBeforeTax": "0.240097",
            "dividCashStock": "10派2.400974元（含税，扣税后2.160877或2.400974元）",
            "dividOperateDate": "2025-08-13",
            "dividPayDate": "2025-08-13",
            "dividPlanAnnounceDate": "2025-03-17",
            "dividPlanDate": "2025-08-06",
            "dividPreNoticeDate": "",
            "dividRegistDate": "2025-08-12",
            "dividReserveToStockPs": "",
            "dividStockMarketDate": "",
            "dividStocksPs": "0.000000"
          },
          "source": {
            "requestId": "request-fdab44454fe148ad8c062887dcbdf954",
            "rawSha256": "e3a1f8552d3432536d0959d8edc67deaf2fb479e33f28c14f2ad5e33fb0d24f5",
            "rowIndex": 0
          }
        }
      ]
    },
    {
      "code": "sz.001979",
      "exDate": "2025-07-17",
      "sourceRows": 1,
      "ledgerReady": false,
      "investorTaxVerified": false,
      "state": "unresolved",
      "reason": "numeric_plan_conflict:dividCashPsBeforeTax",
      "sources": [
        {
          "requestId": "request-7ad286a2e5c64439bc66855d7d9c70b1",
          "rawSha256": "9801cc13507ecceca370e45a3f3812cb963187d332dc4cab321d458a6e28f08b",
          "rowIndex": 0
        }
      ],
      "records": [
        {
          "raw": {
            "code": "sz.001979",
            "dividAgmPumDate": "2025-06-03",
            "dividCashPsAfterTax": "0.1746818或0.1940909",
            "dividCashPsBeforeTax": "0.194091",
            "dividCashStock": "10派1.940909元（含税，扣税后1.746818或1.940909元）",
            "dividOperateDate": "2025-07-17",
            "dividPayDate": "2025-07-17",
            "dividPlanAnnounceDate": "2025-03-18",
            "dividPlanDate": "2025-07-11",
            "dividPreNoticeDate": "",
            "dividRegistDate": "2025-07-16",
            "dividReserveToStockPs": "",
            "dividStockMarketDate": "",
            "dividStocksPs": "0.000000"
          },
          "source": {
            "requestId": "request-7ad286a2e5c64439bc66855d7d9c70b1",
            "rawSha256": "9801cc13507ecceca370e45a3f3812cb963187d332dc4cab321d458a6e28f08b",
            "rowIndex": 0
          }
        }
      ]
    },
    {
      "code": "sz.002002",
      "exDate": "2021-06-22",
      "sourceRows": 1,
      "ledgerReady": false,
      "investorTaxVerified": false,
      "state": "unresolved",
      "reason": "numeric_plan_conflict:dividCashPsBeforeTax",
      "sources": [
        {
          "requestId": "request-f9cd92aabb404325b0efc252b9e688f1",
          "rawSha256": "3c27a4c1f16428b1d0521f28ec037840f1ba190b8d30d14f43aeb7640f1a785f",
          "rowIndex": 0
        }
      ],
      "records": [
        {
          "raw": {
            "code": "sz.002002",
            "dividAgmPumDate": "2021-04-24",
            "dividCashPsAfterTax": "0.0085132或0.0094591",
            "dividCashPsBeforeTax": "0.009459",
            "dividCashStock": "10派0.094591元（含税，扣税后0.085132或0.094591元）",
            "dividOperateDate": "2021-06-22",
            "dividPayDate": "2021-06-22",
            "dividPlanAnnounceDate": "2021-03-31",
            "dividPlanDate": "2021-06-16",
            "dividPreNoticeDate": "",
            "dividRegistDate": "2021-06-21",
            "dividReserveToStockPs": "",
            "dividStockMarketDate": "",
            "dividStocksPs": "0.000000"
          },
          "source": {
            "requestId": "request-f9cd92aabb404325b0efc252b9e688f1",
            "rawSha256": "3c27a4c1f16428b1d0521f28ec037840f1ba190b8d30d14f43aeb7640f1a785f",
            "rowIndex": 0
          }
        }
      ]
    },
    {
      "code": "sz.002028",
      "exDate": "2021-06-23",
      "sourceRows": 1,
      "ledgerReady": false,
      "investorTaxVerified": false,
      "state": "unresolved",
      "reason": "numeric_plan_conflict:dividCashPsBeforeTax",
      "sources": [
        {
          "requestId": "request-90b70c072743458b9d7bc475975f438c",
          "rawSha256": "6718f8f6930e019ebe26ef07a6fb25599bbecebb2313726eea064bd12be24f2e",
          "rowIndex": 0
        }
      ],
      "records": [
        {
          "raw": {
            "code": "sz.002028",
            "dividAgmPumDate": "2021-06-15",
            "dividCashPsAfterTax": "0.1799818或0.1999798",
            "dividCashPsBeforeTax": "0.19998",
            "dividCashStock": "10派1.999798元（含税，扣税后1.799818或1.999798元）",
            "dividOperateDate": "2021-06-23",
            "dividPayDate": "2021-06-23",
            "dividPlanAnnounceDate": "2021-04-17",
            "dividPlanDate": "2021-06-16",
            "dividPreNoticeDate": "",
            "dividRegistDate": "2021-06-22",
            "dividReserveToStockPs": "",
            "dividStockMarketDate": "",
            "dividStocksPs": "0.000000"
          },
          "source": {
            "requestId": "request-90b70c072743458b9d7bc475975f438c",
            "rawSha256": "6718f8f6930e019ebe26ef07a6fb25599bbecebb2313726eea064bd12be24f2e",
            "rowIndex": 0
          }
        }
      ]
    },
    {
      "code": "sz.002028",
      "exDate": "2023-06-26",
      "sourceRows": 1,
      "ledgerReady": false,
      "investorTaxVerified": false,
      "state": "unresolved",
      "reason": "numeric_plan_conflict:dividCashPsBeforeTax",
      "sources": [
        {
          "requestId": "request-df90a77960414ba788bc4a8010746bbf",
          "rawSha256": "6a34e5b45c4403713c7df4a7fc00e1d2fc2e12d19259ee801ed8913c510477b7",
          "rowIndex": 0
        }
      ],
      "records": [
        {
          "raw": {
            "code": "sz.002028",
            "dividAgmPumDate": "2023-06-10",
            "dividCashPsAfterTax": "0.269984或0.2999822",
            "dividCashPsBeforeTax": "0.299982",
            "dividCashStock": "10派2.999822元（含税，扣税后2.69984或2.999822元）",
            "dividOperateDate": "2023-06-26",
            "dividPayDate": "2023-06-26",
            "dividPlanAnnounceDate": "2023-04-15",
            "dividPlanDate": "2023-06-16",
            "dividPreNoticeDate": "",
            "dividRegistDate": "2023-06-21",
            "dividReserveToStockPs": "",
            "dividStockMarketDate": "",
            "dividStocksPs": "0.000000"
          },
          "source": {
            "requestId": "request-df90a77960414ba788bc4a8010746bbf",
            "rawSha256": "6a34e5b45c4403713c7df4a7fc00e1d2fc2e12d19259ee801ed8913c510477b7",
            "rowIndex": 0
          }
        }
      ]
    },
    {
      "code": "sz.002028",
      "exDate": "2025-07-04",
      "sourceRows": 1,
      "ledgerReady": false,
      "investorTaxVerified": false,
      "state": "unresolved",
      "reason": "numeric_plan_conflict:dividCashPsBeforeTax",
      "sources": [
        {
          "requestId": "request-1d9c6e00162f436f808fb961312a0714",
          "rawSha256": "115b174f513a8229d1531807a94eaa4510e261a8368d71023e3b51d6d836fe47",
          "rowIndex": 0
        }
      ],
      "records": [
        {
          "raw": {
            "code": "sz.002028",
            "dividAgmPumDate": "2025-06-14",
            "dividCashPsAfterTax": "0.4498563或0.4998403",
            "dividCashPsBeforeTax": "0.49984",
            "dividCashStock": "10派4.998403元（含税，扣税后4.498563或4.998403元）",
            "dividOperateDate": "2025-07-04",
            "dividPayDate": "2025-07-04",
            "dividPlanAnnounceDate": "2025-04-19",
            "dividPlanDate": "2025-06-27",
            "dividPreNoticeDate": "",
            "dividRegistDate": "2025-07-03",
            "dividReserveToStockPs": "",
            "dividStockMarketDate": "",
            "dividStocksPs": "0.000000"
          },
          "source": {
            "requestId": "request-1d9c6e00162f436f808fb961312a0714",
            "rawSha256": "115b174f513a8229d1531807a94eaa4510e261a8368d71023e3b51d6d836fe47",
            "rowIndex": 0
          }
        }
      ]
    },
    {
      "code": "sz.002034",
      "exDate": "2022-05-31",
      "sourceRows": 1,
      "ledgerReady": false,
      "investorTaxVerified": false,
      "state": "unresolved",
      "reason": "numeric_plan_conflict:dividCashPsBeforeTax",
      "sources": [
        {
          "requestId": "request-1b481bb6201b46ffb5e2c0b621f97de5",
          "rawSha256": "96aaf923ebf7e6953219af0946eb6f61974eb47ffe5c19ac648a47b51428044e",
          "rowIndex": 0
        }
      ],
      "records": [
        {
          "raw": {
            "code": "sz.002034",
            "dividAgmPumDate": "2022-05-20",
            "dividCashPsAfterTax": "0.2699994或0.2999993",
            "dividCashPsBeforeTax": "0.299999",
            "dividCashStock": "10派2.999993元（含税，扣税后2.699994或2.999993元）",
            "dividOperateDate": "2022-05-31",
            "dividPayDate": "2022-05-31",
            "dividPlanAnnounceDate": "2022-04-28",
            "dividPlanDate": "2022-05-25",
            "dividPreNoticeDate": "",
            "dividRegistDate": "2022-05-30",
            "dividReserveToStockPs": "",
            "dividStockMarketDate": "",
            "dividStocksPs": "0.000000"
          },
          "source": {
            "requestId": "request-1b481bb6201b46ffb5e2c0b621f97de5",
            "rawSha256": "96aaf923ebf7e6953219af0946eb6f61974eb47ffe5c19ac648a47b51428044e",
            "rowIndex": 0
          }
        }
      ]
    },
    {
      "code": "sz.002034",
      "exDate": "2023-06-01",
      "sourceRows": 1,
      "ledgerReady": false,
      "investorTaxVerified": false,
      "state": "unresolved",
      "reason": "numeric_plan_conflict:dividCashPsBeforeTax",
      "sources": [
        {
          "requestId": "request-4492f1e481e34958a2d8d8f5cec1b523",
          "rawSha256": "707eecbf12eea4f826636d68a615a3ab377fc0abaa955e6e6ef7b4c5fbb6d6fe",
          "rowIndex": 0
        }
      ],
      "records": [
        {
          "raw": {
            "code": "sz.002034",
            "dividAgmPumDate": "2023-05-12",
            "dividCashPsAfterTax": "0.4499999或0.4999999",
            "dividCashPsBeforeTax": "0.5",
            "dividCashStock": "10派4.999999元（含税，扣税后4.499999或4.999999元）",
            "dividOperateDate": "2023-06-01",
            "dividPayDate": "2023-06-01",
            "dividPlanAnnounceDate": "2023-04-20",
            "dividPlanDate": "2023-05-25",
            "dividPreNoticeDate": "",
            "dividRegistDate": "2023-05-31",
            "dividReserveToStockPs": "",
            "dividStockMarketDate": "",
            "dividStocksPs": "0.000000"
          },
          "source": {
            "requestId": "request-4492f1e481e34958a2d8d8f5cec1b523",
            "rawSha256": "707eecbf12eea4f826636d68a615a3ab377fc0abaa955e6e6ef7b4c5fbb6d6fe",
            "rowIndex": 0
          }
        }
      ]
    },
    {
      "code": "sz.002034",
      "exDate": "2025-07-11",
      "sourceRows": 1,
      "ledgerReady": false,
      "investorTaxVerified": false,
      "state": "unresolved",
      "reason": "numeric_plan_conflict:dividCashPsBeforeTax",
      "sources": [
        {
          "requestId": "request-3e4c523937e243e6bcbbffe24cf64d2f",
          "rawSha256": "3656826888602ee0fe872006fcaf1813c029a6153785fcf318300c57c7cd9fb9",
          "rowIndex": 0
        }
      ],
      "records": [
        {
          "raw": {
            "code": "sz.002034",
            "dividAgmPumDate": "2025-05-24",
            "dividCashPsAfterTax": "0.2707597或0.3008441",
            "dividCashPsBeforeTax": "0.300844",
            "dividCashStock": "10派3.008441元（含税，扣税后2.707597或3.008441元）",
            "dividOperateDate": "2025-07-11",
            "dividPayDate": "2025-07-11",
            "dividPlanAnnounceDate": "2025-04-18",
            "dividPlanDate": "2025-07-04",
            "dividPreNoticeDate": "",
            "dividRegistDate": "2025-07-10",
            "dividReserveToStockPs": "",
            "dividStockMarketDate": "",
            "dividStocksPs": "0.000000"
          },
          "source": {
            "requestId": "request-3e4c523937e243e6bcbbffe24cf64d2f",
            "rawSha256": "3656826888602ee0fe872006fcaf1813c029a6153785fcf318300c57c7cd9fb9",
            "rowIndex": 0
          }
        }
      ]
    },
    {
      "code": "sz.002036",
      "exDate": "2021-06-07",
      "sourceRows": 1,
      "ledgerReady": false,
      "investorTaxVerified": false,
      "state": "unresolved",
      "reason": "numeric_plan_conflict:dividCashPsBeforeTax",
      "sources": [
        {
          "requestId": "request-f428d737a0ce4173a4aebda8d5008513",
          "rawSha256": "cb6eceba3fa3eeb61210b735c9652013956ad8f70e18dbb237c0555fa1e271bb",
          "rowIndex": 0
        }
      ],
      "records": [
        {
          "raw": {
            "code": "sz.002036",
            "dividAgmPumDate": "2021-05-19",
            "dividCashPsAfterTax": "0.0141931或0.0157701",
            "dividCashPsBeforeTax": "0.01577",
            "dividCashStock": "10派0.157701元（含税，扣税后0.141931或0.157701元）",
            "dividOperateDate": "2021-06-07",
            "dividPayDate": "2021-06-07",
            "dividPlanAnnounceDate": "2021-04-27",
            "dividPlanDate": "2021-06-01",
            "dividPreNoticeDate": "",
            "dividRegistDate": "2021-06-04",
            "dividReserveToStockPs": "",
            "dividStockMarketDate": "",
            "dividStocksPs": "0.000000"
          },
          "source": {
            "requestId": "request-f428d737a0ce4173a4aebda8d5008513",
            "rawSha256": "cb6eceba3fa3eeb61210b735c9652013956ad8f70e18dbb237c0555fa1e271bb",
            "rowIndex": 0
          }
        }
      ]
    },
    {
      "code": "sz.002036",
      "exDate": "2022-07-11",
      "sourceRows": 1,
      "ledgerReady": false,
      "investorTaxVerified": false,
      "state": "unresolved",
      "reason": "numeric_plan_conflict:dividCashPsBeforeTax",
      "sources": [
        {
          "requestId": "request-3307c6252afd49a2b2ff146679a52bbf",
          "rawSha256": "e56c423d06fe42b3b33fef5e29d2c73fd90637431e6b7269710fcf3d229b886f",
          "rowIndex": 0
        }
      ],
      "records": [
        {
          "raw": {
            "code": "sz.002036",
            "dividAgmPumDate": "2022-05-17",
            "dividCashPsAfterTax": "0.0098999或0.0109999",
            "dividCashPsBeforeTax": "0.011",
            "dividCashStock": "10派0.109999元（含税，扣税后0.098999或0.109999元）",
            "dividOperateDate": "2022-07-11",
            "dividPayDate": "2022-07-11",
            "dividPlanAnnounceDate": "2022-04-26",
            "dividPlanDate": "2022-07-05",
            "dividPreNoticeDate": "",
            "dividRegistDate": "2022-07-08",
            "dividReserveToStockPs": "",
            "dividStockMarketDate": "",
            "dividStocksPs": "0.000000"
          },
          "source": {
            "requestId": "request-3307c6252afd49a2b2ff146679a52bbf",
            "rawSha256": "e56c423d06fe42b3b33fef5e29d2c73fd90637431e6b7269710fcf3d229b886f",
            "rowIndex": 0
          }
        }
      ]
    },
    {
      "code": "sz.002036",
      "exDate": "2023-07-11",
      "sourceRows": 1,
      "ledgerReady": false,
      "investorTaxVerified": false,
      "state": "unresolved",
      "reason": "numeric_plan_conflict:dividCashPsBeforeTax",
      "sources": [
        {
          "requestId": "request-44e79a5572ca464ba2dc7fac43118f06",
          "rawSha256": "8f0c7b3c77eee6c3ff396485db5b9e3d111089bfb21b11f3c9c7377c4c3ba27c",
          "rowIndex": 0
        }
      ],
      "records": [
        {
          "raw": {
            "code": "sz.002036",
            "dividAgmPumDate": "2023-05-17",
            "dividCashPsAfterTax": "0.008153或0.0090589",
            "dividCashPsBeforeTax": "0.009059",
            "dividCashStock": "10派0.090589元（含税，扣税后0.08153或0.090589元）",
            "dividOperateDate": "2023-07-11",
            "dividPayDate": "2023-07-11",
            "dividPlanAnnounceDate": "2023-04-25",
            "dividPlanDate": "2023-07-05",
            "dividPreNoticeDate": "",
            "dividRegistDate": "2023-07-10",
            "dividReserveToStockPs": "",
            "dividStockMarketDate": "",
            "dividStocksPs": "0.000000"
          },
          "source": {
            "requestId": "request-44e79a5572ca464ba2dc7fac43118f06",
            "rawSha256": "8f0c7b3c77eee6c3ff396485db5b9e3d111089bfb21b11f3c9c7377c4c3ba27c",
            "rowIndex": 0
          }
        }
      ]
    },
    {
      "code": "sz.002046",
      "exDate": "2022-06-30",
      "sourceRows": 1,
      "ledgerReady": false,
      "investorTaxVerified": false,
      "state": "unresolved",
      "reason": "numeric_plan_conflict:dividCashPsBeforeTax",
      "sources": [
        {
          "requestId": "request-5ebff7735d6642c6bf0782c32f5bed3a",
          "rawSha256": "642b9a96b3e1da55aa6dc560102806aa09e4bd123e34627d9268300fbb523944",
          "rowIndex": 0
        }
      ],
      "records": [
        {
          "raw": {
            "code": "sz.002046",
            "dividAgmPumDate": "2022-05-17",
            "dividCashPsAfterTax": "0.0909706或0.1010785",
            "dividCashPsBeforeTax": "0.101079",
            "dividCashStock": "10派1.010785元（含税，扣税后0.909706或1.010785元）",
            "dividOperateDate": "2022-06-30",
            "dividPayDate": "2022-06-30",
            "dividPlanAnnounceDate": "2022-04-13",
            "dividPlanDate": "2022-06-23",
            "dividPreNoticeDate": "",
            "dividRegistDate": "2022-06-29",
            "dividReserveToStockPs": "",
            "dividStockMarketDate": "",
            "dividStocksPs": "0.000000"
          },
          "source": {
            "requestId": "request-5ebff7735d6642c6bf0782c32f5bed3a",
            "rawSha256": "642b9a96b3e1da55aa6dc560102806aa09e4bd123e34627d9268300fbb523944",
            "rowIndex": 0
          }
        }
      ]
    },
    {
      "code": "sz.002048",
      "exDate": "2022-06-15",
      "sourceRows": 1,
      "ledgerReady": false,
      "investorTaxVerified": false,
      "state": "unresolved",
      "reason": "numeric_plan_conflict:dividCashPsBeforeTax",
      "sources": [
        {
          "requestId": "request-770e6675d761470e862775d86289396e",
          "rawSha256": "3534f19553147fc9eee60f058184e881c5bda09d40359ea8b0f24e78dde7faf9",
          "rowIndex": 0
        }
      ],
      "records": [
        {
          "raw": {
            "code": "sz.002048",
            "dividAgmPumDate": "2022-05-20",
            "dividCashPsAfterTax": "0.1122457或0.1247175",
            "dividCashPsBeforeTax": "0.124717",
            "dividCashStock": "10派1.247175元（含税，扣税后1.122457或1.247175元）",
            "dividOperateDate": "2022-06-15",
            "dividPayDate": "2022-06-15",
            "dividPlanAnnounceDate": "2022-04-29",
            "dividPlanDate": "2022-06-09",
            "dividPreNoticeDate": "",
            "dividRegistDate": "2022-06-14",
            "dividReserveToStockPs": "",
            "dividStockMarketDate": "",
            "dividStocksPs": "0.000000"
          },
          "source": {
            "requestId": "request-770e6675d761470e862775d86289396e",
            "rawSha256": "3534f19553147fc9eee60f058184e881c5bda09d40359ea8b0f24e78dde7faf9",
            "rowIndex": 0
          }
        }
      ]
    },
    {
      "code": "sz.002049",
      "exDate": "2022-08-24",
      "sourceRows": 1,
      "ledgerReady": false,
      "investorTaxVerified": false,
      "state": "unresolved",
      "reason": "numeric_plan_conflict:dividReserveToStockPs",
      "sources": [
        {
          "requestId": "request-e48219faa68f4ff3b65f1c225a1d774d",
          "rawSha256": "7a853c0d7ccd009a4e1febc7d584ed5cc9217442fbb212ef2d50b31008a385ed",
          "rowIndex": 0
        }
      ],
      "records": [
        {
          "raw": {
            "code": "sz.002049",
            "dividAgmPumDate": "2022-06-29",
            "dividCashPsAfterTax": "0.2924982或0.324998",
            "dividCashPsBeforeTax": "0.324998",
            "dividCashStock": "10转3.999976派3.24998元（含税，扣税后2.924982或3.24998元）",
            "dividOperateDate": "2022-08-24",
            "dividPayDate": "2022-08-24",
            "dividPlanAnnounceDate": "2022-04-21",
            "dividPlanDate": "2022-08-18",
            "dividPreNoticeDate": "",
            "dividRegistDate": "2022-08-23",
            "dividReserveToStockPs": "0.399998",
            "dividStockMarketDate": "2022-08-24",
            "dividStocksPs": "0.000000"
          },
          "source": {
            "requestId": "request-e48219faa68f4ff3b65f1c225a1d774d",
            "rawSha256": "7a853c0d7ccd009a4e1febc7d584ed5cc9217442fbb212ef2d50b31008a385ed",
            "rowIndex": 0
          }
        }
      ]
    },
    {
      "code": "sz.002056",
      "exDate": "2022-05-20",
      "sourceRows": 1,
      "ledgerReady": false,
      "investorTaxVerified": false,
      "state": "unresolved",
      "reason": "numeric_plan_conflict:dividCashPsBeforeTax",
      "sources": [
        {
          "requestId": "request-4e211cf77db348fd9089b072e8c4db24",
          "rawSha256": "bcb99ce1d8d336855dc8edaa006f6944665b6844e7fc4d48f599f7703c9e1a5a",
          "rowIndex": 0
        }
      ],
      "records": [
        {
          "raw": {
            "code": "sz.002056",
            "dividAgmPumDate": "2022-04-02",
            "dividCashPsAfterTax": "0.217484或0.2416489",
            "dividCashPsBeforeTax": "0.241649",
            "dividCashStock": "10派2.416489元（含税，扣税后2.17484或2.416489元）",
            "dividOperateDate": "2022-05-20",
            "dividPayDate": "2022-05-20",
            "dividPlanAnnounceDate": "2022-03-11",
            "dividPlanDate": "2022-05-14",
            "dividPreNoticeDate": "",
            "dividRegistDate": "2022-05-19",
            "dividReserveToStockPs": "",
            "dividStockMarketDate": "",
            "dividStocksPs": "0.000000"
          },
          "source": {
            "requestId": "request-4e211cf77db348fd9089b072e8c4db24",
            "rawSha256": "bcb99ce1d8d336855dc8edaa006f6944665b6844e7fc4d48f599f7703c9e1a5a",
            "rowIndex": 0
          }
        }
      ]
    },
    {
      "code": "sz.002056",
      "exDate": "2023-05-19",
      "sourceRows": 1,
      "ledgerReady": false,
      "investorTaxVerified": false,
      "state": "unresolved",
      "reason": "numeric_plan_conflict:dividCashPsBeforeTax",
      "sources": [
        {
          "requestId": "request-d7b2d71310394fc6bf1965c33af997bf",
          "rawSha256": "c20c7fb04513917b1d79507bfaade32ece9235a0e550cf96ce24860f6dffdebb",
          "rowIndex": 0
        }
      ],
      "records": [
        {
          "raw": {
            "code": "sz.002056",
            "dividAgmPumDate": "2023-03-30",
            "dividCashPsAfterTax": "0.3258289或0.3620321",
            "dividCashPsBeforeTax": "0.362032",
            "dividCashStock": "10派3.620321元（含税，扣税后3.258289或3.620321元）",
            "dividOperateDate": "2023-05-19",
            "dividPayDate": "2023-05-19",
            "dividPlanAnnounceDate": "2023-03-09",
            "dividPlanDate": "2023-05-12",
            "dividPreNoticeDate": "",
            "dividRegistDate": "2023-05-18",
            "dividReserveToStockPs": "",
            "dividStockMarketDate": "",
            "dividStocksPs": "0.000000"
          },
          "source": {
            "requestId": "request-d7b2d71310394fc6bf1965c33af997bf",
            "rawSha256": "c20c7fb04513917b1d79507bfaade32ece9235a0e550cf96ce24860f6dffdebb",
            "rowIndex": 0
          }
        }
      ]
    },
    {
      "code": "sz.002056",
      "exDate": "2024-05-16",
      "sourceRows": 1,
      "ledgerReady": false,
      "investorTaxVerified": false,
      "state": "unresolved",
      "reason": "numeric_plan_conflict:dividCashPsBeforeTax",
      "sources": [
        {
          "requestId": "request-ec93921b045a40cea4e289497601810f",
          "rawSha256": "a86d41b14187428da748fd4c7db7aed5d48d35733293baaa5219cc59dc8dd9c9",
          "rowIndex": 0
        }
      ],
      "records": [
        {
          "raw": {
            "code": "sz.002056",
            "dividAgmPumDate": "2024-03-30",
            "dividCashPsAfterTax": "0.349537或0.3883745",
            "dividCashPsBeforeTax": "0.388374",
            "dividCashStock": "10派3.883745元（含税，扣税后3.49537或3.883745元）",
            "dividOperateDate": "2024-05-16",
            "dividPayDate": "2024-05-16",
            "dividPlanAnnounceDate": "2024-03-09",
            "dividPlanDate": "2024-05-10",
            "dividPreNoticeDate": "",
            "dividRegistDate": "2024-05-15",
            "dividReserveToStockPs": "",
            "dividStockMarketDate": "",
            "dividStocksPs": "0.000000"
          },
          "source": {
            "requestId": "request-ec93921b045a40cea4e289497601810f",
            "rawSha256": "a86d41b14187428da748fd4c7db7aed5d48d35733293baaa5219cc59dc8dd9c9",
            "rowIndex": 0
          }
        }
      ]
    },
    {
      "code": "sz.002061",
      "exDate": "2021-07-13",
      "sourceRows": 1,
      "ledgerReady": false,
      "investorTaxVerified": false,
      "state": "unresolved",
      "reason": "numeric_plan_conflict:dividCashPsBeforeTax",
      "sources": [
        {
          "requestId": "request-674eb29d52ea4d60976244a08eabedc8",
          "rawSha256": "6fcf1c9d21cd4d8270fee471f9bf652da4a2f6584a9cbcebc6f6e843aac2bde3",
          "rowIndex": 0
        }
      ],
      "records": [
        {
          "raw": {
            "code": "sz.002061",
            "dividAgmPumDate": "2021-05-20",
            "dividCashPsAfterTax": "0.107996或0.1199956",
            "dividCashPsBeforeTax": "0.119996",
            "dividCashStock": "10派1.199956元（含税，扣税后1.07996或1.199956元）",
            "dividOperateDate": "2021-07-13",
            "dividPayDate": "2021-07-13",
            "dividPlanAnnounceDate": "2021-04-29",
            "dividPlanDate": "2021-07-06",
            "dividPreNoticeDate": "",
            "dividRegistDate": "2021-07-12",
            "dividReserveToStockPs": "",
            "dividStockMarketDate": "",
            "dividStocksPs": "0.000000"
          },
          "source": {
            "requestId": "request-674eb29d52ea4d60976244a08eabedc8",
            "rawSha256": "6fcf1c9d21cd4d8270fee471f9bf652da4a2f6584a9cbcebc6f6e843aac2bde3",
            "rowIndex": 0
          }
        }
      ]
    },
    {
      "code": "sz.002061",
      "exDate": "2022-06-13",
      "sourceRows": 1,
      "ledgerReady": false,
      "investorTaxVerified": false,
      "state": "unresolved",
      "reason": "numeric_plan_conflict:dividCashPsBeforeTax",
      "sources": [
        {
          "requestId": "request-21f64f5b09c34f92b1c10277d9c17b4a",
          "rawSha256": "89fe8f8fc270b366a50e8f39f4f664cc90b94815c07997a760cd11c17f6104fd",
          "rowIndex": 0
        }
      ],
      "records": [
        {
          "raw": {
            "code": "sz.002061",
            "dividAgmPumDate": "2022-05-21",
            "dividCashPsAfterTax": "0.1451625或0.1612917",
            "dividCashPsBeforeTax": "0.161292",
            "dividCashStock": "10派1.612917元（含税，扣税后1.451625或1.612917元）",
            "dividOperateDate": "2022-06-13",
            "dividPayDate": "2022-06-13",
            "dividPlanAnnounceDate": "2022-04-29",
            "dividPlanDate": "2022-06-07",
            "dividPreNoticeDate": "",
            "dividRegistDate": "2022-06-10",
            "dividReserveToStockPs": "",
            "dividStockMarketDate": "",
            "dividStocksPs": "0.000000"
          },
          "source": {
            "requestId": "request-21f64f5b09c34f92b1c10277d9c17b4a",
            "rawSha256": "89fe8f8fc270b366a50e8f39f4f664cc90b94815c07997a760cd11c17f6104fd",
            "rowIndex": 0
          }
        }
      ]
    },
    {
      "code": "sz.002068",
      "exDate": "2021-11-01",
      "sourceRows": 1,
      "ledgerReady": false,
      "investorTaxVerified": false,
      "state": "unresolved",
      "reason": "numeric_plan_conflict:dividCashPsBeforeTax",
      "sources": [
        {
          "requestId": "request-46a1db46cadb4a7eb389b4ab29f40589",
          "rawSha256": "e1067e646242cd8c2eaa6a2a065903faf5567982ad4f39c150bf47978e5b31cb",
          "rowIndex": 1
        }
      ],
      "records": [
        {
          "raw": {
            "code": "sz.002068",
            "dividAgmPumDate": "2021-09-30",
            "dividCashPsAfterTax": "0.1343998或0.1493331",
            "dividCashPsBeforeTax": "0.149333",
            "dividCashStock": "10派1.493331元（含税，扣税后1.343998或1.493331元）",
            "dividOperateDate": "2021-11-01",
            "dividPayDate": "2021-11-01",
            "dividPlanAnnounceDate": "2021-08-27",
            "dividPlanDate": "2021-10-26",
            "dividPreNoticeDate": "",
            "dividRegistDate": "2021-10-29",
            "dividReserveToStockPs": "",
            "dividStockMarketDate": "",
            "dividStocksPs": "0.000000"
          },
          "source": {
            "requestId": "request-46a1db46cadb4a7eb389b4ab29f40589",
            "rawSha256": "e1067e646242cd8c2eaa6a2a065903faf5567982ad4f39c150bf47978e5b31cb",
            "rowIndex": 1
          }
        }
      ]
    },
    {
      "code": "sz.002074",
      "exDate": "2022-06-17",
      "sourceRows": 1,
      "ledgerReady": false,
      "investorTaxVerified": false,
      "state": "unresolved",
      "reason": "numeric_plan_conflict:dividCashPsBeforeTax",
      "sources": [
        {
          "requestId": "request-dca891c71908440fb986035ede4f4cc7",
          "rawSha256": "325d63dea852dc8b70a6901e15fb5a4deba7319e5f6062b9769a763328c38e6e",
          "rowIndex": 0
        }
      ],
      "records": [
        {
          "raw": {
            "code": "sz.002074",
            "dividAgmPumDate": "2022-05-24",
            "dividCashPsAfterTax": "0.090119或0.1001322",
            "dividCashPsBeforeTax": "0.100132",
            "dividCashStock": "10派1.001322元（含税，扣税后0.90119或1.001322元）",
            "dividOperateDate": "2022-06-17",
            "dividPayDate": "2022-06-17",
            "dividPlanAnnounceDate": "2022-04-29",
            "dividPlanDate": "2022-06-11",
            "dividPreNoticeDate": "",
            "dividRegistDate": "2022-06-16",
            "dividReserveToStockPs": "",
            "dividStockMarketDate": "",
            "dividStocksPs": "0.000000"
          },
          "source": {
            "requestId": "request-dca891c71908440fb986035ede4f4cc7",
            "rawSha256": "325d63dea852dc8b70a6901e15fb5a4deba7319e5f6062b9769a763328c38e6e",
            "rowIndex": 0
          }
        }
      ]
    },
    {
      "code": "sz.002079",
      "exDate": "2022-06-17",
      "sourceRows": 1,
      "ledgerReady": false,
      "investorTaxVerified": false,
      "state": "unresolved",
      "reason": "numeric_plan_conflict:dividCashPsBeforeTax",
      "sources": [
        {
          "requestId": "request-6c7d43d0b4094eb392bc7ad052e14017",
          "rawSha256": "91f31446b841581c3892f8a0f299bb5bb8c4e09356dcec83db607e5c99187530",
          "rowIndex": 0
        }
      ],
      "records": [
        {
          "raw": {
            "code": "sz.002079",
            "dividAgmPumDate": "2022-04-20",
            "dividCashPsAfterTax": "0.0398381或0.0442646",
            "dividCashPsBeforeTax": "0.044265",
            "dividCashStock": "10派0.442646元（含税，扣税后0.398381或0.442646元）",
            "dividOperateDate": "2022-06-17",
            "dividPayDate": "2022-06-17",
            "dividPlanAnnounceDate": "2022-03-26",
            "dividPlanDate": "2022-06-10",
            "dividPreNoticeDate": "",
            "dividRegistDate": "2022-06-16",
            "dividReserveToStockPs": "",
            "dividStockMarketDate": "",
            "dividStocksPs": "0.000000"
          },
          "source": {
            "requestId": "request-6c7d43d0b4094eb392bc7ad052e14017",
            "rawSha256": "91f31446b841581c3892f8a0f299bb5bb8c4e09356dcec83db607e5c99187530",
            "rowIndex": 0
          }
        }
      ]
    },
    {
      "code": "sz.002084",
      "exDate": "2024-06-26",
      "sourceRows": 1,
      "ledgerReady": false,
      "investorTaxVerified": false,
      "state": "unresolved",
      "reason": "numeric_plan_conflict:dividCashPsBeforeTax",
      "sources": [
        {
          "requestId": "request-3421986389fb4e35b02be06976af7f9b",
          "rawSha256": "ddce71af51fbf276dcb0e8ef2254fcbb770bac9a1fdcb2da08bb373c8579601d",
          "rowIndex": 0
        }
      ],
      "records": [
        {
          "raw": {
            "code": "sz.002084",
            "dividAgmPumDate": "2024-05-21",
            "dividCashPsAfterTax": "0.0270742或0.0300824",
            "dividCashPsBeforeTax": "0.030082",
            "dividCashStock": "10派0.300824元（含税，扣税后0.270742或0.300824元）",
            "dividOperateDate": "2024-06-26",
            "dividPayDate": "2024-06-26",
            "dividPlanAnnounceDate": "2024-04-20",
            "dividPlanDate": "2024-06-20",
            "dividPreNoticeDate": "",
            "dividRegistDate": "2024-06-25",
            "dividReserveToStockPs": "",
            "dividStockMarketDate": "",
            "dividStocksPs": "0.000000"
          },
          "source": {
            "requestId": "request-3421986389fb4e35b02be06976af7f9b",
            "rawSha256": "ddce71af51fbf276dcb0e8ef2254fcbb770bac9a1fdcb2da08bb373c8579601d",
            "rowIndex": 0
          }
        }
      ]
    },
    {
      "code": "sz.002097",
      "exDate": "2021-06-11",
      "sourceRows": 1,
      "ledgerReady": false,
      "investorTaxVerified": false,
      "state": "unresolved",
      "reason": "numeric_plan_conflict:dividCashPsBeforeTax",
      "sources": [
        {
          "requestId": "request-6cf01c130160404cb129f67c09547b8b",
          "rawSha256": "fb5f189d9a8881803b60273833535ee6315f71eb2e2f71b62e2a77ce469a36ff",
          "rowIndex": 0
        }
      ],
      "records": [
        {
          "raw": {
            "code": "sz.002097",
            "dividAgmPumDate": "2021-04-16",
            "dividCashPsAfterTax": "0.0910545或0.1011717",
            "dividCashPsBeforeTax": "0.101172",
            "dividCashStock": "10派1.011717元（含税，扣税后0.910545或1.011717元）",
            "dividOperateDate": "2021-06-11",
            "dividPayDate": "2021-06-11",
            "dividPlanAnnounceDate": "2021-03-23",
            "dividPlanDate": "2021-06-03",
            "dividPreNoticeDate": "",
            "dividRegistDate": "2021-06-10",
            "dividReserveToStockPs": "",
            "dividStockMarketDate": "",
            "dividStocksPs": "0.000000"
          },
          "source": {
            "requestId": "request-6cf01c130160404cb129f67c09547b8b",
            "rawSha256": "fb5f189d9a8881803b60273833535ee6315f71eb2e2f71b62e2a77ce469a36ff",
            "rowIndex": 0
          }
        }
      ]
    },
    {
      "code": "sz.002104",
      "exDate": "2025-06-17",
      "sourceRows": 1,
      "ledgerReady": false,
      "investorTaxVerified": false,
      "state": "unresolved",
      "reason": "numeric_plan_conflict:dividCashPsBeforeTax",
      "sources": [
        {
          "requestId": "request-b7c839a83afd456e8baa7c003ac435b0",
          "rawSha256": "fc0bc27fc554e60983f28da923f1ca0978b2f6c6c9be5e8b552b565ec8772b52",
          "rowIndex": 0
        }
      ],
      "records": [
        {
          "raw": {
            "code": "sz.002104",
            "dividAgmPumDate": "2025-05-29",
            "dividCashPsAfterTax": "0.0724359或0.0804843",
            "dividCashPsBeforeTax": "0.080484",
            "dividCashStock": "10派0.804843元（含税，扣税后0.724359或0.804843元）",
            "dividOperateDate": "2025-06-17",
            "dividPayDate": "2025-06-17",
            "dividPlanAnnounceDate": "2025-04-28",
            "dividPlanDate": "2025-06-11",
            "dividPreNoticeDate": "",
            "dividRegistDate": "2025-06-16",
            "dividReserveToStockPs": "",
            "dividStockMarketDate": "",
            "dividStocksPs": "0.000000"
          },
          "source": {
            "requestId": "request-b7c839a83afd456e8baa7c003ac435b0",
            "rawSha256": "fc0bc27fc554e60983f28da923f1ca0978b2f6c6c9be5e8b552b565ec8772b52",
            "rowIndex": 0
          }
        }
      ]
    },
    {
      "code": "sz.002127",
      "exDate": "2021-06-07",
      "sourceRows": 1,
      "ledgerReady": false,
      "investorTaxVerified": false,
      "state": "unresolved",
      "reason": "numeric_plan_conflict:dividCashPsBeforeTax",
      "sources": [
        {
          "requestId": "request-48d150b203ae442c822aedf040127fbe",
          "rawSha256": "b48ed6c0e55223c8efda5bbe250f0152ae657055926c6e1f1d366b348225c5b6",
          "rowIndex": 0
        }
      ],
      "records": [
        {
          "raw": {
            "code": "sz.002127",
            "dividAgmPumDate": "2021-05-08",
            "dividCashPsAfterTax": "0.1499896或0.1666551",
            "dividCashPsBeforeTax": "0.166655",
            "dividCashStock": "10派1.666551元（含税，扣税后1.499896或1.666551元）",
            "dividOperateDate": "2021-06-07",
            "dividPayDate": "2021-06-07",
            "dividPlanAnnounceDate": "2021-04-16",
            "dividPlanDate": "2021-06-01",
            "dividPreNoticeDate": "",
            "dividRegistDate": "2021-06-04",
            "dividReserveToStockPs": "",
            "dividStockMarketDate": "",
            "dividStocksPs": "0.000000"
          },
          "source": {
            "requestId": "request-48d150b203ae442c822aedf040127fbe",
            "rawSha256": "b48ed6c0e55223c8efda5bbe250f0152ae657055926c6e1f1d366b348225c5b6",
            "rowIndex": 0
          }
        }
      ]
    },
    {
      "code": "sz.002129",
      "exDate": "2022-06-24",
      "sourceRows": 1,
      "ledgerReady": false,
      "investorTaxVerified": false,
      "state": "unresolved",
      "reason": "numeric_plan_conflict:dividCashPsBeforeTax",
      "sources": [
        {
          "requestId": "request-a747324ec8a14c3885143dbf6fb8aaaf",
          "rawSha256": "e278c6ab48401e45ac0d040f1f01ccfd170e9b643a98f60cbe5811b37cf5b045",
          "rowIndex": 0
        }
      ],
      "records": [
        {
          "raw": {
            "code": "sz.002129",
            "dividAgmPumDate": "2022-06-16",
            "dividCashPsAfterTax": "0.0992973或0.1103303",
            "dividCashPsBeforeTax": "0.11033",
            "dividCashStock": "10派1.103303元（含税，扣税后0.992973或1.103303元）",
            "dividOperateDate": "2022-06-24",
            "dividPayDate": "2022-06-24",
            "dividPlanAnnounceDate": "2022-04-27",
            "dividPlanDate": "2022-06-18",
            "dividPreNoticeDate": "",
            "dividRegistDate": "2022-06-23",
            "dividReserveToStockPs": "",
            "dividStockMarketDate": "",
            "dividStocksPs": "0.000000"
          },
          "source": {
            "requestId": "request-a747324ec8a14c3885143dbf6fb8aaaf",
            "rawSha256": "e278c6ab48401e45ac0d040f1f01ccfd170e9b643a98f60cbe5811b37cf5b045",
            "rowIndex": 0
          }
        }
      ]
    },
    {
      "code": "sz.002130",
      "exDate": "2025-06-23",
      "sourceRows": 1,
      "ledgerReady": false,
      "investorTaxVerified": false,
      "state": "unresolved",
      "reason": "numeric_plan_conflict:dividCashPsBeforeTax",
      "sources": [
        {
          "requestId": "request-d899e2a328514a95b12c718abe7bf4e1",
          "rawSha256": "ac234106d4ed8488906bb53390bccda5c70e397981132161c747d560afbe2233",
          "rowIndex": 0
        }
      ],
      "records": [
        {
          "raw": {
            "code": "sz.002130",
            "dividAgmPumDate": "2025-06-04",
            "dividCashPsAfterTax": "0.1229762或0.1366402",
            "dividCashPsBeforeTax": "0.13664",
            "dividCashStock": "10派1.366402元（含税，扣税后1.229762或1.366402元）",
            "dividOperateDate": "2025-06-23",
            "dividPayDate": "2025-06-23",
            "dividPlanAnnounceDate": "2025-04-26",
            "dividPlanDate": "2025-06-17",
            "dividPreNoticeDate": "",
            "dividRegistDate": "2025-06-20",
            "dividReserveToStockPs": "",
            "dividStockMarketDate": "",
            "dividStocksPs": "0.000000"
          },
          "source": {
            "requestId": "request-d899e2a328514a95b12c718abe7bf4e1",
            "rawSha256": "ac234106d4ed8488906bb53390bccda5c70e397981132161c747d560afbe2233",
            "rowIndex": 0
          }
        }
      ]
    },
    {
      "code": "sz.002145",
      "exDate": "2024-05-21",
      "sourceRows": 1,
      "ledgerReady": false,
      "investorTaxVerified": false,
      "state": "unresolved",
      "reason": "numeric_plan_conflict:dividCashPsBeforeTax",
      "sources": [
        {
          "requestId": "request-881198a2b9b641128850477394d92a18",
          "rawSha256": "c706adba370665d84383935b4f65f2172566662ed3ea973827ea8fd5681cdcef",
          "rowIndex": 0
        }
      ],
      "records": [
        {
          "raw": {
            "code": "sz.002145",
            "dividAgmPumDate": "2024-05-11",
            "dividCashPsAfterTax": "0.0454651或0.0505168",
            "dividCashPsBeforeTax": "0.050517",
            "dividCashStock": "10派0.505168元（含税，扣税后0.454651或0.505168元）",
            "dividOperateDate": "2024-05-21",
            "dividPayDate": "2024-05-21",
            "dividPlanAnnounceDate": "2024-04-18",
            "dividPlanDate": "2024-05-15",
            "dividPreNoticeDate": "",
            "dividRegistDate": "2024-05-20",
            "dividReserveToStockPs": "",
            "dividStockMarketDate": "",
            "dividStocksPs": "0.000000"
          },
          "source": {
            "requestId": "request-881198a2b9b641128850477394d92a18",
            "rawSha256": "c706adba370665d84383935b4f65f2172566662ed3ea973827ea8fd5681cdcef",
            "rowIndex": 0
          }
        }
      ]
    },
    {
      "code": "sz.002151",
      "exDate": "2022-06-20",
      "sourceRows": 1,
      "ledgerReady": false,
      "investorTaxVerified": false,
      "state": "unresolved",
      "reason": "numeric_plan_conflict:dividCashPsBeforeTax",
      "sources": [
        {
          "requestId": "request-883d690ee39747bf94e6080d0bf309b7",
          "rawSha256": "df9306b136e2ddd52de0ed8655cf00dabbc7c89c0d3a1a57c275cf3f4f0730bc",
          "rowIndex": 0
        }
      ],
      "records": [
        {
          "raw": {
            "code": "sz.002151",
            "dividAgmPumDate": "2022-05-13",
            "dividCashPsAfterTax": "0.0527164或0.0585738",
            "dividCashPsBeforeTax": "0.058574",
            "dividCashStock": "10派0.585738元（含税，扣税后0.527164或0.585738元）",
            "dividOperateDate": "2022-06-20",
            "dividPayDate": "2022-06-20",
            "dividPlanAnnounceDate": "2022-04-15",
            "dividPlanDate": "2022-06-14",
            "dividPreNoticeDate": "",
            "dividRegistDate": "2022-06-17",
            "dividReserveToStockPs": "",
            "dividStockMarketDate": "",
            "dividStocksPs": "0.000000"
          },
          "source": {
            "requestId": "request-883d690ee39747bf94e6080d0bf309b7",
            "rawSha256": "df9306b136e2ddd52de0ed8655cf00dabbc7c89c0d3a1a57c275cf3f4f0730bc",
            "rowIndex": 0
          }
        }
      ]
    },
    {
      "code": "sz.002189",
      "exDate": "2021-07-08",
      "sourceRows": 1,
      "ledgerReady": false,
      "investorTaxVerified": false,
      "state": "unresolved",
      "reason": "numeric_plan_conflict:dividCashPsBeforeTax",
      "sources": [
        {
          "requestId": "request-210c527a360d45cdae25f4a4d1082902",
          "rawSha256": "a1c8bf2a21c9f76c54eb474397cf323be5d4945653e7f3add8794c0782b1db18",
          "rowIndex": 0
        }
      ],
      "records": [
        {
          "raw": {
            "code": "sz.002189",
            "dividAgmPumDate": "2021-05-12",
            "dividCashPsAfterTax": "0.1764403或0.1960448",
            "dividCashPsBeforeTax": "0.196045",
            "dividCashStock": "10派1.960448元（含税，扣税后1.764403或1.960448元）",
            "dividOperateDate": "2021-07-08",
            "dividPayDate": "2021-07-08",
            "dividPlanAnnounceDate": "2021-04-21",
            "dividPlanDate": "2021-07-02",
            "dividPreNoticeDate": "",
            "dividRegistDate": "2021-07-07",
            "dividReserveToStockPs": "",
            "dividStockMarketDate": "",
            "dividStocksPs": "0.000000"
          },
          "source": {
            "requestId": "request-210c527a360d45cdae25f4a4d1082902",
            "rawSha256": "a1c8bf2a21c9f76c54eb474397cf323be5d4945653e7f3add8794c0782b1db18",
            "rowIndex": 0
          }
        }
      ]
    },
    {
      "code": "sz.002189",
      "exDate": "2022-07-13",
      "sourceRows": 1,
      "ledgerReady": false,
      "investorTaxVerified": false,
      "state": "unresolved",
      "reason": "numeric_plan_conflict:dividCashPsBeforeTax",
      "sources": [
        {
          "requestId": "request-b98a227b0a0646c59d90b7c081044430",
          "rawSha256": "c40ad70071aa7e5f5d6c8f1ed69deecb32edf8076d51d736063ad234ae2bf358",
          "rowIndex": 0
        }
      ],
      "records": [
        {
          "raw": {
            "code": "sz.002189",
            "dividAgmPumDate": "2022-05-20",
            "dividCashPsAfterTax": "0.2016742或0.2240825",
            "dividCashPsBeforeTax": "0.224083",
            "dividCashStock": "10派2.240825元（含税，扣税后2.016742或2.240825元）",
            "dividOperateDate": "2022-07-13",
            "dividPayDate": "2022-07-13",
            "dividPlanAnnounceDate": "2022-04-27",
            "dividPlanDate": "2022-07-07",
            "dividPreNoticeDate": "",
            "dividRegistDate": "2022-07-12",
            "dividReserveToStockPs": "",
            "dividStockMarketDate": "",
            "dividStocksPs": "0.000000"
          },
          "source": {
            "requestId": "request-b98a227b0a0646c59d90b7c081044430",
            "rawSha256": "c40ad70071aa7e5f5d6c8f1ed69deecb32edf8076d51d736063ad234ae2bf358",
            "rowIndex": 0
          }
        }
      ]
    },
    {
      "code": "sz.002212",
      "exDate": "2021-07-09",
      "sourceRows": 1,
      "ledgerReady": false,
      "investorTaxVerified": false,
      "state": "unresolved",
      "reason": "numeric_plan_conflict:dividCashPsBeforeTax",
      "sources": [
        {
          "requestId": "request-05bfcf3bafec424e93ccbe73aca48940",
          "rawSha256": "a765387a30754bc79f339c1fc953cf2bac1cf4a201afbcfd203da8ce7081c096",
          "rowIndex": 0
        }
      ],
      "records": [
        {
          "raw": {
            "code": "sz.002212",
            "dividAgmPumDate": "2021-06-01",
            "dividCashPsAfterTax": "0.0357166或0.0396851",
            "dividCashPsBeforeTax": "0.039685",
            "dividCashStock": "10派0.396851元（含税，扣税后0.357166或0.396851元）",
            "dividOperateDate": "2021-07-09",
            "dividPayDate": "2021-07-09",
            "dividPlanAnnounceDate": "2021-04-29",
            "dividPlanDate": "2021-07-05",
            "dividPreNoticeDate": "",
            "dividRegistDate": "2021-07-08",
            "dividReserveToStockPs": "",
            "dividStockMarketDate": "",
            "dividStocksPs": "0.000000"
          },
          "source": {
            "requestId": "request-05bfcf3bafec424e93ccbe73aca48940",
            "rawSha256": "a765387a30754bc79f339c1fc953cf2bac1cf4a201afbcfd203da8ce7081c096",
            "rowIndex": 0
          }
        }
      ]
    },
    {
      "code": "sz.002214",
      "exDate": "2024-06-03",
      "sourceRows": 1,
      "ledgerReady": false,
      "investorTaxVerified": false,
      "state": "unresolved",
      "reason": "numeric_plan_conflict:dividCashPsBeforeTax",
      "sources": [
        {
          "requestId": "request-6bd1d112122044b38de72c0f6b3f9174",
          "rawSha256": "5858ceae34afa223639a1adc8551f65061ca89248112dbd990b98c718f1c2ad0",
          "rowIndex": 0
        }
      ],
      "records": [
        {
          "raw": {
            "code": "sz.002214",
            "dividAgmPumDate": "2024-05-24",
            "dividCashPsAfterTax": "0.0450552或0.0500613",
            "dividCashPsBeforeTax": "0.050061",
            "dividCashStock": "10派0.500613元（含税，扣税后0.450552或0.500613元）",
            "dividOperateDate": "2024-06-03",
            "dividPayDate": "2024-06-03",
            "dividPlanAnnounceDate": "2024-04-27",
            "dividPlanDate": "2024-05-28",
            "dividPreNoticeDate": "",
            "dividRegistDate": "2024-05-31",
            "dividReserveToStockPs": "",
            "dividStockMarketDate": "",
            "dividStocksPs": "0.000000"
          },
          "source": {
            "requestId": "request-6bd1d112122044b38de72c0f6b3f9174",
            "rawSha256": "5858ceae34afa223639a1adc8551f65061ca89248112dbd990b98c718f1c2ad0",
            "rowIndex": 0
          }
        }
      ]
    },
    {
      "code": "sz.002236",
      "exDate": "2023-11-16",
      "sourceRows": 1,
      "ledgerReady": false,
      "investorTaxVerified": false,
      "state": "unresolved",
      "reason": "numeric_plan_conflict:dividCashPsBeforeTax",
      "sources": [
        {
          "requestId": "request-5c5b0036c97c477aafaf89569b7c4281",
          "rawSha256": "ffc7716b34d86a09717736187d316fa32b11b64bf7184a393683dd7ac8338c6d",
          "rowIndex": 1
        }
      ],
      "records": [
        {
          "raw": {
            "code": "sz.002236",
            "dividAgmPumDate": "2023-11-07",
            "dividCashPsAfterTax": "0.2791245或0.3101383",
            "dividCashPsBeforeTax": "0.310138",
            "dividCashStock": "10派3.101383元（含税，扣税后2.791245或3.101383元）",
            "dividOperateDate": "2023-11-16",
            "dividPayDate": "2023-11-16",
            "dividPlanAnnounceDate": "2023-10-21",
            "dividPlanDate": "2023-11-10",
            "dividPreNoticeDate": "",
            "dividRegistDate": "2023-11-15",
            "dividReserveToStockPs": "",
            "dividStockMarketDate": "",
            "dividStocksPs": "0.000000"
          },
          "source": {
            "requestId": "request-5c5b0036c97c477aafaf89569b7c4281",
            "rawSha256": "ffc7716b34d86a09717736187d316fa32b11b64bf7184a393683dd7ac8338c6d",
            "rowIndex": 1
          }
        }
      ]
    },
    {
      "code": "sz.002237",
      "exDate": "2024-06-12",
      "sourceRows": 1,
      "ledgerReady": false,
      "investorTaxVerified": false,
      "state": "unresolved",
      "reason": "numeric_plan_conflict:dividCashPsBeforeTax",
      "sources": [
        {
          "requestId": "request-3c2a8533d04d49eca9153f6b86d5b644",
          "rawSha256": "239a4df2694eb3dc8d12acf0c17bd2f245fa9b58bbe9d55597b17fc91282443e",
          "rowIndex": 0
        }
      ],
      "records": [
        {
          "raw": {
            "code": "sz.002237",
            "dividAgmPumDate": "2024-04-19",
            "dividCashPsAfterTax": "0.121498或0.1349978",
            "dividCashPsBeforeTax": "0.134998",
            "dividCashStock": "10派1.349978元（含税，扣税后1.21498或1.349978元）",
            "dividOperateDate": "2024-06-12",
            "dividPayDate": "2024-06-12",
            "dividPlanAnnounceDate": "2024-03-27",
            "dividPlanDate": "2024-06-04",
            "dividPreNoticeDate": "",
            "dividRegistDate": "2024-06-11",
            "dividReserveToStockPs": "",
            "dividStockMarketDate": "",
            "dividStocksPs": "0.000000"
          },
          "source": {
            "requestId": "request-3c2a8533d04d49eca9153f6b86d5b644",
            "rawSha256": "239a4df2694eb3dc8d12acf0c17bd2f245fa9b58bbe9d55597b17fc91282443e",
            "rowIndex": 0
          }
        }
      ]
    },
    {
      "code": "sz.002237",
      "exDate": "2025-06-12",
      "sourceRows": 1,
      "ledgerReady": false,
      "investorTaxVerified": false,
      "state": "unresolved",
      "reason": "numeric_plan_conflict:dividCashPsBeforeTax",
      "sources": [
        {
          "requestId": "request-452f248519d745e49caa84324b9c9e53",
          "rawSha256": "41d6ffc7e7c1c6ec310a9c75ba9e6a739d8bc2b19f046ce6bc0b1c45fa8f339e",
          "rowIndex": 0
        }
      ],
      "records": [
        {
          "raw": {
            "code": "sz.002237",
            "dividAgmPumDate": "2025-04-19",
            "dividCashPsAfterTax": "0.1268999或0.1409999",
            "dividCashPsBeforeTax": "0.141",
            "dividCashStock": "10派1.409999元（含税，扣税后1.268999或1.409999元）",
            "dividOperateDate": "2025-06-12",
            "dividPayDate": "2025-06-12",
            "dividPlanAnnounceDate": "2025-03-27",
            "dividPlanDate": "2025-06-04",
            "dividPreNoticeDate": "",
            "dividRegistDate": "2025-06-11",
            "dividReserveToStockPs": "",
            "dividStockMarketDate": "",
            "dividStocksPs": "0.000000"
          },
          "source": {
            "requestId": "request-452f248519d745e49caa84324b9c9e53",
            "rawSha256": "41d6ffc7e7c1c6ec310a9c75ba9e6a739d8bc2b19f046ce6bc0b1c45fa8f339e",
            "rowIndex": 0
          }
        }
      ]
    },
    {
      "code": "sz.002282",
      "exDate": "2024-06-05",
      "sourceRows": 1,
      "ledgerReady": false,
      "investorTaxVerified": false,
      "state": "unresolved",
      "reason": "numeric_plan_conflict:dividCashPsBeforeTax",
      "sources": [
        {
          "requestId": "request-a8e2aedac5b24e958889d62133782e3d",
          "rawSha256": "a59c42ca3ddcc4d2754685b61f91c26bf40097653b47cb8ce042792fd85af4c7",
          "rowIndex": 0
        }
      ],
      "records": [
        {
          "raw": {
            "code": "sz.002282",
            "dividAgmPumDate": "2024-04-12",
            "dividCashPsAfterTax": "0.1393833或0.1548703",
            "dividCashPsBeforeTax": "0.15487",
            "dividCashStock": "10派1.548703元（含税，扣税后1.393833或1.548703元）",
            "dividOperateDate": "2024-06-05",
            "dividPayDate": "2024-06-05",
            "dividPlanAnnounceDate": "2024-03-19",
            "dividPlanDate": "2024-05-29",
            "dividPreNoticeDate": "",
            "dividRegistDate": "2024-06-04",
            "dividReserveToStockPs": "",
            "dividStockMarketDate": "",
            "dividStocksPs": "0.000000"
          },
          "source": {
            "requestId": "request-a8e2aedac5b24e958889d62133782e3d",
            "rawSha256": "a59c42ca3ddcc4d2754685b61f91c26bf40097653b47cb8ce042792fd85af4c7",
            "rowIndex": 0
          }
        }
      ]
    },
    {
      "code": "sz.002298",
      "exDate": "2021-07-20",
      "sourceRows": 1,
      "ledgerReady": false,
      "investorTaxVerified": false,
      "state": "unresolved",
      "reason": "numeric_plan_conflict:dividCashPsBeforeTax",
      "sources": [
        {
          "requestId": "request-7a365f5c66554808a5701d7bedcada77",
          "rawSha256": "88099212b2efe2523a4bf46d5a91038a4a098662cecf63d99a853e7d77157b43",
          "rowIndex": 0
        }
      ],
      "records": [
        {
          "raw": {
            "code": "sz.002298",
            "dividAgmPumDate": "2021-06-09",
            "dividCashPsAfterTax": "0.0167803或0.0186448",
            "dividCashPsBeforeTax": "0.018645",
            "dividCashStock": "10派0.186448元（含税，扣税后0.167803或0.186448元）",
            "dividOperateDate": "2021-07-20",
            "dividPayDate": "2021-07-20",
            "dividPlanAnnounceDate": "2021-04-28",
            "dividPlanDate": "2021-07-14",
            "dividPreNoticeDate": "",
            "dividRegistDate": "2021-07-19",
            "dividReserveToStockPs": "",
            "dividStockMarketDate": "",
            "dividStocksPs": "0.000000"
          },
          "source": {
            "requestId": "request-7a365f5c66554808a5701d7bedcada77",
            "rawSha256": "88099212b2efe2523a4bf46d5a91038a4a098662cecf63d99a853e7d77157b43",
            "rowIndex": 0
          }
        }
      ]
    },
    {
      "code": "sz.002324",
      "exDate": "2024-10-22",
      "sourceRows": 1,
      "ledgerReady": false,
      "investorTaxVerified": false,
      "state": "unresolved",
      "reason": "numeric_plan_conflict:dividCashPsBeforeTax",
      "sources": [
        {
          "requestId": "request-dadb6c0c25404b1bad73e7e8398cdccb",
          "rawSha256": "ec7cbd9f3d1e3a9545b63a1bd3a3ac8f96eeb0e95a74ab79eb1463e40975eb18",
          "rowIndex": 1
        }
      ],
      "records": [
        {
          "raw": {
            "code": "sz.002324",
            "dividAgmPumDate": "",
            "dividCashPsAfterTax": "0.018022或0.0200245",
            "dividCashPsBeforeTax": "0.020025",
            "dividCashStock": "10派0.200245元（含税，扣税后0.18022或0.200245元）",
            "dividOperateDate": "2024-10-22",
            "dividPayDate": "2024-10-22",
            "dividPlanAnnounceDate": "2024-08-27",
            "dividPlanDate": "2024-10-16",
            "dividPreNoticeDate": "",
            "dividRegistDate": "2024-10-21",
            "dividReserveToStockPs": "",
            "dividStockMarketDate": "",
            "dividStocksPs": "0.000000"
          },
          "source": {
            "requestId": "request-dadb6c0c25404b1bad73e7e8398cdccb",
            "rawSha256": "ec7cbd9f3d1e3a9545b63a1bd3a3ac8f96eeb0e95a74ab79eb1463e40975eb18",
            "rowIndex": 1
          }
        }
      ]
    },
    {
      "code": "sz.002330",
      "exDate": "2021-07-08",
      "sourceRows": 1,
      "ledgerReady": false,
      "investorTaxVerified": false,
      "state": "unresolved",
      "reason": "numeric_plan_conflict:dividCashPsBeforeTax",
      "sources": [
        {
          "requestId": "request-51dd55f3829849e5aa90386c18084cd5",
          "rawSha256": "514bc851c2d790e15fad8b7802a3543fc039bf24a5cd81a9f8b5369a0a9e1378",
          "rowIndex": 0
        }
      ],
      "records": [
        {
          "raw": {
            "code": "sz.002330",
            "dividAgmPumDate": "2021-05-11",
            "dividCashPsAfterTax": "0.008959或0.0099545",
            "dividCashPsBeforeTax": "0.009954",
            "dividCashStock": "10派0.099545元（含税，扣税后0.08959或0.099545元）",
            "dividOperateDate": "2021-07-08",
            "dividPayDate": "2021-07-08",
            "dividPlanAnnounceDate": "2021-04-20",
            "dividPlanDate": "2021-07-02",
            "dividPreNoticeDate": "",
            "dividRegistDate": "2021-07-07",
            "dividReserveToStockPs": "",
            "dividStockMarketDate": "",
            "dividStocksPs": "0.000000"
          },
          "source": {
            "requestId": "request-51dd55f3829849e5aa90386c18084cd5",
            "rawSha256": "514bc851c2d790e15fad8b7802a3543fc039bf24a5cd81a9f8b5369a0a9e1378",
            "rowIndex": 0
          }
        }
      ]
    },
    {
      "code": "sz.002346",
      "exDate": "2022-05-26",
      "sourceRows": 1,
      "ledgerReady": false,
      "investorTaxVerified": false,
      "state": "unresolved",
      "reason": "numeric_plan_conflict:dividCashPsBeforeTax",
      "sources": [
        {
          "requestId": "request-ad562753393e4139b31654502f56348d",
          "rawSha256": "db57fee7e580fed64d9f083465662e1b0e5cf91f6b93c6907743294de395913d",
          "rowIndex": 0
        }
      ],
      "records": [
        {
          "raw": {
            "code": "sz.002346",
            "dividAgmPumDate": "2022-04-01",
            "dividCashPsAfterTax": "0.1800355或0.2000394",
            "dividCashPsBeforeTax": "0.200039",
            "dividCashStock": "10派2.000394元（含税，扣税后1.800355或2.000394元）",
            "dividOperateDate": "2022-05-26",
            "dividPayDate": "2022-05-26",
            "dividPlanAnnounceDate": "2022-03-10",
            "dividPlanDate": "2022-05-19",
            "dividPreNoticeDate": "",
            "dividRegistDate": "2022-05-25",
            "dividReserveToStockPs": "",
            "dividStockMarketDate": "",
            "dividStocksPs": "0.000000"
          },
          "source": {
            "requestId": "request-ad562753393e4139b31654502f56348d",
            "rawSha256": "db57fee7e580fed64d9f083465662e1b0e5cf91f6b93c6907743294de395913d",
            "rowIndex": 0
          }
        }
      ]
    },
    {
      "code": "sz.002349",
      "exDate": "2021-06-30",
      "sourceRows": 2,
      "ledgerReady": false,
      "investorTaxVerified": false,
      "state": "unresolved",
      "reason": "conflicting_field:dividCashPsAfterTax",
      "sources": [
        {
          "requestId": "request-bd1ab4fc85e04b4d9153c4ca19ac4801",
          "rawSha256": "32989eebe21465edcd903083b14cbbe2c35425f79f8b8d9bf6f527d2c0688ade",
          "rowIndex": 0
        },
        {
          "requestId": "request-bd1ab4fc85e04b4d9153c4ca19ac4801",
          "rawSha256": "32989eebe21465edcd903083b14cbbe2c35425f79f8b8d9bf6f527d2c0688ade",
          "rowIndex": 1
        }
      ],
      "records": [
        {
          "raw": {
            "code": "sz.002349",
            "dividAgmPumDate": "2021-05-19",
            "dividCashPsAfterTax": "0.0359487或0.039943",
            "dividCashPsBeforeTax": "0.039943",
            "dividCashStock": "10派0.39943元（含税，扣税后0.359487或0.39943元）",
            "dividOperateDate": "2021-06-30",
            "dividPayDate": "2021-06-30",
            "dividPlanAnnounceDate": "2021-04-27",
            "dividPlanDate": "2021-06-30",
            "dividPreNoticeDate": "",
            "dividRegistDate": "2021-06-29",
            "dividReserveToStockPs": "",
            "dividStockMarketDate": "",
            "dividStocksPs": "0.000000"
          },
          "source": {
            "requestId": "request-bd1ab4fc85e04b4d9153c4ca19ac4801",
            "rawSha256": "32989eebe21465edcd903083b14cbbe2c35425f79f8b8d9bf6f527d2c0688ade",
            "rowIndex": 0
          }
        },
        {
          "raw": {
            "code": "sz.002349",
            "dividAgmPumDate": "2021-05-19",
            "dividCashPsAfterTax": "0.0369或0.041",
            "dividCashPsBeforeTax": "0.041",
            "dividCashStock": "10派0.41元（含税，扣税后0.369或0.41元）",
            "dividOperateDate": "2021-06-30",
            "dividPayDate": "2021-06-30",
            "dividPlanAnnounceDate": "2021-04-27",
            "dividPlanDate": "2021-06-22",
            "dividPreNoticeDate": "",
            "dividRegistDate": "2021-06-29",
            "dividReserveToStockPs": "",
            "dividStockMarketDate": "",
            "dividStocksPs": "0.000000"
          },
          "source": {
            "requestId": "request-bd1ab4fc85e04b4d9153c4ca19ac4801",
            "rawSha256": "32989eebe21465edcd903083b14cbbe2c35425f79f8b8d9bf6f527d2c0688ade",
            "rowIndex": 1
          }
        }
      ]
    },
    {
      "code": "sz.002352",
      "exDate": "2024-11-07",
      "sourceRows": 1,
      "ledgerReady": false,
      "investorTaxVerified": false,
      "state": "unresolved",
      "reason": "numeric_plan_conflict:dividCashPsBeforeTax",
      "sources": [
        {
          "requestId": "request-9cba7b84e90a482b854fa7dba35cb3c2",
          "rawSha256": "ff17567ec5ac6e80ada67d17d91d451ff22832ea638c82d10aca967d7c573e00",
          "rowIndex": 1
        }
      ],
      "records": [
        {
          "raw": {
            "code": "sz.002352",
            "dividAgmPumDate": "2024-10-30",
            "dividCashPsAfterTax": "0.36或0.4",
            "dividCashPsBeforeTax": "1.4",
            "dividCashStock": "10派4元（含税，扣税后3.6或4元）",
            "dividOperateDate": "2024-11-07",
            "dividPayDate": "2024-11-07",
            "dividPlanAnnounceDate": "2024-10-11",
            "dividPlanDate": "2024-10-31",
            "dividPreNoticeDate": "",
            "dividRegistDate": "2024-11-06",
            "dividReserveToStockPs": "",
            "dividStockMarketDate": "",
            "dividStocksPs": "0.000000"
          },
          "source": {
            "requestId": "request-9cba7b84e90a482b854fa7dba35cb3c2",
            "rawSha256": "ff17567ec5ac6e80ada67d17d91d451ff22832ea638c82d10aca967d7c573e00",
            "rowIndex": 1
          }
        }
      ]
    },
    {
      "code": "sz.002353",
      "exDate": "2023-06-15",
      "sourceRows": 1,
      "ledgerReady": false,
      "investorTaxVerified": false,
      "state": "unresolved",
      "reason": "numeric_plan_conflict:dividCashPsBeforeTax",
      "sources": [
        {
          "requestId": "request-8f430c91220e40c78b0d75025ea4da18",
          "rawSha256": "7828046ee8702950049db8caf1d4728e83374f449fd993c0974873a8d7daf60e",
          "rowIndex": 0
        }
      ],
      "records": [
        {
          "raw": {
            "code": "sz.002353",
            "dividAgmPumDate": "2023-05-16",
            "dividCashPsAfterTax": "0.2977545或0.3308383",
            "dividCashPsBeforeTax": "0.330838",
            "dividCashStock": "10派3.308383元（含税，扣税后2.977545或3.308383元）",
            "dividOperateDate": "2023-06-15",
            "dividPayDate": "2023-06-15",
            "dividPlanAnnounceDate": "2023-04-21",
            "dividPlanDate": "2023-06-07",
            "dividPreNoticeDate": "",
            "dividRegistDate": "2023-06-14",
            "dividReserveToStockPs": "",
            "dividStockMarketDate": "",
            "dividStocksPs": "0.000000"
          },
          "source": {
            "requestId": "request-8f430c91220e40c78b0d75025ea4da18",
            "rawSha256": "7828046ee8702950049db8caf1d4728e83374f449fd993c0974873a8d7daf60e",
            "rowIndex": 0
          }
        }
      ]
    },
    {
      "code": "sz.002368",
      "exDate": "2021-07-12",
      "sourceRows": 1,
      "ledgerReady": false,
      "investorTaxVerified": false,
      "state": "unresolved",
      "reason": "numeric_plan_conflict:dividCashPsBeforeTax",
      "sources": [
        {
          "requestId": "request-f08986b5567c4d14bfd2acefd475e7f3",
          "rawSha256": "29be91f44cd2483ecb542316ef407b338b4a19c3bc8289a76704930d48df3377",
          "rowIndex": 0
        }
      ],
      "records": [
        {
          "raw": {
            "code": "sz.002368",
            "dividAgmPumDate": "2021-05-19",
            "dividCashPsAfterTax": "0.1718993或0.1909992",
            "dividCashPsBeforeTax": "0.190999",
            "dividCashStock": "10派1.909992元（含税，扣税后1.718993或1.909992元）",
            "dividOperateDate": "2021-07-12",
            "dividPayDate": "2021-07-12",
            "dividPlanAnnounceDate": "2021-04-10",
            "dividPlanDate": "2021-07-03",
            "dividPreNoticeDate": "",
            "dividRegistDate": "2021-07-09",
            "dividReserveToStockPs": "",
            "dividStockMarketDate": "",
            "dividStocksPs": "0.000000"
          },
          "source": {
            "requestId": "request-f08986b5567c4d14bfd2acefd475e7f3",
            "rawSha256": "29be91f44cd2483ecb542316ef407b338b4a19c3bc8289a76704930d48df3377",
            "rowIndex": 0
          }
        }
      ]
    },
    {
      "code": "sz.002368",
      "exDate": "2022-07-06",
      "sourceRows": 1,
      "ledgerReady": false,
      "investorTaxVerified": false,
      "state": "unresolved",
      "reason": "numeric_plan_conflict:dividCashPsBeforeTax",
      "sources": [
        {
          "requestId": "request-92be60b83d114facbcedb6d6ede5fe0d",
          "rawSha256": "22b96d9356e765ad52d34117399f7541a36c76b8cbe4a3ad8c7ccf0547746579",
          "rowIndex": 0
        }
      ],
      "records": [
        {
          "raw": {
            "code": "sz.002368",
            "dividAgmPumDate": "2022-05-11",
            "dividCashPsAfterTax": "0.1745997或0.1939997",
            "dividCashPsBeforeTax": "0.194",
            "dividCashStock": "10派1.939997元（含税，扣税后1.745997或1.939997元）",
            "dividOperateDate": "2022-07-06",
            "dividPayDate": "2022-07-06",
            "dividPlanAnnounceDate": "2022-04-15",
            "dividPlanDate": "2022-06-30",
            "dividPreNoticeDate": "",
            "dividRegistDate": "2022-07-05",
            "dividReserveToStockPs": "",
            "dividStockMarketDate": "",
            "dividStocksPs": "0.000000"
          },
          "source": {
            "requestId": "request-92be60b83d114facbcedb6d6ede5fe0d",
            "rawSha256": "22b96d9356e765ad52d34117399f7541a36c76b8cbe4a3ad8c7ccf0547746579",
            "rowIndex": 0
          }
        }
      ]
    },
    {
      "code": "sz.002368",
      "exDate": "2023-07-06",
      "sourceRows": 1,
      "ledgerReady": false,
      "investorTaxVerified": false,
      "state": "unresolved",
      "reason": "numeric_plan_conflict:dividCashPsBeforeTax",
      "sources": [
        {
          "requestId": "request-f8b5a7e2dcd5481a865bd4f2621d1b81",
          "rawSha256": "f8dd8c6ad8621ad6a1cc78e5e78ecff5d5ba2c6fd44ef4f344d7a3aac062ece3",
          "rowIndex": 0
        }
      ],
      "records": [
        {
          "raw": {
            "code": "sz.002368",
            "dividAgmPumDate": "2023-05-10",
            "dividCashPsAfterTax": "0.1640569或0.1822854",
            "dividCashPsBeforeTax": "0.182285",
            "dividCashStock": "10派1.822854元（含税，扣税后1.640569或1.822854元）",
            "dividOperateDate": "2023-07-06",
            "dividPayDate": "2023-07-06",
            "dividPlanAnnounceDate": "2023-04-07",
            "dividPlanDate": "2023-06-29",
            "dividPreNoticeDate": "",
            "dividRegistDate": "2023-07-05",
            "dividReserveToStockPs": "",
            "dividStockMarketDate": "",
            "dividStocksPs": "0.000000"
          },
          "source": {
            "requestId": "request-f8b5a7e2dcd5481a865bd4f2621d1b81",
            "rawSha256": "f8dd8c6ad8621ad6a1cc78e5e78ecff5d5ba2c6fd44ef4f344d7a3aac062ece3",
            "rowIndex": 0
          }
        }
      ]
    },
    {
      "code": "sz.002373",
      "exDate": "2021-06-11",
      "sourceRows": 1,
      "ledgerReady": false,
      "investorTaxVerified": false,
      "state": "unresolved",
      "reason": "numeric_plan_conflict:dividCashPsBeforeTax",
      "sources": [
        {
          "requestId": "request-1ed5090cd68f46afb94dab7e11c3e4b4",
          "rawSha256": "9d78c11f19cbe50118a0a279fb7517747f3819f2592516f6e29ef505abfff0e3",
          "rowIndex": 0
        }
      ],
      "records": [
        {
          "raw": {
            "code": "sz.002373",
            "dividAgmPumDate": "2021-04-24",
            "dividCashPsAfterTax": "0.0630902或0.0701002",
            "dividCashPsBeforeTax": "0.0701",
            "dividCashStock": "10派0.701002元（含税，扣税后0.630902或0.701002元）",
            "dividOperateDate": "2021-06-11",
            "dividPayDate": "2021-06-11",
            "dividPlanAnnounceDate": "2021-03-31",
            "dividPlanDate": "2021-06-04",
            "dividPreNoticeDate": "",
            "dividRegistDate": "2021-06-10",
            "dividReserveToStockPs": "",
            "dividStockMarketDate": "",
            "dividStocksPs": "0.000000"
          },
          "source": {
            "requestId": "request-1ed5090cd68f46afb94dab7e11c3e4b4",
            "rawSha256": "9d78c11f19cbe50118a0a279fb7517747f3819f2592516f6e29ef505abfff0e3",
            "rowIndex": 0
          }
        }
      ]
    },
    {
      "code": "sz.002389",
      "exDate": "2022-06-23",
      "sourceRows": 1,
      "ledgerReady": false,
      "investorTaxVerified": false,
      "state": "unresolved",
      "reason": "numeric_plan_conflict:dividCashPsBeforeTax",
      "sources": [
        {
          "requestId": "request-e676fca9a209462482652738785c865f",
          "rawSha256": "f1daaf655841b5b2aeb74541a425880481d40cfd3eca97ce9e2989a2cc0e3708",
          "rowIndex": 0
        }
      ],
      "records": [
        {
          "raw": {
            "code": "sz.002389",
            "dividAgmPumDate": "2022-04-28",
            "dividCashPsAfterTax": "0.0542311或0.0602568",
            "dividCashPsBeforeTax": "0.060257",
            "dividCashStock": "10派0.602568元（含税，扣税后0.542311或0.602568元）",
            "dividOperateDate": "2022-06-23",
            "dividPayDate": "2022-06-23",
            "dividPlanAnnounceDate": "2022-03-31",
            "dividPlanDate": "2022-06-17",
            "dividPreNoticeDate": "",
            "dividRegistDate": "2022-06-22",
            "dividReserveToStockPs": "",
            "dividStockMarketDate": "",
            "dividStocksPs": "0.000000"
          },
          "source": {
            "requestId": "request-e676fca9a209462482652738785c865f",
            "rawSha256": "f1daaf655841b5b2aeb74541a425880481d40cfd3eca97ce9e2989a2cc0e3708",
            "rowIndex": 0
          }
        }
      ]
    },
    {
      "code": "sz.002402",
      "exDate": "2024-05-09",
      "sourceRows": 1,
      "ledgerReady": false,
      "investorTaxVerified": false,
      "state": "unresolved",
      "reason": "numeric_plan_conflict:dividCashPsBeforeTax",
      "sources": [
        {
          "requestId": "request-a9cc9f52cb3b4f569e3a5f7c05997d49",
          "rawSha256": "a405da5305f1e83c816f2f3534cccee28b3c30f7888f28f7181e6854b80fed83",
          "rowIndex": 0
        }
      ],
      "records": [
        {
          "raw": {
            "code": "sz.002402",
            "dividAgmPumDate": "2024-04-20",
            "dividCashPsAfterTax": "0.1356397或0.1507108",
            "dividCashPsBeforeTax": "0.150711",
            "dividCashStock": "10派1.507108元（含税，扣税后1.356397或1.507108元）",
            "dividOperateDate": "2024-05-09",
            "dividPayDate": "2024-05-09",
            "dividPlanAnnounceDate": "2024-03-30",
            "dividPlanDate": "2024-04-27",
            "dividPreNoticeDate": "",
            "dividRegistDate": "2024-05-08",
            "dividReserveToStockPs": "",
            "dividStockMarketDate": "",
            "dividStocksPs": "0.000000"
          },
          "source": {
            "requestId": "request-a9cc9f52cb3b4f569e3a5f7c05997d49",
            "rawSha256": "a405da5305f1e83c816f2f3534cccee28b3c30f7888f28f7181e6854b80fed83",
            "rowIndex": 0
          }
        }
      ]
    },
    {
      "code": "sz.002408",
      "exDate": "2021-06-25",
      "sourceRows": 1,
      "ledgerReady": false,
      "investorTaxVerified": false,
      "state": "unresolved",
      "reason": "numeric_plan_conflict:dividCashPsBeforeTax",
      "sources": [
        {
          "requestId": "request-918d7972caef44fe89073f8c916fdc23",
          "rawSha256": "24e84ef55557ec952476995de4ff5ed6864f58054c2bbfd515d26394ac064ff0",
          "rowIndex": 0
        }
      ],
      "records": [
        {
          "raw": {
            "code": "sz.002408",
            "dividAgmPumDate": "2021-05-21",
            "dividCashPsAfterTax": "0.2262662或0.2514069",
            "dividCashPsBeforeTax": "0.251407",
            "dividCashStock": "10派2.514069元（含税，扣税后2.262662或2.514069元）",
            "dividOperateDate": "2021-06-25",
            "dividPayDate": "2021-06-25",
            "dividPlanAnnounceDate": "2021-04-29",
            "dividPlanDate": "2021-06-19",
            "dividPreNoticeDate": "",
            "dividRegistDate": "2021-06-24",
            "dividReserveToStockPs": "",
            "dividStockMarketDate": "",
            "dividStocksPs": "0.000000"
          },
          "source": {
            "requestId": "request-918d7972caef44fe89073f8c916fdc23",
            "rawSha256": "24e84ef55557ec952476995de4ff5ed6864f58054c2bbfd515d26394ac064ff0",
            "rowIndex": 0
          }
        }
      ]
    },
    {
      "code": "sz.002408",
      "exDate": "2023-07-19",
      "sourceRows": 1,
      "ledgerReady": false,
      "investorTaxVerified": false,
      "state": "unresolved",
      "reason": "numeric_plan_conflict:dividCashPsBeforeTax",
      "sources": [
        {
          "requestId": "request-bc059e8594394cee8f8ca14ed0f576e3",
          "rawSha256": "232618b6a0da0868f82d0e0f8ab4f3a48a7b6df8ce4acc24c08af3c606a47e24",
          "rowIndex": 0
        }
      ],
      "records": [
        {
          "raw": {
            "code": "sz.002408",
            "dividAgmPumDate": "2023-05-24",
            "dividCashPsAfterTax": "0.1439977或0.1599974",
            "dividCashPsBeforeTax": "0.159997",
            "dividCashStock": "10派1.599974元（含税，扣税后1.439977或1.599974元）",
            "dividOperateDate": "2023-07-19",
            "dividPayDate": "2023-07-19",
            "dividPlanAnnounceDate": "2023-04-28",
            "dividPlanDate": "2023-07-12",
            "dividPreNoticeDate": "",
            "dividRegistDate": "2023-07-18",
            "dividReserveToStockPs": "",
            "dividStockMarketDate": "",
            "dividStocksPs": "0.000000"
          },
          "source": {
            "requestId": "request-bc059e8594394cee8f8ca14ed0f576e3",
            "rawSha256": "232618b6a0da0868f82d0e0f8ab4f3a48a7b6df8ce4acc24c08af3c606a47e24",
            "rowIndex": 0
          }
        }
      ]
    },
    {
      "code": "sz.002475",
      "exDate": "2021-07-08",
      "sourceRows": 1,
      "ledgerReady": false,
      "investorTaxVerified": false,
      "state": "unresolved",
      "reason": "numeric_plan_conflict:dividCashPsBeforeTax",
      "sources": [
        {
          "requestId": "request-6cb9553f9c9242e2a33ced01b2330233",
          "rawSha256": "7218095074c28d4c91128372cdda6a17b7251b4e479033c730c1030a23dce7e9",
          "rowIndex": 0
        }
      ],
      "records": [
        {
          "raw": {
            "code": "sz.002475",
            "dividAgmPumDate": "2021-05-19",
            "dividCashPsAfterTax": "0.0989999或0.1099999",
            "dividCashPsBeforeTax": "0.11",
            "dividCashStock": "10派1.099999元（含税，扣税后0.989999或1.099999元）",
            "dividOperateDate": "2021-07-08",
            "dividPayDate": "2021-07-08",
            "dividPlanAnnounceDate": "2021-04-21",
            "dividPlanDate": "2021-06-30",
            "dividPreNoticeDate": "",
            "dividRegistDate": "2021-07-07",
            "dividReserveToStockPs": "",
            "dividStockMarketDate": "",
            "dividStocksPs": "0.000000"
          },
          "source": {
            "requestId": "request-6cb9553f9c9242e2a33ced01b2330233",
            "rawSha256": "7218095074c28d4c91128372cdda6a17b7251b4e479033c730c1030a23dce7e9",
            "rowIndex": 0
          }
        }
      ]
    },
    {
      "code": "sz.002475",
      "exDate": "2023-06-15",
      "sourceRows": 1,
      "ledgerReady": false,
      "investorTaxVerified": false,
      "state": "unresolved",
      "reason": "numeric_plan_conflict:dividCashPsBeforeTax",
      "sources": [
        {
          "requestId": "request-0375049b2b9a40e7b49aa9c53a161137",
          "rawSha256": "6e93cbaa4cc7577e9535132184c324bf2e47ee309382943f2bf4fae8ab2f7781",
          "rowIndex": 0
        }
      ],
      "records": [
        {
          "raw": {
            "code": "sz.002475",
            "dividAgmPumDate": "2023-05-23",
            "dividCashPsAfterTax": "0.1169695或0.1299661",
            "dividCashPsBeforeTax": "0.129966",
            "dividCashStock": "10派1.299661元（含税，扣税后1.169695或1.299661元）",
            "dividOperateDate": "2023-06-15",
            "dividPayDate": "2023-06-15",
            "dividPlanAnnounceDate": "2023-04-28",
            "dividPlanDate": "2023-06-09",
            "dividPreNoticeDate": "",
            "dividRegistDate": "2023-06-14",
            "dividReserveToStockPs": "",
            "dividStockMarketDate": "",
            "dividStocksPs": "0.000000"
          },
          "source": {
            "requestId": "request-0375049b2b9a40e7b49aa9c53a161137",
            "rawSha256": "6e93cbaa4cc7577e9535132184c324bf2e47ee309382943f2bf4fae8ab2f7781",
            "rowIndex": 0
          }
        }
      ]
    },
    {
      "code": "sz.002475",
      "exDate": "2024-07-11",
      "sourceRows": 1,
      "ledgerReady": false,
      "investorTaxVerified": false,
      "state": "unresolved",
      "reason": "numeric_plan_conflict:dividCashPsBeforeTax",
      "sources": [
        {
          "requestId": "request-0e383f2dbd1a4b5989d0173bdb58beed",
          "rawSha256": "20e3dda23942d1ad65eaf3bfde142ca74ed16112bda1760d6bbb09a12fdd0710",
          "rowIndex": 0
        }
      ],
      "records": [
        {
          "raw": {
            "code": "sz.002475",
            "dividAgmPumDate": "2024-06-28",
            "dividCashPsAfterTax": "0.2690515或0.2989461",
            "dividCashPsBeforeTax": "0.298946",
            "dividCashStock": "10派2.989461元（含税，扣税后2.690515或2.989461元）",
            "dividOperateDate": "2024-07-11",
            "dividPayDate": "2024-07-11",
            "dividPlanAnnounceDate": "2024-04-25",
            "dividPlanDate": "2024-07-05",
            "dividPreNoticeDate": "",
            "dividRegistDate": "2024-07-10",
            "dividReserveToStockPs": "",
            "dividStockMarketDate": "",
            "dividStocksPs": "0.000000"
          },
          "source": {
            "requestId": "request-0e383f2dbd1a4b5989d0173bdb58beed",
            "rawSha256": "20e3dda23942d1ad65eaf3bfde142ca74ed16112bda1760d6bbb09a12fdd0710",
            "rowIndex": 0
          }
        }
      ]
    },
    {
      "code": "sz.002475",
      "exDate": "2025-07-14",
      "sourceRows": 1,
      "ledgerReady": false,
      "investorTaxVerified": false,
      "state": "unresolved",
      "reason": "numeric_plan_conflict:dividCashPsBeforeTax",
      "sources": [
        {
          "requestId": "request-6bd601c24b004f0b8fb8088deafece1e",
          "rawSha256": "75a3f95d70a50a61bba4ff6338df25feab71dc69b3c6662902ee97a1a35c1c6e",
          "rowIndex": 0
        }
      ],
      "records": [
        {
          "raw": {
            "code": "sz.002475",
            "dividAgmPumDate": "2025-05-23",
            "dividCashPsAfterTax": "0.1798852或0.1998725",
            "dividCashPsBeforeTax": "0.199873",
            "dividCashStock": "10派1.998725元（含税，扣税后1.798852或1.998725元）",
            "dividOperateDate": "2025-07-14",
            "dividPayDate": "2025-07-14",
            "dividPlanAnnounceDate": "2025-04-26",
            "dividPlanDate": "2025-07-08",
            "dividPreNoticeDate": "",
            "dividRegistDate": "2025-07-11",
            "dividReserveToStockPs": "",
            "dividStockMarketDate": "",
            "dividStocksPs": "0.000000"
          },
          "source": {
            "requestId": "request-6bd601c24b004f0b8fb8088deafece1e",
            "rawSha256": "75a3f95d70a50a61bba4ff6338df25feab71dc69b3c6662902ee97a1a35c1c6e",
            "rowIndex": 0
          }
        }
      ]
    },
    {
      "code": "sz.002481",
      "exDate": "2025-07-15",
      "sourceRows": 1,
      "ledgerReady": false,
      "investorTaxVerified": false,
      "state": "unresolved",
      "reason": "numeric_plan_conflict:dividCashPsBeforeTax",
      "sources": [
        {
          "requestId": "request-13c8c280b25440a189eb75787c6ab1fd",
          "rawSha256": "b5e8032f53c8d29ff477faf0c729173e82d10f7b2907dfe11787271d794871e4",
          "rowIndex": 0
        }
      ],
      "records": [
        {
          "raw": {
            "code": "sz.002481",
            "dividAgmPumDate": "2025-05-21",
            "dividCashPsAfterTax": "0.0181219或0.0201355",
            "dividCashPsBeforeTax": "0.020136",
            "dividCashStock": "10派0.201355元（含税，扣税后0.181219或0.201355元）",
            "dividOperateDate": "2025-07-15",
            "dividPayDate": "2025-07-15",
            "dividPlanAnnounceDate": "2025-04-29",
            "dividPlanDate": "2025-07-08",
            "dividPreNoticeDate": "",
            "dividRegistDate": "2025-07-14",
            "dividReserveToStockPs": "",
            "dividStockMarketDate": "",
            "dividStocksPs": "0.000000"
          },
          "source": {
            "requestId": "request-13c8c280b25440a189eb75787c6ab1fd",
            "rawSha256": "b5e8032f53c8d29ff477faf0c729173e82d10f7b2907dfe11787271d794871e4",
            "rowIndex": 0
          }
        }
      ]
    },
    {
      "code": "sz.002483",
      "exDate": "2023-06-21",
      "sourceRows": 1,
      "ledgerReady": false,
      "investorTaxVerified": false,
      "state": "unresolved",
      "reason": "numeric_plan_conflict:dividCashPsBeforeTax",
      "sources": [
        {
          "requestId": "request-a9c817fb7ee34e8a9f5ed66c75298b9f",
          "rawSha256": "f5851a2a769fb4bf2ec25b3aa9a9e31d843e9a46d6978d420b95d98acaa87abe",
          "rowIndex": 0
        }
      ],
      "records": [
        {
          "raw": {
            "code": "sz.002483",
            "dividAgmPumDate": "2023-04-26",
            "dividCashPsAfterTax": "0.0478336或0.0531484",
            "dividCashPsBeforeTax": "0.053148",
            "dividCashStock": "10派0.531484元（含税，扣税后0.478336或0.531484元）",
            "dividOperateDate": "2023-06-21",
            "dividPayDate": "2023-06-21",
            "dividPlanAnnounceDate": "2023-04-04",
            "dividPlanDate": "2023-06-14",
            "dividPreNoticeDate": "",
            "dividRegistDate": "2023-06-20",
            "dividReserveToStockPs": "",
            "dividStockMarketDate": "",
            "dividStocksPs": "0.000000"
          },
          "source": {
            "requestId": "request-a9c817fb7ee34e8a9f5ed66c75298b9f",
            "rawSha256": "f5851a2a769fb4bf2ec25b3aa9a9e31d843e9a46d6978d420b95d98acaa87abe",
            "rowIndex": 0
          }
        }
      ]
    },
    {
      "code": "sz.002540",
      "exDate": "2020-11-05",
      "sourceRows": 1,
      "ledgerReady": false,
      "investorTaxVerified": false,
      "state": "unresolved",
      "reason": "numeric_plan_conflict:dividCashPsBeforeTax",
      "sources": [
        {
          "requestId": "request-0d8de4310bc94678b5c1e89866e37b6d",
          "rawSha256": "2580ec56f12ee9034b7e120cc934f3fb5706f67915fedc2b296143e5c91d59ca",
          "rowIndex": 1
        }
      ],
      "records": [
        {
          "raw": {
            "code": "sz.002540",
            "dividAgmPumDate": "2020-09-11",
            "dividCashPsAfterTax": "0.1444583或0.1605092",
            "dividCashPsBeforeTax": "0.160509",
            "dividCashStock": "10派1.605092元（含税，扣税后1.444583或1.605092元）",
            "dividOperateDate": "2020-11-05",
            "dividPayDate": "2020-11-05",
            "dividPlanAnnounceDate": "2020-08-25",
            "dividPlanDate": "2020-10-30",
            "dividPreNoticeDate": "",
            "dividRegistDate": "2020-11-04",
            "dividReserveToStockPs": "",
            "dividStockMarketDate": "",
            "dividStocksPs": "0.000000"
          },
          "source": {
            "requestId": "request-0d8de4310bc94678b5c1e89866e37b6d",
            "rawSha256": "2580ec56f12ee9034b7e120cc934f3fb5706f67915fedc2b296143e5c91d59ca",
            "rowIndex": 1
          }
        }
      ]
    },
    {
      "code": "sz.002540",
      "exDate": "2022-07-08",
      "sourceRows": 1,
      "ledgerReady": false,
      "investorTaxVerified": false,
      "state": "unresolved",
      "reason": "numeric_plan_conflict:dividCashPsBeforeTax",
      "sources": [
        {
          "requestId": "request-0988f195ed204ea3bc5339e8dd2a70cf",
          "rawSha256": "958c8814750e2a28785088fb3139a5aa230a7d59225b9907ddfd23b5fbc6e200",
          "rowIndex": 0
        }
      ],
      "records": [
        {
          "raw": {
            "code": "sz.002540",
            "dividAgmPumDate": "2022-05-18",
            "dividCashPsAfterTax": "0.0900644或0.1000716",
            "dividCashPsBeforeTax": "0.100072",
            "dividCashStock": "10派1.000716元（含税，扣税后0.900644或1.000716元）",
            "dividOperateDate": "2022-07-08",
            "dividPayDate": "2022-07-08",
            "dividPlanAnnounceDate": "2022-04-26",
            "dividPlanDate": "2022-07-01",
            "dividPreNoticeDate": "",
            "dividRegistDate": "2022-07-07",
            "dividReserveToStockPs": "",
            "dividStockMarketDate": "",
            "dividStocksPs": "0.000000"
          },
          "source": {
            "requestId": "request-0988f195ed204ea3bc5339e8dd2a70cf",
            "rawSha256": "958c8814750e2a28785088fb3139a5aa230a7d59225b9907ddfd23b5fbc6e200",
            "rowIndex": 0
          }
        }
      ]
    },
    {
      "code": "sz.002540",
      "exDate": "2024-05-30",
      "sourceRows": 1,
      "ledgerReady": false,
      "investorTaxVerified": false,
      "state": "unresolved",
      "reason": "numeric_plan_conflict:dividCashPsBeforeTax",
      "sources": [
        {
          "requestId": "request-e8759e02588a4bc1bc91bdafa3b93691",
          "rawSha256": "82992dd55d5f2a6feb6570cfd8e11c046cd39648f1ac3de4b5a6f97087f424ac",
          "rowIndex": 0
        }
      ],
      "records": [
        {
          "raw": {
            "code": "sz.002540",
            "dividAgmPumDate": "2024-05-15",
            "dividCashPsAfterTax": "0.2924995或0.3249994",
            "dividCashPsBeforeTax": "0.324999",
            "dividCashStock": "10派3.249994元（含税，扣税后2.924995或3.249994元）",
            "dividOperateDate": "2024-05-30",
            "dividPayDate": "2024-05-30",
            "dividPlanAnnounceDate": "2024-04-23",
            "dividPlanDate": "2024-05-23",
            "dividPreNoticeDate": "",
            "dividRegistDate": "2024-05-29",
            "dividReserveToStockPs": "",
            "dividStockMarketDate": "",
            "dividStocksPs": "0.000000"
          },
          "source": {
            "requestId": "request-e8759e02588a4bc1bc91bdafa3b93691",
            "rawSha256": "82992dd55d5f2a6feb6570cfd8e11c046cd39648f1ac3de4b5a6f97087f424ac",
            "rowIndex": 0
          }
        }
      ]
    },
    {
      "code": "sz.002541",
      "exDate": "2022-06-15",
      "sourceRows": 1,
      "ledgerReady": false,
      "investorTaxVerified": false,
      "state": "unresolved",
      "reason": "numeric_plan_conflict:dividCashPsBeforeTax",
      "sources": [
        {
          "requestId": "request-092aeb333a69464093db7933b8bdd364",
          "rawSha256": "7fb807b43747e7e6c6e3e7a8b275b5871131f7dbb60f8ddde8be3a6c533f27d1",
          "rowIndex": 0
        }
      ],
      "records": [
        {
          "raw": {
            "code": "sz.002541",
            "dividAgmPumDate": "2022-04-22",
            "dividCashPsAfterTax": "0.2969997或0.3299997",
            "dividCashPsBeforeTax": "0.33",
            "dividCashStock": "10转3派3.299997元（含税，扣税后2.969997或3.299997元）",
            "dividOperateDate": "2022-06-15",
            "dividPayDate": "2022-06-15",
            "dividPlanAnnounceDate": "2022-03-31",
            "dividPlanDate": "2022-06-08",
            "dividPreNoticeDate": "",
            "dividRegistDate": "2022-06-14",
            "dividReserveToStockPs": "0.300000",
            "dividStockMarketDate": "2022-06-15",
            "dividStocksPs": "0.000000"
          },
          "source": {
            "requestId": "request-092aeb333a69464093db7933b8bdd364",
            "rawSha256": "7fb807b43747e7e6c6e3e7a8b275b5871131f7dbb60f8ddde8be3a6c533f27d1",
            "rowIndex": 0
          }
        }
      ]
    },
    {
      "code": "sz.002541",
      "exDate": "2023-06-14",
      "sourceRows": 1,
      "ledgerReady": false,
      "investorTaxVerified": false,
      "state": "unresolved",
      "reason": "numeric_plan_conflict:dividCashPsBeforeTax",
      "sources": [
        {
          "requestId": "request-a58fc9a346074a2189b26b143de701d4",
          "rawSha256": "a7a82aecb496a48e760d09c6d60a3c2d5dec88f99c52ec71e294eff7a4c0b67c",
          "rowIndex": 0
        }
      ],
      "records": [
        {
          "raw": {
            "code": "sz.002541",
            "dividAgmPumDate": "2023-04-22",
            "dividCashPsAfterTax": "0.2339999或0.2599999",
            "dividCashPsBeforeTax": "0.26",
            "dividCashStock": "10派2.599999元（含税，扣税后2.339999或2.599999元）",
            "dividOperateDate": "2023-06-14",
            "dividPayDate": "2023-06-14",
            "dividPlanAnnounceDate": "2023-03-31",
            "dividPlanDate": "2023-06-07",
            "dividPreNoticeDate": "",
            "dividRegistDate": "2023-06-13",
            "dividReserveToStockPs": "",
            "dividStockMarketDate": "",
            "dividStocksPs": "0.000000"
          },
          "source": {
            "requestId": "request-a58fc9a346074a2189b26b143de701d4",
            "rawSha256": "a7a82aecb496a48e760d09c6d60a3c2d5dec88f99c52ec71e294eff7a4c0b67c",
            "rowIndex": 0
          }
        }
      ]
    },
    {
      "code": "sz.002587",
      "exDate": "2021-06-24",
      "sourceRows": 1,
      "ledgerReady": false,
      "investorTaxVerified": false,
      "state": "unresolved",
      "reason": "numeric_plan_conflict:dividCashPsBeforeTax",
      "sources": [
        {
          "requestId": "request-0b332e505e29447b834d74d5749498e0",
          "rawSha256": "a22fba8903c44d24a16a5a20515063b8b9287aa2d907f76f1032037847637222",
          "rowIndex": 0
        }
      ],
      "records": [
        {
          "raw": {
            "code": "sz.002587",
            "dividAgmPumDate": "2021-05-19",
            "dividCashPsAfterTax": "0.0179054或0.0198949",
            "dividCashPsBeforeTax": "0.019895",
            "dividCashStock": "10派0.198949元（含税，扣税后0.179054或0.198949元）",
            "dividOperateDate": "2021-06-24",
            "dividPayDate": "2021-06-24",
            "dividPlanAnnounceDate": "2021-04-27",
            "dividPlanDate": "2021-06-16",
            "dividPreNoticeDate": "",
            "dividRegistDate": "2021-06-23",
            "dividReserveToStockPs": "",
            "dividStockMarketDate": "",
            "dividStocksPs": "0.000000"
          },
          "source": {
            "requestId": "request-0b332e505e29447b834d74d5749498e0",
            "rawSha256": "a22fba8903c44d24a16a5a20515063b8b9287aa2d907f76f1032037847637222",
            "rowIndex": 0
          }
        }
      ]
    },
    {
      "code": "sz.002594",
      "exDate": "2024-07-29",
      "sourceRows": 1,
      "ledgerReady": false,
      "investorTaxVerified": false,
      "state": "unresolved",
      "reason": "numeric_plan_conflict:dividCashPsBeforeTax",
      "sources": [
        {
          "requestId": "request-33c09e15372540879819a47d7d6d6df5",
          "rawSha256": "94e226d976f5c029e8a93d5eec9cca032f402143a1e7ed22d0803f02019909f0",
          "rowIndex": 0
        }
      ],
      "records": [
        {
          "raw": {
            "code": "sz.002594",
            "dividAgmPumDate": "2024-06-07",
            "dividCashPsAfterTax": "2.787995或3.0977722",
            "dividCashPsBeforeTax": "3.097772",
            "dividCashStock": "10派30.977722元（含税，扣税后27.87995或30.977722元）",
            "dividOperateDate": "2024-07-29",
            "dividPayDate": "2024-07-29",
            "dividPlanAnnounceDate": "2024-03-27",
            "dividPlanDate": "2024-07-20",
            "dividPreNoticeDate": "",
            "dividRegistDate": "2024-07-26",
            "dividReserveToStockPs": "",
            "dividStockMarketDate": "",
            "dividStocksPs": "0.000000"
          },
          "source": {
            "requestId": "request-33c09e15372540879819a47d7d6d6df5",
            "rawSha256": "94e226d976f5c029e8a93d5eec9cca032f402143a1e7ed22d0803f02019909f0",
            "rowIndex": 0
          }
        }
      ]
    },
    {
      "code": "sz.002600",
      "exDate": "2023-07-07",
      "sourceRows": 1,
      "ledgerReady": false,
      "investorTaxVerified": false,
      "state": "unresolved",
      "reason": "numeric_plan_conflict:dividCashPsBeforeTax",
      "sources": [
        {
          "requestId": "request-5dfabd1236f647e4a21bcc71283a94a8",
          "rawSha256": "d2bca193c86b7153d2751a50302bdcca57a030535993b6cea0b6b7a90a07f2b7",
          "rowIndex": 0
        }
      ],
      "records": [
        {
          "raw": {
            "code": "sz.002600",
            "dividAgmPumDate": "2023-05-23",
            "dividCashPsAfterTax": "0.1039515或0.1155017",
            "dividCashPsBeforeTax": "0.115502",
            "dividCashStock": "10派1.155017元（含税，扣税后1.039515或1.155017元）",
            "dividOperateDate": "2023-07-07",
            "dividPayDate": "2023-07-07",
            "dividPlanAnnounceDate": "2023-04-29",
            "dividPlanDate": "2023-06-30",
            "dividPreNoticeDate": "",
            "dividRegistDate": "2023-07-06",
            "dividReserveToStockPs": "",
            "dividStockMarketDate": "",
            "dividStocksPs": "0.000000"
          },
          "source": {
            "requestId": "request-5dfabd1236f647e4a21bcc71283a94a8",
            "rawSha256": "d2bca193c86b7153d2751a50302bdcca57a030535993b6cea0b6b7a90a07f2b7",
            "rowIndex": 0
          }
        }
      ]
    },
    {
      "code": "sz.002648",
      "exDate": "2022-06-06",
      "sourceRows": 1,
      "ledgerReady": false,
      "investorTaxVerified": false,
      "state": "unresolved",
      "reason": "numeric_plan_conflict:dividCashPsBeforeTax",
      "sources": [
        {
          "requestId": "request-b522606d14b9464a9626416fb17e5c67",
          "rawSha256": "081ae56d81adc6a4b3c26e248b49b30bd701ac62076c3f35f3a84b4e16650062",
          "rowIndex": 0
        }
      ],
      "records": [
        {
          "raw": {
            "code": "sz.002648",
            "dividAgmPumDate": "2022-04-12",
            "dividCashPsAfterTax": "0.314373或0.3493033",
            "dividCashPsBeforeTax": "0.349303",
            "dividCashStock": "10转3.992037派3.493033元（含税，扣税后3.14373或3.493033元）",
            "dividOperateDate": "2022-06-06",
            "dividPayDate": "2022-06-06",
            "dividPlanAnnounceDate": "2022-03-22",
            "dividPlanDate": "2022-05-27",
            "dividPreNoticeDate": "",
            "dividRegistDate": "2022-06-02",
            "dividReserveToStockPs": "0.399204",
            "dividStockMarketDate": "2022-06-06",
            "dividStocksPs": "0.000000"
          },
          "source": {
            "requestId": "request-b522606d14b9464a9626416fb17e5c67",
            "rawSha256": "081ae56d81adc6a4b3c26e248b49b30bd701ac62076c3f35f3a84b4e16650062",
            "rowIndex": 0
          }
        }
      ]
    },
    {
      "code": "sz.002653",
      "exDate": "2022-07-05",
      "sourceRows": 1,
      "ledgerReady": false,
      "investorTaxVerified": false,
      "state": "unresolved",
      "reason": "numeric_plan_conflict:dividCashPsBeforeTax",
      "sources": [
        {
          "requestId": "request-2dfc6f5215044af591c19948718fdfcd",
          "rawSha256": "c65d3d6a369ced93cb4e4bedf702cbd701f326df18b8b1b3531ebcd12ca9220a",
          "rowIndex": 0
        }
      ],
      "records": [
        {
          "raw": {
            "code": "sz.002653",
            "dividAgmPumDate": "2022-05-19",
            "dividCashPsAfterTax": "0.1666669或0.1851855",
            "dividCashPsBeforeTax": "0.185186",
            "dividCashStock": "10派1.851855元（含税，扣税后1.666669或1.851855元）",
            "dividOperateDate": "2022-07-05",
            "dividPayDate": "2022-07-05",
            "dividPlanAnnounceDate": "2022-04-27",
            "dividPlanDate": "2022-06-28",
            "dividPreNoticeDate": "",
            "dividRegistDate": "2022-07-04",
            "dividReserveToStockPs": "",
            "dividStockMarketDate": "",
            "dividStocksPs": "0.000000"
          },
          "source": {
            "requestId": "request-2dfc6f5215044af591c19948718fdfcd",
            "rawSha256": "c65d3d6a369ced93cb4e4bedf702cbd701f326df18b8b1b3531ebcd12ca9220a",
            "rowIndex": 0
          }
        }
      ]
    },
    {
      "code": "sz.002658",
      "exDate": "2021-10-19",
      "sourceRows": 2,
      "ledgerReady": false,
      "investorTaxVerified": false,
      "state": "unresolved",
      "reason": "conflicting_field:dividCashStock",
      "sources": [
        {
          "requestId": "request-e0428d6463e743a6a8027c8364eb4a28",
          "rawSha256": "811b88165911952c2a87213e0a126c15481d33c00823878ef9a85c63bffa6715",
          "rowIndex": 1
        },
        {
          "requestId": "request-e0428d6463e743a6a8027c8364eb4a28",
          "rawSha256": "811b88165911952c2a87213e0a126c15481d33c00823878ef9a85c63bffa6715",
          "rowIndex": 2
        }
      ],
      "records": [
        {
          "raw": {
            "code": "sz.002658",
            "dividAgmPumDate": "2021-09-14",
            "dividCashPsAfterTax": "",
            "dividCashPsBeforeTax": "0.15",
            "dividCashStock": "10派1.5元",
            "dividOperateDate": "2021-10-19",
            "dividPayDate": "2021-10-19",
            "dividPlanAnnounceDate": "2021-08-27",
            "dividPlanDate": "2021-10-12",
            "dividPreNoticeDate": "",
            "dividRegistDate": "2021-10-18",
            "dividReserveToStockPs": "",
            "dividStockMarketDate": "",
            "dividStocksPs": "0.000000"
          },
          "source": {
            "requestId": "request-e0428d6463e743a6a8027c8364eb4a28",
            "rawSha256": "811b88165911952c2a87213e0a126c15481d33c00823878ef9a85c63bffa6715",
            "rowIndex": 1
          }
        },
        {
          "raw": {
            "code": "sz.002658",
            "dividAgmPumDate": "2021-09-14",
            "dividCashPsAfterTax": "0.135或0.15",
            "dividCashPsBeforeTax": "0.15",
            "dividCashStock": "10派1.5元（含税，扣税后1.35或1.5元）",
            "dividOperateDate": "2021-10-19",
            "dividPayDate": "2021-10-19",
            "dividPlanAnnounceDate": "2021-08-27",
            "dividPlanDate": "2021-10-12",
            "dividPreNoticeDate": "",
            "dividRegistDate": "2021-10-18",
            "dividReserveToStockPs": "",
            "dividStockMarketDate": "",
            "dividStocksPs": "0.000000"
          },
          "source": {
            "requestId": "request-e0428d6463e743a6a8027c8364eb4a28",
            "rawSha256": "811b88165911952c2a87213e0a126c15481d33c00823878ef9a85c63bffa6715",
            "rowIndex": 2
          }
        }
      ]
    },
    {
      "code": "sz.002703",
      "exDate": "2024-08-16",
      "sourceRows": 1,
      "ledgerReady": false,
      "investorTaxVerified": false,
      "state": "unresolved",
      "reason": "numeric_plan_conflict:dividCashPsBeforeTax",
      "sources": [
        {
          "requestId": "request-3560707a758f4e028c8677293677b1e5",
          "rawSha256": "0c1ba7c4794b50345ff93c54eb0c69b48c9b6c8d647fc6fc7769a3cc082794f3",
          "rowIndex": 0
        }
      ],
      "records": [
        {
          "raw": {
            "code": "sz.002703",
            "dividAgmPumDate": "2024-06-18",
            "dividCashPsAfterTax": "0.021881或0.0243122",
            "dividCashPsBeforeTax": "0.024312",
            "dividCashStock": "10派0.243122元（含税，扣税后0.21881或0.243122元）",
            "dividOperateDate": "2024-08-16",
            "dividPayDate": "2024-08-16",
            "dividPlanAnnounceDate": "2024-03-29",
            "dividPlanDate": "2024-08-09",
            "dividPreNoticeDate": "",
            "dividRegistDate": "2024-08-15",
            "dividReserveToStockPs": "",
            "dividStockMarketDate": "",
            "dividStocksPs": "0.000000"
          },
          "source": {
            "requestId": "request-3560707a758f4e028c8677293677b1e5",
            "rawSha256": "0c1ba7c4794b50345ff93c54eb0c69b48c9b6c8d647fc6fc7769a3cc082794f3",
            "rowIndex": 0
          }
        }
      ]
    },
    {
      "code": "sz.002714",
      "exDate": "2023-07-13",
      "sourceRows": 1,
      "ledgerReady": false,
      "investorTaxVerified": false,
      "state": "unresolved",
      "reason": "numeric_plan_conflict:dividCashPsBeforeTax",
      "sources": [
        {
          "requestId": "request-934ddf3fd6ca4fb0a5f1a1d4f089309c",
          "rawSha256": "387fbe35ac88d297b8ccd876bfd95e075a67621ea29431035e90c94cd9bef2c2",
          "rowIndex": 0
        }
      ],
      "records": [
        {
          "raw": {
            "code": "sz.002714",
            "dividAgmPumDate": "2023-05-19",
            "dividCashPsAfterTax": "0.6643605或0.7381783",
            "dividCashPsBeforeTax": "0.738178",
            "dividCashStock": "10派7.381783元（含税，扣税后6.643605或7.381783元）",
            "dividOperateDate": "2023-07-13",
            "dividPayDate": "2023-07-13",
            "dividPlanAnnounceDate": "2023-04-28",
            "dividPlanDate": "2023-07-06",
            "dividPreNoticeDate": "",
            "dividRegistDate": "2023-07-12",
            "dividReserveToStockPs": "",
            "dividStockMarketDate": "",
            "dividStocksPs": "0.000000"
          },
          "source": {
            "requestId": "request-934ddf3fd6ca4fb0a5f1a1d4f089309c",
            "rawSha256": "387fbe35ac88d297b8ccd876bfd95e075a67621ea29431035e90c94cd9bef2c2",
            "rowIndex": 0
          }
        }
      ]
    },
    {
      "code": "sz.002714",
      "exDate": "2025-06-26",
      "sourceRows": 1,
      "ledgerReady": false,
      "investorTaxVerified": false,
      "state": "unresolved",
      "reason": "numeric_plan_conflict:dividCashPsBeforeTax",
      "sources": [
        {
          "requestId": "request-b260ca49343d48e9890b51c37e2a6e00",
          "rawSha256": "2123e1dbd8cde4f598de242dbc8e7454f6b6c258f9559dd339494866964a3b1c",
          "rowIndex": 0
        }
      ],
      "records": [
        {
          "raw": {
            "code": "sz.002714",
            "dividAgmPumDate": "2025-05-17",
            "dividCashPsAfterTax": "0.516842或0.5742689",
            "dividCashPsBeforeTax": "0.574269",
            "dividCashStock": "10派5.742689元（含税，扣税后5.16842或5.742689元）",
            "dividOperateDate": "2025-06-26",
            "dividPayDate": "2025-06-26",
            "dividPlanAnnounceDate": "2025-03-20",
            "dividPlanDate": "2025-06-20",
            "dividPreNoticeDate": "",
            "dividRegistDate": "2025-06-25",
            "dividReserveToStockPs": "",
            "dividStockMarketDate": "",
            "dividStocksPs": "0.000000"
          },
          "source": {
            "requestId": "request-b260ca49343d48e9890b51c37e2a6e00",
            "rawSha256": "2123e1dbd8cde4f598de242dbc8e7454f6b6c258f9559dd339494866964a3b1c",
            "rowIndex": 0
          }
        }
      ]
    },
    {
      "code": "sz.002726",
      "exDate": "2021-04-30",
      "sourceRows": 1,
      "ledgerReady": false,
      "investorTaxVerified": false,
      "state": "unresolved",
      "reason": "numeric_plan_conflict:dividCashPsBeforeTax",
      "sources": [
        {
          "requestId": "request-9de29c3443584605b79c17fa771fcf69",
          "rawSha256": "0aae2e48a6503fb149d40aa76545e2dab677fb2cd9b4eb8adf1d6cd36528d60d",
          "rowIndex": 0
        }
      ],
      "records": [
        {
          "raw": {
            "code": "sz.002726",
            "dividAgmPumDate": "2021-04-21",
            "dividCashPsAfterTax": "0.163786或0.1819845",
            "dividCashPsBeforeTax": "0.181984",
            "dividCashStock": "10派1.819845元（含税，扣税后1.63786或1.819845元）",
            "dividOperateDate": "2021-04-30",
            "dividPayDate": "2021-04-30",
            "dividPlanAnnounceDate": "2021-03-30",
            "dividPlanDate": "2021-04-24",
            "dividPreNoticeDate": "",
            "dividRegistDate": "2021-04-29",
            "dividReserveToStockPs": "",
            "dividStockMarketDate": "",
            "dividStocksPs": "0.000000"
          },
          "source": {
            "requestId": "request-9de29c3443584605b79c17fa771fcf69",
            "rawSha256": "0aae2e48a6503fb149d40aa76545e2dab677fb2cd9b4eb8adf1d6cd36528d60d",
            "rowIndex": 0
          }
        }
      ]
    },
    {
      "code": "sz.002733",
      "exDate": "2024-06-12",
      "sourceRows": 1,
      "ledgerReady": false,
      "investorTaxVerified": false,
      "state": "unresolved",
      "reason": "numeric_plan_conflict:dividCashPsBeforeTax",
      "sources": [
        {
          "requestId": "request-19d80729af434fb8a24b950b139190dd",
          "rawSha256": "4c56ea0f1fdb488e3f707ff23b15c7f815f83dae379f0777c4465a79bae41ada",
          "rowIndex": 0
        }
      ],
      "records": [
        {
          "raw": {
            "code": "sz.002733",
            "dividAgmPumDate": "2024-05-24",
            "dividCashPsAfterTax": "0.1350355或0.1500395",
            "dividCashPsBeforeTax": "0.150039",
            "dividCashStock": "10派1.500395元（含税，扣税后1.350355或1.500395元）",
            "dividOperateDate": "2024-06-12",
            "dividPayDate": "2024-06-12",
            "dividPlanAnnounceDate": "2024-04-30",
            "dividPlanDate": "2024-06-05",
            "dividPreNoticeDate": "",
            "dividRegistDate": "2024-06-11",
            "dividReserveToStockPs": "",
            "dividStockMarketDate": "",
            "dividStocksPs": "0.000000"
          },
          "source": {
            "requestId": "request-19d80729af434fb8a24b950b139190dd",
            "rawSha256": "4c56ea0f1fdb488e3f707ff23b15c7f815f83dae379f0777c4465a79bae41ada",
            "rowIndex": 0
          }
        }
      ]
    },
    {
      "code": "sz.002749",
      "exDate": "2021-06-04",
      "sourceRows": 1,
      "ledgerReady": false,
      "investorTaxVerified": false,
      "state": "unresolved",
      "reason": "numeric_plan_conflict:dividCashPsBeforeTax",
      "sources": [
        {
          "requestId": "request-8d0077c7f43e400fa26315644ec684f4",
          "rawSha256": "f6a5427248c5c4f660c9a0fd29088d1038678b79ec39c01a9724799d1571efd1",
          "rowIndex": 0
        }
      ],
      "records": [
        {
          "raw": {
            "code": "sz.002749",
            "dividAgmPumDate": "2021-05-22",
            "dividCashPsAfterTax": "0.1979997或0.2199997",
            "dividCashPsBeforeTax": "0.22",
            "dividCashStock": "10派2.199997元（含税，扣税后1.979997或2.199997元）",
            "dividOperateDate": "2021-06-04",
            "dividPayDate": "2021-06-04",
            "dividPlanAnnounceDate": "2021-04-30",
            "dividPlanDate": "2021-05-27",
            "dividPreNoticeDate": "",
            "dividRegistDate": "2021-06-03",
            "dividReserveToStockPs": "",
            "dividStockMarketDate": "",
            "dividStocksPs": "0.000000"
          },
          "source": {
            "requestId": "request-8d0077c7f43e400fa26315644ec684f4",
            "rawSha256": "f6a5427248c5c4f660c9a0fd29088d1038678b79ec39c01a9724799d1571efd1",
            "rowIndex": 0
          }
        }
      ]
    },
    {
      "code": "sz.002812",
      "exDate": "2021-04-30",
      "sourceRows": 1,
      "ledgerReady": false,
      "investorTaxVerified": false,
      "state": "unresolved",
      "reason": "numeric_plan_conflict:dividCashPsBeforeTax",
      "sources": [
        {
          "requestId": "request-51c6ac7eb2484f80862ccd0d635c7a15",
          "rawSha256": "eae3d04fd37a9e0981819c7af3491628d2b5e3fa90b81c7937fa047519b3e665",
          "rowIndex": 0
        }
      ],
      "records": [
        {
          "raw": {
            "code": "sz.002812",
            "dividAgmPumDate": "2021-04-09",
            "dividCashPsAfterTax": "0.1527253或0.1696948",
            "dividCashPsBeforeTax": "0.169695",
            "dividCashStock": "10派1.696948元（含税，扣税后1.527253或1.696948元）",
            "dividOperateDate": "2021-04-30",
            "dividPayDate": "2021-04-30",
            "dividPlanAnnounceDate": "2021-03-18",
            "dividPlanDate": "2021-04-23",
            "dividPreNoticeDate": "",
            "dividRegistDate": "2021-04-29",
            "dividReserveToStockPs": "",
            "dividStockMarketDate": "",
            "dividStocksPs": "0.000000"
          },
          "source": {
            "requestId": "request-51c6ac7eb2484f80862ccd0d635c7a15",
            "rawSha256": "eae3d04fd37a9e0981819c7af3491628d2b5e3fa90b81c7937fa047519b3e665",
            "rowIndex": 0
          }
        }
      ]
    },
    {
      "code": "sz.002812",
      "exDate": "2022-05-16",
      "sourceRows": 1,
      "ledgerReady": false,
      "investorTaxVerified": false,
      "state": "unresolved",
      "reason": "numeric_plan_conflict:dividCashPsBeforeTax",
      "sources": [
        {
          "requestId": "request-59b928307d2646ababb41cac14de3d8f",
          "rawSha256": "48afe83b91387265e43040607ad7a640652b51adb82d3499d26e4906a44c2233",
          "rowIndex": 0
        }
      ],
      "records": [
        {
          "raw": {
            "code": "sz.002812",
            "dividAgmPumDate": "2022-05-06",
            "dividCashPsAfterTax": "0.2727814或0.3030904",
            "dividCashPsBeforeTax": "0.30309",
            "dividCashStock": "10派3.030904元（含税，扣税后2.727814或3.030904元）",
            "dividOperateDate": "2022-05-16",
            "dividPayDate": "2022-05-16",
            "dividPlanAnnounceDate": "2022-04-12",
            "dividPlanDate": "2022-05-10",
            "dividPreNoticeDate": "",
            "dividRegistDate": "2022-05-13",
            "dividReserveToStockPs": "",
            "dividStockMarketDate": "",
            "dividStocksPs": "0.000000"
          },
          "source": {
            "requestId": "request-59b928307d2646ababb41cac14de3d8f",
            "rawSha256": "48afe83b91387265e43040607ad7a640652b51adb82d3499d26e4906a44c2233",
            "rowIndex": 0
          }
        }
      ]
    },
    {
      "code": "sz.002812",
      "exDate": "2023-08-21",
      "sourceRows": 1,
      "ledgerReady": false,
      "investorTaxVerified": false,
      "state": "unresolved",
      "reason": "numeric_plan_conflict:dividCashPsBeforeTax",
      "sources": [
        {
          "requestId": "request-f66967fbeb624c12a4f371b36d7c521b",
          "rawSha256": "7232487183f84bbc8280799e2c48e49c0170272fb6a024b67fdc30be1c1e541f",
          "rowIndex": 0
        }
      ],
      "records": [
        {
          "raw": {
            "code": "sz.002812",
            "dividAgmPumDate": "2023-08-08",
            "dividCashPsAfterTax": "0.1601999或0.1779999",
            "dividCashPsBeforeTax": "0.178",
            "dividCashStock": "10派1.779999元（含税，扣税后1.601999或1.779999元）",
            "dividOperateDate": "2023-08-21",
            "dividPayDate": "2023-08-21",
            "dividPlanAnnounceDate": "2023-07-22",
            "dividPlanDate": "2023-08-15",
            "dividPreNoticeDate": "",
            "dividRegistDate": "2023-08-18",
            "dividReserveToStockPs": "",
            "dividStockMarketDate": "",
            "dividStocksPs": "0.000000"
          },
          "source": {
            "requestId": "request-f66967fbeb624c12a4f371b36d7c521b",
            "rawSha256": "7232487183f84bbc8280799e2c48e49c0170272fb6a024b67fdc30be1c1e541f",
            "rowIndex": 0
          }
        }
      ]
    },
    {
      "code": "sz.002812",
      "exDate": "2023-09-21",
      "sourceRows": 1,
      "ledgerReady": false,
      "investorTaxVerified": false,
      "state": "unresolved",
      "reason": "numeric_plan_conflict:dividCashPsBeforeTax",
      "sources": [
        {
          "requestId": "request-f66967fbeb624c12a4f371b36d7c521b",
          "rawSha256": "7232487183f84bbc8280799e2c48e49c0170272fb6a024b67fdc30be1c1e541f",
          "rowIndex": 1
        }
      ],
      "records": [
        {
          "raw": {
            "code": "sz.002812",
            "dividAgmPumDate": "2023-09-12",
            "dividCashPsAfterTax": "0.1844999或0.2049999",
            "dividCashPsBeforeTax": "0.205",
            "dividCashStock": "10派2.049999元（含税，扣税后1.844999或2.049999元）",
            "dividOperateDate": "2023-09-21",
            "dividPayDate": "2023-09-21",
            "dividPlanAnnounceDate": "2023-08-24",
            "dividPlanDate": "2023-09-15",
            "dividPreNoticeDate": "",
            "dividRegistDate": "2023-09-20",
            "dividReserveToStockPs": "",
            "dividStockMarketDate": "",
            "dividStocksPs": "0.000000"
          },
          "source": {
            "requestId": "request-f66967fbeb624c12a4f371b36d7c521b",
            "rawSha256": "7232487183f84bbc8280799e2c48e49c0170272fb6a024b67fdc30be1c1e541f",
            "rowIndex": 1
          }
        }
      ]
    },
    {
      "code": "sz.002812",
      "exDate": "2024-06-03",
      "sourceRows": 1,
      "ledgerReady": false,
      "investorTaxVerified": false,
      "state": "unresolved",
      "reason": "numeric_plan_conflict:dividCashPsBeforeTax",
      "sources": [
        {
          "requestId": "request-b4c357342d604ab4af36077842fea988",
          "rawSha256": "46bda475014c130a9b5ec04f479fbc1feac72be4654b0c32a9f7c1f6a11a1234",
          "rowIndex": 0
        }
      ],
      "records": [
        {
          "raw": {
            "code": "sz.002812",
            "dividAgmPumDate": "2024-05-17",
            "dividCashPsAfterTax": "1.3883487或1.5426097",
            "dividCashPsBeforeTax": "1.54261",
            "dividCashStock": "10派15.426097元（含税，扣税后13.883487或15.426097元）",
            "dividOperateDate": "2024-06-03",
            "dividPayDate": "2024-06-03",
            "dividPlanAnnounceDate": "2024-04-25",
            "dividPlanDate": "2024-05-28",
            "dividPreNoticeDate": "",
            "dividRegistDate": "2024-05-31",
            "dividReserveToStockPs": "",
            "dividStockMarketDate": "",
            "dividStocksPs": "0.000000"
          },
          "source": {
            "requestId": "request-b4c357342d604ab4af36077842fea988",
            "rawSha256": "46bda475014c130a9b5ec04f479fbc1feac72be4654b0c32a9f7c1f6a11a1234",
            "rowIndex": 0
          }
        }
      ]
    },
    {
      "code": "sz.002823",
      "exDate": "2021-05-31",
      "sourceRows": 1,
      "ledgerReady": false,
      "investorTaxVerified": false,
      "state": "unresolved",
      "reason": "numeric_plan_conflict:dividCashPsBeforeTax",
      "sources": [
        {
          "requestId": "request-bfad322624b84b0eac5df2987d2e7a2a",
          "rawSha256": "69cc46c19c03ddc06b5bf1e702dd07f18eb71021ff7d19d99ff26727b2783348",
          "rowIndex": 0
        }
      ],
      "records": [
        {
          "raw": {
            "code": "sz.002823",
            "dividAgmPumDate": "2021-05-21",
            "dividCashPsAfterTax": "0.0940481或0.1044979",
            "dividCashPsBeforeTax": "0.104498",
            "dividCashStock": "10派1.044979元（含税，扣税后0.940481或1.044979元）",
            "dividOperateDate": "2021-05-31",
            "dividPayDate": "2021-05-31",
            "dividPlanAnnounceDate": "2021-04-28",
            "dividPlanDate": "2021-05-25",
            "dividPreNoticeDate": "",
            "dividRegistDate": "2021-05-28",
            "dividReserveToStockPs": "",
            "dividStockMarketDate": "",
            "dividStocksPs": "0.000000"
          },
          "source": {
            "requestId": "request-bfad322624b84b0eac5df2987d2e7a2a",
            "rawSha256": "69cc46c19c03ddc06b5bf1e702dd07f18eb71021ff7d19d99ff26727b2783348",
            "rowIndex": 0
          }
        }
      ]
    },
    {
      "code": "sz.002823",
      "exDate": "2022-06-01",
      "sourceRows": 1,
      "ledgerReady": false,
      "investorTaxVerified": false,
      "state": "unresolved",
      "reason": "numeric_plan_conflict:dividCashPsBeforeTax",
      "sources": [
        {
          "requestId": "request-648faafaef01433c96ca83b64c1014c0",
          "rawSha256": "2f5dd141f4c91f3c981452ac4aa6a59da2d8ad2883eee60a7d313e374d57fb2f",
          "rowIndex": 0
        }
      ],
      "records": [
        {
          "raw": {
            "code": "sz.002823",
            "dividAgmPumDate": "2022-05-21",
            "dividCashPsAfterTax": "0.009091或0.0101011",
            "dividCashPsBeforeTax": "0.010101",
            "dividCashStock": "10派0.101011元（含税，扣税后0.09091或0.101011元）",
            "dividOperateDate": "2022-06-01",
            "dividPayDate": "2022-06-01",
            "dividPlanAnnounceDate": "2022-04-28",
            "dividPlanDate": "2022-05-26",
            "dividPreNoticeDate": "",
            "dividRegistDate": "2022-05-31",
            "dividReserveToStockPs": "",
            "dividStockMarketDate": "",
            "dividStocksPs": "0.000000"
          },
          "source": {
            "requestId": "request-648faafaef01433c96ca83b64c1014c0",
            "rawSha256": "2f5dd141f4c91f3c981452ac4aa6a59da2d8ad2883eee60a7d313e374d57fb2f",
            "rowIndex": 0
          }
        }
      ]
    },
    {
      "code": "sz.002823",
      "exDate": "2023-06-09",
      "sourceRows": 1,
      "ledgerReady": false,
      "investorTaxVerified": false,
      "state": "unresolved",
      "reason": "numeric_plan_conflict:dividCashPsBeforeTax",
      "sources": [
        {
          "requestId": "request-c85f5749e2ce4ad39e72175f9f7ca3ea",
          "rawSha256": "e2c88452c446d7ac5a2703191758840a8a78251763b5ba2d9397caf48ac91cbb",
          "rowIndex": 0
        }
      ],
      "records": [
        {
          "raw": {
            "code": "sz.002823",
            "dividAgmPumDate": "2023-05-26",
            "dividCashPsAfterTax": "0.0314891或0.0349879",
            "dividCashPsBeforeTax": "0.034988",
            "dividCashStock": "10派0.349879元（含税，扣税后0.314891或0.349879元）",
            "dividOperateDate": "2023-06-09",
            "dividPayDate": "2023-06-09",
            "dividPlanAnnounceDate": "2023-04-25",
            "dividPlanDate": "2023-06-03",
            "dividPreNoticeDate": "",
            "dividRegistDate": "2023-06-08",
            "dividReserveToStockPs": "",
            "dividStockMarketDate": "",
            "dividStocksPs": "0.000000"
          },
          "source": {
            "requestId": "request-c85f5749e2ce4ad39e72175f9f7ca3ea",
            "rawSha256": "e2c88452c446d7ac5a2703191758840a8a78251763b5ba2d9397caf48ac91cbb",
            "rowIndex": 0
          }
        }
      ]
    },
    {
      "code": "sz.002823",
      "exDate": "2024-05-17",
      "sourceRows": 1,
      "ledgerReady": false,
      "investorTaxVerified": false,
      "state": "unresolved",
      "reason": "numeric_plan_conflict:dividCashPsBeforeTax",
      "sources": [
        {
          "requestId": "request-412f27ebd01d4971bf23aa48497cdf21",
          "rawSha256": "d1882e7993190bd214e3ddef3c2a19e6f1b265b32284df69e3e6ed61665644d5",
          "rowIndex": 0
        }
      ],
      "records": [
        {
          "raw": {
            "code": "sz.002823",
            "dividAgmPumDate": "2024-05-08",
            "dividCashPsAfterTax": "0.0724102或0.0804558",
            "dividCashPsBeforeTax": "0.080456",
            "dividCashStock": "10派0.804558元（含税，扣税后0.724102或0.804558元）",
            "dividOperateDate": "2024-05-17",
            "dividPayDate": "2024-05-17",
            "dividPlanAnnounceDate": "2024-04-16",
            "dividPlanDate": "2024-05-09",
            "dividPreNoticeDate": "",
            "dividRegistDate": "2024-05-16",
            "dividReserveToStockPs": "",
            "dividStockMarketDate": "",
            "dividStocksPs": "0.000000"
          },
          "source": {
            "requestId": "request-412f27ebd01d4971bf23aa48497cdf21",
            "rawSha256": "d1882e7993190bd214e3ddef3c2a19e6f1b265b32284df69e3e6ed61665644d5",
            "rowIndex": 0
          }
        }
      ]
    },
    {
      "code": "sz.002823",
      "exDate": "2024-10-10",
      "sourceRows": 1,
      "ledgerReady": false,
      "investorTaxVerified": false,
      "state": "unresolved",
      "reason": "numeric_plan_conflict:dividCashPsBeforeTax",
      "sources": [
        {
          "requestId": "request-412f27ebd01d4971bf23aa48497cdf21",
          "rawSha256": "d1882e7993190bd214e3ddef3c2a19e6f1b265b32284df69e3e6ed61665644d5",
          "rowIndex": 1
        }
      ],
      "records": [
        {
          "raw": {
            "code": "sz.002823",
            "dividAgmPumDate": "2024-09-19",
            "dividCashPsAfterTax": "0.0687026或0.0763362",
            "dividCashPsBeforeTax": "0.076336",
            "dividCashStock": "10派0.763362元（含税，扣税后0.687026或0.763362元）",
            "dividOperateDate": "2024-10-10",
            "dividPayDate": "2024-10-10",
            "dividPlanAnnounceDate": "2024-08-29",
            "dividPlanDate": "2024-09-26",
            "dividPreNoticeDate": "",
            "dividRegistDate": "2024-10-09",
            "dividReserveToStockPs": "",
            "dividStockMarketDate": "",
            "dividStocksPs": "0.000000"
          },
          "source": {
            "requestId": "request-412f27ebd01d4971bf23aa48497cdf21",
            "rawSha256": "d1882e7993190bd214e3ddef3c2a19e6f1b265b32284df69e3e6ed61665644d5",
            "rowIndex": 1
          }
        }
      ]
    },
    {
      "code": "sz.002823",
      "exDate": "2025-05-20",
      "sourceRows": 1,
      "ledgerReady": false,
      "investorTaxVerified": false,
      "state": "unresolved",
      "reason": "numeric_plan_conflict:dividCashPsBeforeTax",
      "sources": [
        {
          "requestId": "request-dd2c233f4a044c0fac0d34c6b8b871d7",
          "rawSha256": "01f0e9fad8044e66735ac6c19603f72a8ab9d8cca5efb3b44a0c9174c67e757d",
          "rowIndex": 0
        }
      ],
      "records": [
        {
          "raw": {
            "code": "sz.002823",
            "dividAgmPumDate": "2025-05-08",
            "dividCashPsAfterTax": "0.1374052或0.1526725",
            "dividCashPsBeforeTax": "0.152673",
            "dividCashStock": "10派1.526725元（含税，扣税后1.374052或1.526725元）",
            "dividOperateDate": "2025-05-20",
            "dividPayDate": "2025-05-20",
            "dividPlanAnnounceDate": "2025-04-16",
            "dividPlanDate": "2025-05-13",
            "dividPreNoticeDate": "",
            "dividRegistDate": "2025-05-19",
            "dividReserveToStockPs": "",
            "dividStockMarketDate": "",
            "dividStocksPs": "0.000000"
          },
          "source": {
            "requestId": "request-dd2c233f4a044c0fac0d34c6b8b871d7",
            "rawSha256": "01f0e9fad8044e66735ac6c19603f72a8ab9d8cca5efb3b44a0c9174c67e757d",
            "rowIndex": 0
          }
        }
      ]
    },
    {
      "code": "sz.002824",
      "exDate": "2023-07-06",
      "sourceRows": 1,
      "ledgerReady": false,
      "investorTaxVerified": false,
      "state": "unresolved",
      "reason": "numeric_plan_conflict:dividCashPsBeforeTax",
      "sources": [
        {
          "requestId": "request-ae8600903c9c4665848ec65ada00664d",
          "rawSha256": "7a10cf24680118f1a391ccc8320bbda3bb39d6a7ce1fc8a5eba9040a619d5e2a",
          "rowIndex": 0
        }
      ],
      "records": [
        {
          "raw": {
            "code": "sz.002824",
            "dividAgmPumDate": "2023-05-20",
            "dividCashPsAfterTax": "0.2818473或0.3131637",
            "dividCashPsBeforeTax": "0.313164",
            "dividCashStock": "10转4.002092派3.131637元（含税，扣税后2.818473或3.131637元）",
            "dividOperateDate": "2023-07-06",
            "dividPayDate": "2023-07-06",
            "dividPlanAnnounceDate": "2023-04-25",
            "dividPlanDate": "2023-06-29",
            "dividPreNoticeDate": "",
            "dividRegistDate": "2023-07-05",
            "dividReserveToStockPs": "0.400209",
            "dividStockMarketDate": "2023-07-06",
            "dividStocksPs": "0.000000"
          },
          "source": {
            "requestId": "request-ae8600903c9c4665848ec65ada00664d",
            "rawSha256": "7a10cf24680118f1a391ccc8320bbda3bb39d6a7ce1fc8a5eba9040a619d5e2a",
            "rowIndex": 0
          }
        }
      ]
    },
    {
      "code": "sz.002824",
      "exDate": "2024-07-16",
      "sourceRows": 1,
      "ledgerReady": false,
      "investorTaxVerified": false,
      "state": "unresolved",
      "reason": "numeric_plan_conflict:dividCashPsBeforeTax",
      "sources": [
        {
          "requestId": "request-a703e1fd16554b65b4504e72a09113f2",
          "rawSha256": "27b887ff16e86e363e02b8ec742956811631b7454e20e7894c4cbb95d835e8c4",
          "rowIndex": 0
        }
      ],
      "records": [
        {
          "raw": {
            "code": "sz.002824",
            "dividAgmPumDate": "2024-05-21",
            "dividCashPsAfterTax": "0.1715077或0.1905641",
            "dividCashPsBeforeTax": "0.190564",
            "dividCashStock": "10派1.905641元（含税，扣税后1.715077或1.905641元）",
            "dividOperateDate": "2024-07-16",
            "dividPayDate": "2024-07-16",
            "dividPlanAnnounceDate": "2024-04-29",
            "dividPlanDate": "2024-07-08",
            "dividPreNoticeDate": "",
            "dividRegistDate": "2024-07-15",
            "dividReserveToStockPs": "",
            "dividStockMarketDate": "",
            "dividStocksPs": "0.000000"
          },
          "source": {
            "requestId": "request-a703e1fd16554b65b4504e72a09113f2",
            "rawSha256": "27b887ff16e86e363e02b8ec742956811631b7454e20e7894c4cbb95d835e8c4",
            "rowIndex": 0
          }
        }
      ]
    },
    {
      "code": "sz.002825",
      "exDate": "2023-07-07",
      "sourceRows": 1,
      "ledgerReady": false,
      "investorTaxVerified": false,
      "state": "unresolved",
      "reason": "numeric_plan_conflict:dividCashPsBeforeTax",
      "sources": [
        {
          "requestId": "request-1ce4697f8d924bf7926e27f874c8f08d",
          "rawSha256": "cb70d1480e2ab396c102aa93ae91f6081c2005167be855293233fb57e231bc64",
          "rowIndex": 0
        }
      ],
      "records": [
        {
          "raw": {
            "code": "sz.002825",
            "dividAgmPumDate": "2023-05-17",
            "dividCashPsAfterTax": "0.269779或0.2997545",
            "dividCashPsBeforeTax": "0.299755",
            "dividCashStock": "10转3.996727派2.997545元（含税，扣税后2.69779或2.997545元）",
            "dividOperateDate": "2023-07-07",
            "dividPayDate": "2023-07-07",
            "dividPlanAnnounceDate": "2023-04-25",
            "dividPlanDate": "2023-07-01",
            "dividPreNoticeDate": "",
            "dividRegistDate": "2023-07-06",
            "dividReserveToStockPs": "0.399673",
            "dividStockMarketDate": "2023-07-07",
            "dividStocksPs": "0.000000"
          },
          "source": {
            "requestId": "request-1ce4697f8d924bf7926e27f874c8f08d",
            "rawSha256": "cb70d1480e2ab396c102aa93ae91f6081c2005167be855293233fb57e231bc64",
            "rowIndex": 0
          }
        }
      ]
    },
    {
      "code": "sz.002828",
      "exDate": "2024-06-20",
      "sourceRows": 1,
      "ledgerReady": false,
      "investorTaxVerified": false,
      "state": "unresolved",
      "reason": "numeric_plan_conflict:dividCashPsBeforeTax",
      "sources": [
        {
          "requestId": "request-9b98edc64fb84ce3bbae0abfec786ac1",
          "rawSha256": "22bd542ef48f3b5c789690912c6ab99edf4de39727c992fcb46e61a62492cc8f",
          "rowIndex": 0
        }
      ],
      "records": [
        {
          "raw": {
            "code": "sz.002828",
            "dividAgmPumDate": "2024-04-24",
            "dividCashPsAfterTax": "0.079457或0.0882856",
            "dividCashPsBeforeTax": "0.088286",
            "dividCashStock": "10派0.882856元（含税，扣税后0.79457或0.882856元）",
            "dividOperateDate": "2024-06-20",
            "dividPayDate": "2024-06-20",
            "dividPlanAnnounceDate": "2024-04-02",
            "dividPlanDate": "2024-06-13",
            "dividPreNoticeDate": "",
            "dividRegistDate": "2024-06-19",
            "dividReserveToStockPs": "",
            "dividStockMarketDate": "",
            "dividStocksPs": "0.000000"
          },
          "source": {
            "requestId": "request-9b98edc64fb84ce3bbae0abfec786ac1",
            "rawSha256": "22bd542ef48f3b5c789690912c6ab99edf4de39727c992fcb46e61a62492cc8f",
            "rowIndex": 0
          }
        }
      ]
    },
    {
      "code": "sz.002831",
      "exDate": "2023-06-08",
      "sourceRows": 1,
      "ledgerReady": false,
      "investorTaxVerified": false,
      "state": "unresolved",
      "reason": "numeric_plan_conflict:dividCashPsBeforeTax",
      "sources": [
        {
          "requestId": "request-9cca1c28fa6f436dbbedd7c8634d8afa",
          "rawSha256": "c1e1b1a8f66599c01d84b9ca8be3b6668468cd57ab82b2a5d1375c9c600b6668",
          "rowIndex": 0
        }
      ],
      "records": [
        {
          "raw": {
            "code": "sz.002831",
            "dividAgmPumDate": "2023-05-27",
            "dividCashPsAfterTax": "0.2940603或0.3267337",
            "dividCashPsBeforeTax": "0.326734",
            "dividCashStock": "10派3.267337元（含税，扣税后2.940603或3.267337元）",
            "dividOperateDate": "2023-06-08",
            "dividPayDate": "2023-06-08",
            "dividPlanAnnounceDate": "2023-04-27",
            "dividPlanDate": "2023-06-02",
            "dividPreNoticeDate": "",
            "dividRegistDate": "2023-06-07",
            "dividReserveToStockPs": "",
            "dividStockMarketDate": "",
            "dividStocksPs": "0.000000"
          },
          "source": {
            "requestId": "request-9cca1c28fa6f436dbbedd7c8634d8afa",
            "rawSha256": "c1e1b1a8f66599c01d84b9ca8be3b6668468cd57ab82b2a5d1375c9c600b6668",
            "rowIndex": 0
          }
        }
      ]
    },
    {
      "code": "sz.002831",
      "exDate": "2024-05-29",
      "sourceRows": 1,
      "ledgerReady": false,
      "investorTaxVerified": false,
      "state": "unresolved",
      "reason": "numeric_plan_conflict:dividCashPsBeforeTax",
      "sources": [
        {
          "requestId": "request-52b4432e477b4ab381b41bfe1dee74ee",
          "rawSha256": "609a3615edd78f01b15e8cd80987e0e9584541cb02d5c75f8e039c6da86f44a7",
          "rowIndex": 0
        }
      ],
      "records": [
        {
          "raw": {
            "code": "sz.002831",
            "dividAgmPumDate": "2024-05-18",
            "dividCashPsAfterTax": "0.5581816或0.6202018",
            "dividCashPsBeforeTax": "0.620202",
            "dividCashStock": "10派6.202018元（含税，扣税后5.581816或6.202018元）",
            "dividOperateDate": "2024-05-29",
            "dividPayDate": "2024-05-29",
            "dividPlanAnnounceDate": "2024-04-26",
            "dividPlanDate": "2024-05-23",
            "dividPreNoticeDate": "",
            "dividRegistDate": "2024-05-28",
            "dividReserveToStockPs": "",
            "dividStockMarketDate": "",
            "dividStocksPs": "0.000000"
          },
          "source": {
            "requestId": "request-52b4432e477b4ab381b41bfe1dee74ee",
            "rawSha256": "609a3615edd78f01b15e8cd80987e0e9584541cb02d5c75f8e039c6da86f44a7",
            "rowIndex": 0
          }
        }
      ]
    },
    {
      "code": "sz.002831",
      "exDate": "2024-10-11",
      "sourceRows": 1,
      "ledgerReady": false,
      "investorTaxVerified": false,
      "state": "unresolved",
      "reason": "numeric_plan_conflict:dividCashPsBeforeTax",
      "sources": [
        {
          "requestId": "request-52b4432e477b4ab381b41bfe1dee74ee",
          "rawSha256": "609a3615edd78f01b15e8cd80987e0e9584541cb02d5c75f8e039c6da86f44a7",
          "rowIndex": 1
        }
      ],
      "records": [
        {
          "raw": {
            "code": "sz.002831",
            "dividAgmPumDate": "2024-09-14",
            "dividCashPsAfterTax": "0.297212或0.3302356",
            "dividCashPsBeforeTax": "0.330236",
            "dividCashStock": "10派3.302356元（含税，扣税后2.97212或3.302356元）",
            "dividOperateDate": "2024-10-11",
            "dividPayDate": "2024-10-11",
            "dividPlanAnnounceDate": "2024-08-27",
            "dividPlanDate": "2024-09-26",
            "dividPreNoticeDate": "",
            "dividRegistDate": "2024-10-10",
            "dividReserveToStockPs": "",
            "dividStockMarketDate": "",
            "dividStocksPs": "0.000000"
          },
          "source": {
            "requestId": "request-52b4432e477b4ab381b41bfe1dee74ee",
            "rawSha256": "609a3615edd78f01b15e8cd80987e0e9584541cb02d5c75f8e039c6da86f44a7",
            "rowIndex": 1
          }
        }
      ]
    },
    {
      "code": "sz.002831",
      "exDate": "2025-05-30",
      "sourceRows": 1,
      "ledgerReady": false,
      "investorTaxVerified": false,
      "state": "unresolved",
      "reason": "numeric_plan_conflict:dividCashPsBeforeTax",
      "sources": [
        {
          "requestId": "request-a1c30397e59841f78f0243e0f60f4d72",
          "rawSha256": "04305c9872b4b24468fe1096c74eb02fd443cf271d343676e7280bfe2f5341af",
          "rowIndex": 0
        }
      ],
      "records": [
        {
          "raw": {
            "code": "sz.002831",
            "dividAgmPumDate": "2025-05-21",
            "dividCashPsAfterTax": "0.5436777或0.6040863",
            "dividCashPsBeforeTax": "0.604086",
            "dividCashStock": "10派6.040863元（含税，扣税后5.436777或6.040863元）",
            "dividOperateDate": "2025-05-30",
            "dividPayDate": "2025-05-30",
            "dividPlanAnnounceDate": "2025-04-29",
            "dividPlanDate": "2025-05-24",
            "dividPreNoticeDate": "",
            "dividRegistDate": "2025-05-29",
            "dividReserveToStockPs": "",
            "dividStockMarketDate": "",
            "dividStocksPs": "0.000000"
          },
          "source": {
            "requestId": "request-a1c30397e59841f78f0243e0f60f4d72",
            "rawSha256": "04305c9872b4b24468fe1096c74eb02fd443cf271d343676e7280bfe2f5341af",
            "rowIndex": 0
          }
        }
      ]
    },
    {
      "code": "sz.002840",
      "exDate": "2021-06-30",
      "sourceRows": 3,
      "ledgerReady": false,
      "investorTaxVerified": false,
      "state": "unresolved",
      "reason": "conflicting_field:dividCashPsAfterTax",
      "sources": [
        {
          "requestId": "request-ed5f6a164dab41f183d95504ea2c569f",
          "rawSha256": "b1f722afa9b94cf98e84b3b28cc881675811e2ffb62d73094eba3c8a3446120d",
          "rowIndex": 0
        },
        {
          "requestId": "request-ed5f6a164dab41f183d95504ea2c569f",
          "rawSha256": "b1f722afa9b94cf98e84b3b28cc881675811e2ffb62d73094eba3c8a3446120d",
          "rowIndex": 1
        },
        {
          "requestId": "request-ed5f6a164dab41f183d95504ea2c569f",
          "rawSha256": "b1f722afa9b94cf98e84b3b28cc881675811e2ffb62d73094eba3c8a3446120d",
          "rowIndex": 2
        }
      ],
      "records": [
        {
          "raw": {
            "code": "sz.002840",
            "dividAgmPumDate": "2021-05-08",
            "dividCashPsAfterTax": "0.0287989或0.032",
            "dividCashPsBeforeTax": "0.032",
            "dividCashStock": "10派0.32元（含税，扣税后0.287989或0.32元）",
            "dividOperateDate": "2021-06-30",
            "dividPayDate": "2021-06-30",
            "dividPlanAnnounceDate": "2021-04-16",
            "dividPlanDate": "2021-06-22",
            "dividPreNoticeDate": "",
            "dividRegistDate": "2021-06-29",
            "dividReserveToStockPs": "",
            "dividStockMarketDate": "",
            "dividStocksPs": "0.000000"
          },
          "source": {
            "requestId": "request-ed5f6a164dab41f183d95504ea2c569f",
            "rawSha256": "b1f722afa9b94cf98e84b3b28cc881675811e2ffb62d73094eba3c8a3446120d",
            "rowIndex": 0
          }
        },
        {
          "raw": {
            "code": "sz.002840",
            "dividAgmPumDate": "2021-05-08",
            "dividCashPsAfterTax": "0.0287989或0.0319988",
            "dividCashPsBeforeTax": "",
            "dividCashStock": "10派0.319988元（含税，扣税后0.287989或0.319988元）",
            "dividOperateDate": "2021-06-30",
            "dividPayDate": "2021-06-30",
            "dividPlanAnnounceDate": "2021-04-16",
            "dividPlanDate": "2021-06-22",
            "dividPreNoticeDate": "",
            "dividRegistDate": "2021-06-29",
            "dividReserveToStockPs": "",
            "dividStockMarketDate": "",
            "dividStocksPs": "0.000000"
          },
          "source": {
            "requestId": "request-ed5f6a164dab41f183d95504ea2c569f",
            "rawSha256": "b1f722afa9b94cf98e84b3b28cc881675811e2ffb62d73094eba3c8a3446120d",
            "rowIndex": 1
          }
        },
        {
          "raw": {
            "code": "sz.002840",
            "dividAgmPumDate": "2021-05-08",
            "dividCashPsAfterTax": "0.0287989或0.0319988",
            "dividCashPsBeforeTax": "0.031999",
            "dividCashStock": "10派0.319988元（含税，扣税后0.287989或0.319988元）",
            "dividOperateDate": "2021-06-30",
            "dividPayDate": "2021-06-30",
            "dividPlanAnnounceDate": "2021-04-16",
            "dividPlanDate": "2021-06-22",
            "dividPreNoticeDate": "",
            "dividRegistDate": "2021-06-29",
            "dividReserveToStockPs": "",
            "dividStockMarketDate": "",
            "dividStocksPs": "0.000000"
          },
          "source": {
            "requestId": "request-ed5f6a164dab41f183d95504ea2c569f",
            "rawSha256": "b1f722afa9b94cf98e84b3b28cc881675811e2ffb62d73094eba3c8a3446120d",
            "rowIndex": 2
          }
        }
      ]
    },
    {
      "code": "sz.002845",
      "exDate": "2025-05-30",
      "sourceRows": 1,
      "ledgerReady": false,
      "investorTaxVerified": false,
      "state": "unresolved",
      "reason": "numeric_plan_conflict:dividCashPsBeforeTax",
      "sources": [
        {
          "requestId": "request-3535bb08ea5e4e06b133d614c3d92e73",
          "rawSha256": "87de1f14047c09f43bdf49d9adc1d5c020bddf518e5faab3253429610fbbdec7",
          "rowIndex": 0
        }
      ],
      "records": [
        {
          "raw": {
            "code": "sz.002845",
            "dividAgmPumDate": "2025-05-21",
            "dividCashPsAfterTax": "0.0363639或0.0404043",
            "dividCashPsBeforeTax": "0.040404",
            "dividCashStock": "10派0.404043元（含税，扣税后0.363639或0.404043元）",
            "dividOperateDate": "2025-05-30",
            "dividPayDate": "2025-05-30",
            "dividPlanAnnounceDate": "2025-04-25",
            "dividPlanDate": "2025-05-23",
            "dividPreNoticeDate": "",
            "dividRegistDate": "2025-05-29",
            "dividReserveToStockPs": "",
            "dividStockMarketDate": "",
            "dividStocksPs": "0.000000"
          },
          "source": {
            "requestId": "request-3535bb08ea5e4e06b133d614c3d92e73",
            "rawSha256": "87de1f14047c09f43bdf49d9adc1d5c020bddf518e5faab3253429610fbbdec7",
            "rowIndex": 0
          }
        }
      ]
    },
    {
      "code": "sz.002859",
      "exDate": "2021-06-03",
      "sourceRows": 1,
      "ledgerReady": false,
      "investorTaxVerified": false,
      "state": "unresolved",
      "reason": "numeric_plan_conflict:dividCashPsBeforeTax",
      "sources": [
        {
          "requestId": "request-efb682a05c114d2db668a5d18a506b1d",
          "rawSha256": "50632a2ad16cb58c8223bec8f5841883aa0a6f914c28fe33a26c7dfad8ee5ada",
          "rowIndex": 0
        }
      ],
      "records": [
        {
          "raw": {
            "code": "sz.002859",
            "dividAgmPumDate": "2021-04-21",
            "dividCashPsAfterTax": "0.1799996或0.1999996",
            "dividCashPsBeforeTax": "0.2",
            "dividCashStock": "10派1.999996元（含税，扣税后1.799996或1.999996元）",
            "dividOperateDate": "2021-06-03",
            "dividPayDate": "2021-06-03",
            "dividPlanAnnounceDate": "2021-03-30",
            "dividPlanDate": "2021-05-27",
            "dividPreNoticeDate": "",
            "dividRegistDate": "2021-06-02",
            "dividReserveToStockPs": "",
            "dividStockMarketDate": "",
            "dividStocksPs": "0.000000"
          },
          "source": {
            "requestId": "request-efb682a05c114d2db668a5d18a506b1d",
            "rawSha256": "50632a2ad16cb58c8223bec8f5841883aa0a6f914c28fe33a26c7dfad8ee5ada",
            "rowIndex": 0
          }
        }
      ]
    },
    {
      "code": "sz.002864",
      "exDate": "2025-02-17",
      "sourceRows": 1,
      "ledgerReady": false,
      "investorTaxVerified": false,
      "state": "unresolved",
      "reason": "numeric_plan_conflict:dividCashPsBeforeTax",
      "sources": [
        {
          "requestId": "request-cdf078ddbe204f65b9aeaf89f64d6036",
          "rawSha256": "4e6076eb3f9aa369547c8b400c1747c4b6ed268df4099cb804a23a6fa64aad00",
          "rowIndex": 0
        }
      ],
      "records": [
        {
          "raw": {
            "code": "sz.002864",
            "dividAgmPumDate": "2025-01-23",
            "dividCashPsAfterTax": "0.0450001或0.0500001",
            "dividCashPsBeforeTax": "0.05",
            "dividCashStock": "10派0.500001元（含税，扣税后0.450001或0.500001元）",
            "dividOperateDate": "2025-02-17",
            "dividPayDate": "2025-02-17",
            "dividPlanAnnounceDate": "2025-01-02",
            "dividPlanDate": "2025-02-08",
            "dividPreNoticeDate": "",
            "dividRegistDate": "2025-02-14",
            "dividReserveToStockPs": "",
            "dividStockMarketDate": "",
            "dividStocksPs": "0.000000"
          },
          "source": {
            "requestId": "request-cdf078ddbe204f65b9aeaf89f64d6036",
            "rawSha256": "4e6076eb3f9aa369547c8b400c1747c4b6ed268df4099cb804a23a6fa64aad00",
            "rowIndex": 0
          }
        }
      ]
    },
    {
      "code": "sz.002865",
      "exDate": "2023-04-17",
      "sourceRows": 1,
      "ledgerReady": false,
      "investorTaxVerified": false,
      "state": "unresolved",
      "reason": "numeric_plan_conflict:dividCashPsBeforeTax",
      "sources": [
        {
          "requestId": "request-d21f184287a846f7876dc75d464762bc",
          "rawSha256": "c99aaca480793c803144d67c7c84c42cd850fb87b138a96c955918c685670027",
          "rowIndex": 0
        }
      ],
      "records": [
        {
          "raw": {
            "code": "sz.002865",
            "dividAgmPumDate": "2023-04-07",
            "dividCashPsAfterTax": "0.4975982或0.5971178",
            "dividCashPsBeforeTax": "0.597118",
            "dividCashStock": "10送3.980785派5.971178元（含税，扣税后4.975982或5.971178元）",
            "dividOperateDate": "2023-04-17",
            "dividPayDate": "2023-04-17",
            "dividPlanAnnounceDate": "2023-03-17",
            "dividPlanDate": "2023-04-11",
            "dividPreNoticeDate": "",
            "dividRegistDate": "2023-04-14",
            "dividReserveToStockPs": "",
            "dividStockMarketDate": "2023-04-17",
            "dividStocksPs": "0.398079"
          },
          "source": {
            "requestId": "request-d21f184287a846f7876dc75d464762bc",
            "rawSha256": "c99aaca480793c803144d67c7c84c42cd850fb87b138a96c955918c685670027",
            "rowIndex": 0
          }
        }
      ]
    },
    {
      "code": "sz.002865",
      "exDate": "2024-04-26",
      "sourceRows": 1,
      "ledgerReady": false,
      "investorTaxVerified": false,
      "state": "unresolved",
      "reason": "numeric_plan_conflict:dividCashPsBeforeTax",
      "sources": [
        {
          "requestId": "request-5e4ade928ea94d7cab9dfb214104a977",
          "rawSha256": "008c6067024bdaece7215fd6773881acc36114e04ae7e3dd5fa654a01f8da9e9",
          "rowIndex": 0
        }
      ],
      "records": [
        {
          "raw": {
            "code": "sz.002865",
            "dividAgmPumDate": "2024-04-03",
            "dividCashPsAfterTax": "0.6715588或0.7461764",
            "dividCashPsBeforeTax": "0.746176",
            "dividCashStock": "10派7.461764元（含税，扣税后6.715588或7.461764元）",
            "dividOperateDate": "2024-04-26",
            "dividPayDate": "2024-04-26",
            "dividPlanAnnounceDate": "2024-03-13",
            "dividPlanDate": "2024-04-20",
            "dividPreNoticeDate": "",
            "dividRegistDate": "2024-04-25",
            "dividReserveToStockPs": "",
            "dividStockMarketDate": "",
            "dividStocksPs": "0.000000"
          },
          "source": {
            "requestId": "request-5e4ade928ea94d7cab9dfb214104a977",
            "rawSha256": "008c6067024bdaece7215fd6773881acc36114e04ae7e3dd5fa654a01f8da9e9",
            "rowIndex": 0
          }
        }
      ]
    },
    {
      "code": "sz.002876",
      "exDate": "2022-05-19",
      "sourceRows": 1,
      "ledgerReady": false,
      "investorTaxVerified": false,
      "state": "unresolved",
      "reason": "numeric_plan_conflict:dividCashPsBeforeTax",
      "sources": [
        {
          "requestId": "request-0f78cdedc61644809831b42d4fc9f689",
          "rawSha256": "616fe442169a971cd8d9582c29f20d169ddc61ee2075a93b955792e9ac1c8b03",
          "rowIndex": 0
        }
      ],
      "records": [
        {
          "raw": {
            "code": "sz.002876",
            "dividAgmPumDate": "2022-04-16",
            "dividCashPsAfterTax": "0.2667583或0.2963981",
            "dividCashPsBeforeTax": "0.296398",
            "dividCashStock": "10派2.963981元（含税，扣税后2.667583或2.963981元）",
            "dividOperateDate": "2022-05-19",
            "dividPayDate": "2022-05-19",
            "dividPlanAnnounceDate": "2022-03-18",
            "dividPlanDate": "2022-05-12",
            "dividPreNoticeDate": "",
            "dividRegistDate": "2022-05-18",
            "dividReserveToStockPs": "",
            "dividStockMarketDate": "",
            "dividStocksPs": "0.000000"
          },
          "source": {
            "requestId": "request-0f78cdedc61644809831b42d4fc9f689",
            "rawSha256": "616fe442169a971cd8d9582c29f20d169ddc61ee2075a93b955792e9ac1c8b03",
            "rowIndex": 0
          }
        }
      ]
    },
    {
      "code": "sz.002910",
      "exDate": "2021-08-26",
      "sourceRows": 1,
      "ledgerReady": false,
      "investorTaxVerified": false,
      "state": "unresolved",
      "reason": "numeric_plan_conflict:dividCashPsBeforeTax",
      "sources": [
        {
          "requestId": "request-05e7122aa5dc44c5a8fb221129072ea3",
          "rawSha256": "b9db9cfee2a56e23ccb7198876c9a2b5823b34add92a379eaab233dbf7c5d6d0",
          "rowIndex": 0
        }
      ],
      "records": [
        {
          "raw": {
            "code": "sz.002910",
            "dividAgmPumDate": "2021-06-30",
            "dividCashPsAfterTax": "0.0181006或0.0201118",
            "dividCashPsBeforeTax": "0.020112",
            "dividCashStock": "10派0.201118元（含税，扣税后0.181006或0.201118元）",
            "dividOperateDate": "2021-08-26",
            "dividPayDate": "2021-08-26",
            "dividPlanAnnounceDate": "2021-03-30",
            "dividPlanDate": "2021-08-19",
            "dividPreNoticeDate": "",
            "dividRegistDate": "2021-08-25",
            "dividReserveToStockPs": "",
            "dividStockMarketDate": "",
            "dividStocksPs": "0.000000"
          },
          "source": {
            "requestId": "request-05e7122aa5dc44c5a8fb221129072ea3",
            "rawSha256": "b9db9cfee2a56e23ccb7198876c9a2b5823b34add92a379eaab233dbf7c5d6d0",
            "rowIndex": 0
          }
        }
      ]
    },
    {
      "code": "sz.002910",
      "exDate": "2023-07-19",
      "sourceRows": 1,
      "ledgerReady": false,
      "investorTaxVerified": false,
      "state": "unresolved",
      "reason": "numeric_plan_conflict:dividCashPsBeforeTax",
      "sources": [
        {
          "requestId": "request-4dbb8df91b234c68aa73f474ed720337",
          "rawSha256": "4e551344bb12410759d4dfc8d02098a3085a65adbbf6867c88d31274f93f3e45",
          "rowIndex": 0
        }
      ],
      "records": [
        {
          "raw": {
            "code": "sz.002910",
            "dividAgmPumDate": "2023-05-25",
            "dividCashPsAfterTax": "0.0561307或0.0623675",
            "dividCashPsBeforeTax": "0.062367",
            "dividCashStock": "10派0.623675元（含税，扣税后0.561307或0.623675元）",
            "dividOperateDate": "2023-07-19",
            "dividPayDate": "2023-07-19",
            "dividPlanAnnounceDate": "2023-04-21",
            "dividPlanDate": "2023-07-13",
            "dividPreNoticeDate": "",
            "dividRegistDate": "2023-07-18",
            "dividReserveToStockPs": "",
            "dividStockMarketDate": "",
            "dividStocksPs": "0.000000"
          },
          "source": {
            "requestId": "request-4dbb8df91b234c68aa73f474ed720337",
            "rawSha256": "4e551344bb12410759d4dfc8d02098a3085a65adbbf6867c88d31274f93f3e45",
            "rowIndex": 0
          }
        }
      ]
    },
    {
      "code": "sz.002911",
      "exDate": "2024-04-26",
      "sourceRows": 1,
      "ledgerReady": false,
      "investorTaxVerified": false,
      "state": "unresolved",
      "reason": "numeric_plan_conflict:dividCashPsBeforeTax",
      "sources": [
        {
          "requestId": "request-a93e15b9fd9348e1bcd64e1cb726750d",
          "rawSha256": "267f42814d7b8d9276a3429c72a4ea578e04fcde0e011e09c6893e12d83e3fa3",
          "rowIndex": 0
        }
      ],
      "records": [
        {
          "raw": {
            "code": "sz.002911",
            "dividAgmPumDate": "2024-04-17",
            "dividCashPsAfterTax": "0.5398469或0.5998299",
            "dividCashPsBeforeTax": "0.59983",
            "dividCashStock": "10转2.999149派5.998299元（含税，扣税后5.398469或5.998299元）",
            "dividOperateDate": "2024-04-26",
            "dividPayDate": "2024-04-26",
            "dividPlanAnnounceDate": "2024-03-27",
            "dividPlanDate": "2024-04-18",
            "dividPreNoticeDate": "",
            "dividRegistDate": "2024-04-25",
            "dividReserveToStockPs": "0.299915",
            "dividStockMarketDate": "2024-04-26",
            "dividStocksPs": "0.000000"
          },
          "source": {
            "requestId": "request-a93e15b9fd9348e1bcd64e1cb726750d",
            "rawSha256": "267f42814d7b8d9276a3429c72a4ea578e04fcde0e011e09c6893e12d83e3fa3",
            "rowIndex": 0
          }
        }
      ]
    },
    {
      "code": "sz.002913",
      "exDate": "2025-06-27",
      "sourceRows": 1,
      "ledgerReady": false,
      "investorTaxVerified": false,
      "state": "unresolved",
      "reason": "numeric_plan_conflict:dividCashPsBeforeTax",
      "sources": [
        {
          "requestId": "request-6b1109ba539d473a89de35d33d46da08",
          "rawSha256": "0b05053513733031b2f25799ee28a4117bb866fe67552ecb84179e17c5ac513d",
          "rowIndex": 0
        }
      ],
      "records": [
        {
          "raw": {
            "code": "sz.002913",
            "dividAgmPumDate": "2025-05-17",
            "dividCashPsAfterTax": "0.5423809或0.6026454",
            "dividCashPsBeforeTax": "0.602645",
            "dividCashStock": "10派6.026454元（含税，扣税后5.423809或6.026454元）",
            "dividOperateDate": "2025-06-27",
            "dividPayDate": "2025-06-27",
            "dividPlanAnnounceDate": "2025-04-25",
            "dividPlanDate": "2025-06-21",
            "dividPreNoticeDate": "",
            "dividRegistDate": "2025-06-26",
            "dividReserveToStockPs": "",
            "dividStockMarketDate": "",
            "dividStocksPs": "0.000000"
          },
          "source": {
            "requestId": "request-6b1109ba539d473a89de35d33d46da08",
            "rawSha256": "0b05053513733031b2f25799ee28a4117bb866fe67552ecb84179e17c5ac513d",
            "rowIndex": 0
          }
        }
      ]
    },
    {
      "code": "sz.002921",
      "exDate": "2021-05-11",
      "sourceRows": 1,
      "ledgerReady": false,
      "investorTaxVerified": false,
      "state": "unresolved",
      "reason": "numeric_plan_conflict:dividCashPsBeforeTax",
      "sources": [
        {
          "requestId": "request-5972bfb826d348a6bdc821ac5ff0ec7b",
          "rawSha256": "f9d2221d24b3c71a3db1985d6ba0b3545240597b28c6c559ff5a0b51fb676f4f",
          "rowIndex": 0
        }
      ],
      "records": [
        {
          "raw": {
            "code": "sz.002921",
            "dividAgmPumDate": "2021-04-17",
            "dividCashPsAfterTax": "0.3599997或0.3999997",
            "dividCashPsBeforeTax": "0.4",
            "dividCashStock": "10转2.999998派3.999997元（含税，扣税后3.599997或3.999997元）",
            "dividOperateDate": "2021-05-11",
            "dividPayDate": "2021-05-11",
            "dividPlanAnnounceDate": "2021-03-20",
            "dividPlanDate": "2021-04-29",
            "dividPreNoticeDate": "",
            "dividRegistDate": "2021-05-10",
            "dividReserveToStockPs": "0.300000",
            "dividStockMarketDate": "2021-05-11",
            "dividStocksPs": "0.000000"
          },
          "source": {
            "requestId": "request-5972bfb826d348a6bdc821ac5ff0ec7b",
            "rawSha256": "f9d2221d24b3c71a3db1985d6ba0b3545240597b28c6c559ff5a0b51fb676f4f",
            "rowIndex": 0
          }
        }
      ]
    },
    {
      "code": "sz.002937",
      "exDate": "2022-05-05",
      "sourceRows": 1,
      "ledgerReady": false,
      "investorTaxVerified": false,
      "state": "unresolved",
      "reason": "numeric_plan_conflict:dividCashPsBeforeTax",
      "sources": [
        {
          "requestId": "request-958c3d1b80ed43e1ab16522fc9173c03",
          "rawSha256": "dfb4d5131b3fd7d841bc52e14c85ab5f11b2488486072280d4be94122cb9d57c",
          "rowIndex": 0
        }
      ],
      "records": [
        {
          "raw": {
            "code": "sz.002937",
            "dividAgmPumDate": "2022-04-20",
            "dividCashPsAfterTax": "0.1617424或0.1797138",
            "dividCashPsBeforeTax": "0.179714",
            "dividCashStock": "10派1.797138元（含税，扣税后1.617424或1.797138元）",
            "dividOperateDate": "2022-05-05",
            "dividPayDate": "2022-05-05",
            "dividPlanAnnounceDate": "2022-03-30",
            "dividPlanDate": "2022-04-26",
            "dividPreNoticeDate": "",
            "dividRegistDate": "2022-04-29",
            "dividReserveToStockPs": "",
            "dividStockMarketDate": "",
            "dividStocksPs": "0.000000"
          },
          "source": {
            "requestId": "request-958c3d1b80ed43e1ab16522fc9173c03",
            "rawSha256": "dfb4d5131b3fd7d841bc52e14c85ab5f11b2488486072280d4be94122cb9d57c",
            "rowIndex": 0
          }
        }
      ]
    },
    {
      "code": "sz.002950",
      "exDate": "2024-06-19",
      "sourceRows": 1,
      "ledgerReady": false,
      "investorTaxVerified": false,
      "state": "unresolved",
      "reason": "numeric_plan_conflict:dividCashPsBeforeTax",
      "sources": [
        {
          "requestId": "request-c13e63fffe2744359217f228c3a103d8",
          "rawSha256": "6c3da384f2e57bef074ea7ccd3bf2d4e53f5254ccaa4a0eb3b3a212d159ff83d",
          "rowIndex": 0
        }
      ],
      "records": [
        {
          "raw": {
            "code": "sz.002950",
            "dividAgmPumDate": "2024-05-25",
            "dividCashPsAfterTax": "0.0243457或0.0270508",
            "dividCashPsBeforeTax": "0.027051",
            "dividCashStock": "10派0.270508元（含税，扣税后0.243457或0.270508元）",
            "dividOperateDate": "2024-06-19",
            "dividPayDate": "2024-06-19",
            "dividPlanAnnounceDate": "2024-04-30",
            "dividPlanDate": "2024-06-12",
            "dividPreNoticeDate": "",
            "dividRegistDate": "2024-06-18",
            "dividReserveToStockPs": "",
            "dividStockMarketDate": "",
            "dividStocksPs": "0.000000"
          },
          "source": {
            "requestId": "request-c13e63fffe2744359217f228c3a103d8",
            "rawSha256": "6c3da384f2e57bef074ea7ccd3bf2d4e53f5254ccaa4a0eb3b3a212d159ff83d",
            "rowIndex": 0
          }
        }
      ]
    },
    {
      "code": "sz.002952",
      "exDate": "2022-06-06",
      "sourceRows": 1,
      "ledgerReady": false,
      "investorTaxVerified": false,
      "state": "unresolved",
      "reason": "numeric_plan_conflict:dividCashPsBeforeTax",
      "sources": [
        {
          "requestId": "request-f692cda690d54d76a963f727e26c275a",
          "rawSha256": "9c72e8cc589000ce11d2827682b3d8945bf5dec33f18da2e35758a238b36b1a5",
          "rowIndex": 0
        }
      ],
      "records": [
        {
          "raw": {
            "code": "sz.002952",
            "dividAgmPumDate": "2022-05-20",
            "dividCashPsAfterTax": "0.1445718或0.1606353",
            "dividCashPsBeforeTax": "0.160635",
            "dividCashStock": "10派1.606353元（含税，扣税后1.445718或1.606353元）",
            "dividOperateDate": "2022-06-06",
            "dividPayDate": "2022-06-06",
            "dividPlanAnnounceDate": "2022-04-27",
            "dividPlanDate": "2022-05-27",
            "dividPreNoticeDate": "",
            "dividRegistDate": "2022-06-02",
            "dividReserveToStockPs": "",
            "dividStockMarketDate": "",
            "dividStocksPs": "0.000000"
          },
          "source": {
            "requestId": "request-f692cda690d54d76a963f727e26c275a",
            "rawSha256": "9c72e8cc589000ce11d2827682b3d8945bf5dec33f18da2e35758a238b36b1a5",
            "rowIndex": 0
          }
        }
      ]
    },
    {
      "code": "sz.002960",
      "exDate": "2021-06-04",
      "sourceRows": 1,
      "ledgerReady": false,
      "investorTaxVerified": false,
      "state": "unresolved",
      "reason": "numeric_plan_conflict:dividCashPsBeforeTax",
      "sources": [
        {
          "requestId": "request-cf909aa698124d76aaac8597bde331f2",
          "rawSha256": "51277803fb139f1ce7f13b9b4a8f285b5a33fac9952147c474c1cddb2ead173b",
          "rowIndex": 0
        }
      ],
      "records": [
        {
          "raw": {
            "code": "sz.002960",
            "dividAgmPumDate": "2021-05-26",
            "dividCashPsAfterTax": "0.4040581或0.4489534",
            "dividCashPsBeforeTax": "0.448953",
            "dividCashStock": "10转3.990697派4.489534元（含税，扣税后4.040581或4.489534元）",
            "dividOperateDate": "2021-06-04",
            "dividPayDate": "2021-06-04",
            "dividPlanAnnounceDate": "2021-04-29",
            "dividPlanDate": "2021-05-29",
            "dividPreNoticeDate": "",
            "dividRegistDate": "2021-06-03",
            "dividReserveToStockPs": "0.399070",
            "dividStockMarketDate": "2021-06-04",
            "dividStocksPs": "0.000000"
          },
          "source": {
            "requestId": "request-cf909aa698124d76aaac8597bde331f2",
            "rawSha256": "51277803fb139f1ce7f13b9b4a8f285b5a33fac9952147c474c1cddb2ead173b",
            "rowIndex": 0
          }
        }
      ]
    },
    {
      "code": "sz.002965",
      "exDate": "2022-06-08",
      "sourceRows": 1,
      "ledgerReady": false,
      "investorTaxVerified": false,
      "state": "unresolved",
      "reason": "numeric_plan_conflict:dividCashPsBeforeTax",
      "sources": [
        {
          "requestId": "request-084decd8c3684c2e898a752941d8e61d",
          "rawSha256": "9adfe749767312c34a7855d8028caf37e4a3dfe6301dd662fe595fc5d3075b50",
          "rowIndex": 0
        }
      ],
      "records": [
        {
          "raw": {
            "code": "sz.002965",
            "dividAgmPumDate": "2022-05-13",
            "dividCashPsAfterTax": "0.1133992或0.1259991",
            "dividCashPsBeforeTax": "0.125999",
            "dividCashStock": "10派1.259991元（含税，扣税后1.133992或1.259991元）",
            "dividOperateDate": "2022-06-08",
            "dividPayDate": "2022-06-08",
            "dividPlanAnnounceDate": "2022-04-22",
            "dividPlanDate": "2022-05-31",
            "dividPreNoticeDate": "",
            "dividRegistDate": "2022-06-07",
            "dividReserveToStockPs": "",
            "dividStockMarketDate": "",
            "dividStocksPs": "0.000000"
          },
          "source": {
            "requestId": "request-084decd8c3684c2e898a752941d8e61d",
            "rawSha256": "9adfe749767312c34a7855d8028caf37e4a3dfe6301dd662fe595fc5d3075b50",
            "rowIndex": 0
          }
        }
      ]
    },
    {
      "code": "sz.002973",
      "exDate": "2022-07-18",
      "sourceRows": 1,
      "ledgerReady": false,
      "investorTaxVerified": false,
      "state": "unresolved",
      "reason": "numeric_plan_conflict:dividCashPsBeforeTax",
      "sources": [
        {
          "requestId": "request-63ee4e115042494f8598cff2620d38ed",
          "rawSha256": "d5c851e40e595a197358335bb05f95b17ec9de6127abb9715328fe4c73b84c85",
          "rowIndex": 0
        }
      ],
      "records": [
        {
          "raw": {
            "code": "sz.002973",
            "dividAgmPumDate": "2022-05-19",
            "dividCashPsAfterTax": "0.0899999或0.0999999",
            "dividCashPsBeforeTax": "0.1",
            "dividCashStock": "10派0.999999元（含税，扣税后0.899999或0.999999元）",
            "dividOperateDate": "2022-07-18",
            "dividPayDate": "2022-07-18",
            "dividPlanAnnounceDate": "2022-04-27",
            "dividPlanDate": "2022-07-12",
            "dividPreNoticeDate": "",
            "dividRegistDate": "2022-07-15",
            "dividReserveToStockPs": "",
            "dividStockMarketDate": "",
            "dividStocksPs": "0.000000"
          },
          "source": {
            "requestId": "request-63ee4e115042494f8598cff2620d38ed",
            "rawSha256": "d5c851e40e595a197358335bb05f95b17ec9de6127abb9715328fe4c73b84c85",
            "rowIndex": 0
          }
        }
      ]
    },
    {
      "code": "sz.002975",
      "exDate": "2021-05-24",
      "sourceRows": 1,
      "ledgerReady": false,
      "investorTaxVerified": false,
      "state": "unresolved",
      "reason": "numeric_plan_conflict:dividCashPsBeforeTax",
      "sources": [
        {
          "requestId": "request-058dcc896b1149e5876a8aa5b0da0bdd",
          "rawSha256": "65d9be1090864a0145244318640b41f30fd2f99cb069c014734b89e3ba1d918e",
          "rowIndex": 0
        }
      ],
      "records": [
        {
          "raw": {
            "code": "sz.002975",
            "dividAgmPumDate": "2021-05-12",
            "dividCashPsAfterTax": "0.6597167或0.7330186",
            "dividCashPsBeforeTax": "0.733019",
            "dividCashStock": "10派7.330186元（含税，扣税后6.597167或7.330186元）",
            "dividOperateDate": "2021-05-24",
            "dividPayDate": "2021-05-24",
            "dividPlanAnnounceDate": "2021-04-20",
            "dividPlanDate": "2021-05-15",
            "dividPreNoticeDate": "",
            "dividRegistDate": "2021-05-21",
            "dividReserveToStockPs": "",
            "dividStockMarketDate": "",
            "dividStocksPs": "0.000000"
          },
          "source": {
            "requestId": "request-058dcc896b1149e5876a8aa5b0da0bdd",
            "rawSha256": "65d9be1090864a0145244318640b41f30fd2f99cb069c014734b89e3ba1d918e",
            "rowIndex": 0
          }
        }
      ]
    },
    {
      "code": "sz.002983",
      "exDate": "2023-06-21",
      "sourceRows": 1,
      "ledgerReady": false,
      "investorTaxVerified": false,
      "state": "unresolved",
      "reason": "numeric_plan_conflict:dividCashPsBeforeTax",
      "sources": [
        {
          "requestId": "request-1ff9fdc6f4f143f0b13e0bc0cab10e24",
          "rawSha256": "831235aec949d9966b70be7eecf54d528022433bf25587dc4e91e1c731c9cc62",
          "rowIndex": 0
        }
      ],
      "records": [
        {
          "raw": {
            "code": "sz.002983",
            "dividAgmPumDate": "2023-04-26",
            "dividCashPsAfterTax": "0.2230334或0.2478149",
            "dividCashPsBeforeTax": "0.247815",
            "dividCashStock": "10派2.478149元（含税，扣税后2.230334或2.478149元）",
            "dividOperateDate": "2023-06-21",
            "dividPayDate": "2023-06-21",
            "dividPlanAnnounceDate": "2023-03-29",
            "dividPlanDate": "2023-06-14",
            "dividPreNoticeDate": "",
            "dividRegistDate": "2023-06-20",
            "dividReserveToStockPs": "",
            "dividStockMarketDate": "",
            "dividStocksPs": "0.000000"
          },
          "source": {
            "requestId": "request-1ff9fdc6f4f143f0b13e0bc0cab10e24",
            "rawSha256": "831235aec949d9966b70be7eecf54d528022433bf25587dc4e91e1c731c9cc62",
            "rowIndex": 0
          }
        }
      ]
    },
    {
      "code": "sz.002983",
      "exDate": "2024-06-18",
      "sourceRows": 1,
      "ledgerReady": false,
      "investorTaxVerified": false,
      "state": "unresolved",
      "reason": "numeric_plan_conflict:dividCashPsBeforeTax",
      "sources": [
        {
          "requestId": "request-433994e8fd8f472e8e11f2b334278b38",
          "rawSha256": "211042c00efa8cb2495386a04038ebf81893d891f4eb456b1a2a8ff8052ce638",
          "rowIndex": 0
        }
      ],
      "records": [
        {
          "raw": {
            "code": "sz.002983",
            "dividAgmPumDate": "2024-04-20",
            "dividCashPsAfterTax": "0.3144094或0.3493438",
            "dividCashPsBeforeTax": "0.349344",
            "dividCashStock": "10转1.99625派3.493438元（含税，扣税后3.144094或3.493438元）",
            "dividOperateDate": "2024-06-18",
            "dividPayDate": "2024-06-18",
            "dividPlanAnnounceDate": "2024-03-27",
            "dividPlanDate": "2024-06-07",
            "dividPreNoticeDate": "",
            "dividRegistDate": "2024-06-17",
            "dividReserveToStockPs": "0.199625",
            "dividStockMarketDate": "2024-06-18",
            "dividStocksPs": "0.000000"
          },
          "source": {
            "requestId": "request-433994e8fd8f472e8e11f2b334278b38",
            "rawSha256": "211042c00efa8cb2495386a04038ebf81893d891f4eb456b1a2a8ff8052ce638",
            "rowIndex": 0
          }
        }
      ]
    },
    {
      "code": "sz.002986",
      "exDate": "2025-07-11",
      "sourceRows": 1,
      "ledgerReady": false,
      "investorTaxVerified": false,
      "state": "unresolved",
      "reason": "numeric_plan_conflict:dividCashPsBeforeTax",
      "sources": [
        {
          "requestId": "request-753cc3cb5a344a72b1064a2beec736c1",
          "rawSha256": "e414262b823e243e21415d89e1e1977c6252880a518a1238ce7c165adbfd9321",
          "rowIndex": 0
        }
      ],
      "records": [
        {
          "raw": {
            "code": "sz.002986",
            "dividAgmPumDate": "2025-05-19",
            "dividCashPsAfterTax": "0.2732689或0.3036321",
            "dividCashPsBeforeTax": "0.303632",
            "dividCashStock": "10派3.036321元（含税，扣税后2.732689或3.036321元）",
            "dividOperateDate": "2025-07-11",
            "dividPayDate": "2025-07-11",
            "dividPlanAnnounceDate": "2025-04-22",
            "dividPlanDate": "2025-07-04",
            "dividPreNoticeDate": "",
            "dividRegistDate": "2025-07-10",
            "dividReserveToStockPs": "",
            "dividStockMarketDate": "",
            "dividStocksPs": "0.000000"
          },
          "source": {
            "requestId": "request-753cc3cb5a344a72b1064a2beec736c1",
            "rawSha256": "e414262b823e243e21415d89e1e1977c6252880a518a1238ce7c165adbfd9321",
            "rowIndex": 0
          }
        }
      ]
    },
    {
      "code": "sz.002993",
      "exDate": "2024-11-28",
      "sourceRows": 1,
      "ledgerReady": false,
      "investorTaxVerified": false,
      "state": "unresolved",
      "reason": "numeric_plan_conflict:dividCashPsBeforeTax",
      "sources": [
        {
          "requestId": "request-1ee2adda850a42cdbc04a07e75682ad8",
          "rawSha256": "77eefee11a823ef60e8b2d5751cc4cb0ea666dba17be6acf261f2aaa5ca4d199",
          "rowIndex": 1
        }
      ],
      "records": [
        {
          "raw": {
            "code": "sz.002993",
            "dividAgmPumDate": "2024-11-16",
            "dividCashPsAfterTax": "0.542723或0.6030256",
            "dividCashPsBeforeTax": "0.603026",
            "dividCashStock": "10派6.030256元（含税，扣税后5.42723或6.030256元）",
            "dividOperateDate": "2024-11-28",
            "dividPayDate": "2024-11-28",
            "dividPlanAnnounceDate": "2024-10-29",
            "dividPlanDate": "2024-11-21",
            "dividPreNoticeDate": "",
            "dividRegistDate": "2024-11-27",
            "dividReserveToStockPs": "",
            "dividStockMarketDate": "",
            "dividStocksPs": "0.000000"
          },
          "source": {
            "requestId": "request-1ee2adda850a42cdbc04a07e75682ad8",
            "rawSha256": "77eefee11a823ef60e8b2d5751cc4cb0ea666dba17be6acf261f2aaa5ca4d199",
            "rowIndex": 1
          }
        }
      ]
    },
    {
      "code": "sz.003001",
      "exDate": "2021-05-14",
      "sourceRows": 1,
      "ledgerReady": false,
      "investorTaxVerified": false,
      "state": "unresolved",
      "reason": "numeric_plan_conflict:dividCashPsBeforeTax",
      "sources": [
        {
          "requestId": "request-de73f01fe06344e99e3847e622313e84",
          "rawSha256": "117f4d606cc08ee93e2eb37c0112add310a0105f04e5610303651b077a9559b0",
          "rowIndex": 0
        }
      ],
      "records": [
        {
          "raw": {
            "code": "sz.003001",
            "dividAgmPumDate": "2021-04-29",
            "dividCashPsAfterTax": "0.3200152或0.3555725",
            "dividCashPsBeforeTax": "0.355572",
            "dividCashStock": "10转2.963104派3.555725元（含税，扣税后3.200152或3.555725元）",
            "dividOperateDate": "2021-05-14",
            "dividPayDate": "2021-05-14",
            "dividPlanAnnounceDate": "2021-04-08",
            "dividPlanDate": "2021-05-10",
            "dividPreNoticeDate": "",
            "dividRegistDate": "2021-05-13",
            "dividReserveToStockPs": "0.296310",
            "dividStockMarketDate": "2021-05-14",
            "dividStocksPs": "0.000000"
          },
          "source": {
            "requestId": "request-de73f01fe06344e99e3847e622313e84",
            "rawSha256": "117f4d606cc08ee93e2eb37c0112add310a0105f04e5610303651b077a9559b0",
            "rowIndex": 0
          }
        }
      ]
    },
    {
      "code": "sz.003001",
      "exDate": "2023-07-12",
      "sourceRows": 1,
      "ledgerReady": false,
      "investorTaxVerified": false,
      "state": "unresolved",
      "reason": "numeric_plan_conflict:dividCashPsBeforeTax",
      "sources": [
        {
          "requestId": "request-be6095ce7d8b4b989c4e51b8dc861c6e",
          "rawSha256": "fbe4412a4539e902c1ac988719b28100aeb4fed07f918d26e0debe933086378e",
          "rowIndex": 0
        }
      ],
      "records": [
        {
          "raw": {
            "code": "sz.003001",
            "dividAgmPumDate": "2023-05-13",
            "dividCashPsAfterTax": "0.1366372或0.1518191",
            "dividCashPsBeforeTax": "0.151819",
            "dividCashStock": "10派1.518191元（含税，扣税后1.366372或1.518191元）",
            "dividOperateDate": "2023-07-12",
            "dividPayDate": "2023-07-12",
            "dividPlanAnnounceDate": "2023-04-22",
            "dividPlanDate": "2023-07-05",
            "dividPreNoticeDate": "",
            "dividRegistDate": "2023-07-11",
            "dividReserveToStockPs": "",
            "dividStockMarketDate": "",
            "dividStocksPs": "0.000000"
          },
          "source": {
            "requestId": "request-be6095ce7d8b4b989c4e51b8dc861c6e",
            "rawSha256": "fbe4412a4539e902c1ac988719b28100aeb4fed07f918d26e0debe933086378e",
            "rowIndex": 0
          }
        }
      ]
    },
    {
      "code": "sz.003001",
      "exDate": "2024-07-05",
      "sourceRows": 1,
      "ledgerReady": false,
      "investorTaxVerified": false,
      "state": "unresolved",
      "reason": "numeric_plan_conflict:dividCashPsBeforeTax",
      "sources": [
        {
          "requestId": "request-2caa28449ab840b99fe10a6bff95c03d",
          "rawSha256": "69996739d90eb971284dd1df8193e67115a4880fd9063bf4b5fcd5a114dd529a",
          "rowIndex": 0
        }
      ],
      "records": [
        {
          "raw": {
            "code": "sz.003001",
            "dividAgmPumDate": "2024-05-08",
            "dividCashPsAfterTax": "0.1085441或0.1206046",
            "dividCashPsBeforeTax": "0.120605",
            "dividCashStock": "10派1.206046元（含税，扣税后1.085441或1.206046元）",
            "dividOperateDate": "2024-07-05",
            "dividPayDate": "2024-07-05",
            "dividPlanAnnounceDate": "2024-04-17",
            "dividPlanDate": "2024-07-01",
            "dividPreNoticeDate": "",
            "dividRegistDate": "2024-07-04",
            "dividReserveToStockPs": "",
            "dividStockMarketDate": "",
            "dividStocksPs": "0.000000"
          },
          "source": {
            "requestId": "request-2caa28449ab840b99fe10a6bff95c03d",
            "rawSha256": "69996739d90eb971284dd1df8193e67115a4880fd9063bf4b5fcd5a114dd529a",
            "rowIndex": 0
          }
        }
      ]
    },
    {
      "code": "sz.003001",
      "exDate": "2025-07-07",
      "sourceRows": 2,
      "ledgerReady": false,
      "investorTaxVerified": false,
      "state": "unresolved",
      "reason": "conflicting_field:dividCashPsAfterTax",
      "sources": [
        {
          "requestId": "request-12bf5aea0008473e9fbd23eeedd880fc",
          "rawSha256": "40a9739002ff05b39f2d1a80f5bc72af23b05add51242e4e43371cc7917f3d5e",
          "rowIndex": 0
        },
        {
          "requestId": "request-12bf5aea0008473e9fbd23eeedd880fc",
          "rawSha256": "40a9739002ff05b39f2d1a80f5bc72af23b05add51242e4e43371cc7917f3d5e",
          "rowIndex": 1
        }
      ],
      "records": [
        {
          "raw": {
            "code": "sz.003001",
            "dividAgmPumDate": "2025-05-10",
            "dividCashPsAfterTax": "0.2533414或0.2814904",
            "dividCashPsBeforeTax": "0.28149",
            "dividCashStock": "10转3.992772派2.814904元（含税，扣税后2.533414或2.814904元）",
            "dividOperateDate": "2025-07-07",
            "dividPayDate": "2025-07-07",
            "dividPlanAnnounceDate": "2025-04-18",
            "dividPlanDate": "2025-06-30",
            "dividPreNoticeDate": "",
            "dividRegistDate": "2025-07-04",
            "dividReserveToStockPs": "0.399277",
            "dividStockMarketDate": "2025-07-07",
            "dividStocksPs": "0.000000"
          },
          "source": {
            "requestId": "request-12bf5aea0008473e9fbd23eeedd880fc",
            "rawSha256": "40a9739002ff05b39f2d1a80f5bc72af23b05add51242e4e43371cc7917f3d5e",
            "rowIndex": 0
          }
        },
        {
          "raw": {
            "code": "sz.003001",
            "dividAgmPumDate": "2025-05-10",
            "dividCashPsAfterTax": "0.2534523或0.2816137",
            "dividCashPsBeforeTax": "0.281614",
            "dividCashStock": "10转3.994521派2.816137元（含税，扣税后2.534523或2.816137元）",
            "dividOperateDate": "2025-07-07",
            "dividPayDate": "2025-07-07",
            "dividPlanAnnounceDate": "2025-04-18",
            "dividPlanDate": "2025-06-30",
            "dividPreNoticeDate": "",
            "dividRegistDate": "2025-07-04",
            "dividReserveToStockPs": "0.399452",
            "dividStockMarketDate": "2025-07-07",
            "dividStocksPs": "0.000000"
          },
          "source": {
            "requestId": "request-12bf5aea0008473e9fbd23eeedd880fc",
            "rawSha256": "40a9739002ff05b39f2d1a80f5bc72af23b05add51242e4e43371cc7917f3d5e",
            "rowIndex": 1
          }
        }
      ]
    },
    {
      "code": "sz.003009",
      "exDate": "2023-06-30",
      "sourceRows": 1,
      "ledgerReady": false,
      "investorTaxVerified": false,
      "state": "unresolved",
      "reason": "numeric_plan_conflict:dividCashPsBeforeTax",
      "sources": [
        {
          "requestId": "request-aec8a1c1b8f645daa0f585eb1ea4d58e",
          "rawSha256": "a3fca6f7df5823746fc0b22af8c0411c455ef2c1238f09df5c29a09bec635036",
          "rowIndex": 0
        }
      ],
      "records": [
        {
          "raw": {
            "code": "sz.003009",
            "dividAgmPumDate": "2023-05-10",
            "dividCashPsAfterTax": "0.0836995或0.0929995",
            "dividCashPsBeforeTax": "0.092999",
            "dividCashStock": "10派0.929995元（含税，扣税后0.836995或0.929995元）",
            "dividOperateDate": "2023-06-30",
            "dividPayDate": "2023-06-30",
            "dividPlanAnnounceDate": "2023-04-14",
            "dividPlanDate": "2023-06-20",
            "dividPreNoticeDate": "",
            "dividRegistDate": "2023-06-29",
            "dividReserveToStockPs": "",
            "dividStockMarketDate": "",
            "dividStocksPs": "0.000000"
          },
          "source": {
            "requestId": "request-aec8a1c1b8f645daa0f585eb1ea4d58e",
            "rawSha256": "a3fca6f7df5823746fc0b22af8c0411c455ef2c1238f09df5c29a09bec635036",
            "rowIndex": 0
          }
        }
      ]
    },
    {
      "code": "sz.003009",
      "exDate": "2024-07-02",
      "sourceRows": 1,
      "ledgerReady": false,
      "investorTaxVerified": false,
      "state": "unresolved",
      "reason": "numeric_plan_conflict:dividCashPsBeforeTax",
      "sources": [
        {
          "requestId": "request-5f10410313324ecc9e2ce152d7e92543",
          "rawSha256": "05d3917c20517a7a3d18ef74144fce37e34bd08a80b37224ef5f0813c2e31b40",
          "rowIndex": 0
        }
      ],
      "records": [
        {
          "raw": {
            "code": "sz.003009",
            "dividAgmPumDate": "2024-05-08",
            "dividCashPsAfterTax": "0.0557999或0.0619999",
            "dividCashPsBeforeTax": "0.062",
            "dividCashStock": "10派0.619999元（含税，扣税后0.557999或0.619999元）",
            "dividOperateDate": "2024-07-02",
            "dividPayDate": "2024-07-02",
            "dividPlanAnnounceDate": "2024-04-17",
            "dividPlanDate": "2024-06-26",
            "dividPreNoticeDate": "",
            "dividRegistDate": "2024-07-01",
            "dividReserveToStockPs": "",
            "dividStockMarketDate": "",
            "dividStocksPs": "0.000000"
          },
          "source": {
            "requestId": "request-5f10410313324ecc9e2ce152d7e92543",
            "rawSha256": "05d3917c20517a7a3d18ef74144fce37e34bd08a80b37224ef5f0813c2e31b40",
            "rowIndex": 0
          }
        }
      ]
    },
    {
      "code": "sz.003009",
      "exDate": "2025-06-25",
      "sourceRows": 1,
      "ledgerReady": false,
      "investorTaxVerified": false,
      "state": "unresolved",
      "reason": "numeric_plan_conflict:dividCashPsBeforeTax",
      "sources": [
        {
          "requestId": "request-eff36ad0270b459c853e986fa133e88f",
          "rawSha256": "993f36e484dab05da3225098e3f398cd729730ef1988c94d8014c352e32cb908",
          "rowIndex": 0
        }
      ],
      "records": [
        {
          "raw": {
            "code": "sz.003009",
            "dividAgmPumDate": "2025-04-16",
            "dividCashPsAfterTax": "0.0341999或0.0379999",
            "dividCashPsBeforeTax": "0.038",
            "dividCashStock": "10派0.379999元（含税，扣税后0.341999或0.379999元）",
            "dividOperateDate": "2025-06-25",
            "dividPayDate": "2025-06-25",
            "dividPlanAnnounceDate": "2025-03-25",
            "dividPlanDate": "2025-06-19",
            "dividPreNoticeDate": "",
            "dividRegistDate": "2025-06-24",
            "dividReserveToStockPs": "",
            "dividStockMarketDate": "",
            "dividStocksPs": "0.000000"
          },
          "source": {
            "requestId": "request-eff36ad0270b459c853e986fa133e88f",
            "rawSha256": "993f36e484dab05da3225098e3f398cd729730ef1988c94d8014c352e32cb908",
            "rowIndex": 0
          }
        }
      ]
    },
    {
      "code": "sz.003021",
      "exDate": "2021-05-17",
      "sourceRows": 1,
      "ledgerReady": false,
      "investorTaxVerified": false,
      "state": "unresolved",
      "reason": "numeric_plan_conflict:dividCashPsBeforeTax",
      "sources": [
        {
          "requestId": "request-f17f3f9658094b7bb75eea0ffc235115",
          "rawSha256": "a931b749e7885f5384360aa76f268a96315dfd12b529b16e24a3560b5f19ce57",
          "rowIndex": 0
        }
      ],
      "records": [
        {
          "raw": {
            "code": "sz.003021",
            "dividAgmPumDate": "2021-04-28",
            "dividCashPsAfterTax": "0.8959958或0.9955509",
            "dividCashPsBeforeTax": "0.995551",
            "dividCashStock": "10转6派9.955509元（含税，扣税后8.959958或9.955509元）",
            "dividOperateDate": "2021-05-17",
            "dividPayDate": "2021-05-17",
            "dividPlanAnnounceDate": "2021-03-30",
            "dividPlanDate": "2021-05-11",
            "dividPreNoticeDate": "",
            "dividRegistDate": "2021-05-14",
            "dividReserveToStockPs": "0.600000",
            "dividStockMarketDate": "2021-05-17",
            "dividStocksPs": "0.000000"
          },
          "source": {
            "requestId": "request-f17f3f9658094b7bb75eea0ffc235115",
            "rawSha256": "a931b749e7885f5384360aa76f268a96315dfd12b529b16e24a3560b5f19ce57",
            "rowIndex": 0
          }
        }
      ]
    },
    {
      "code": "sz.003021",
      "exDate": "2022-06-01",
      "sourceRows": 1,
      "ledgerReady": false,
      "investorTaxVerified": false,
      "state": "unresolved",
      "reason": "numeric_plan_conflict:dividCashPsBeforeTax",
      "sources": [
        {
          "requestId": "request-408a3f1d60db46618537b47297db678e",
          "rawSha256": "5187869916d674237f68d1dfcebc0f0562dd8ebf03d1053f51714527144ac859",
          "rowIndex": 0
        }
      ],
      "records": [
        {
          "raw": {
            "code": "sz.003021",
            "dividAgmPumDate": "2022-05-11",
            "dividCashPsAfterTax": "0.1798534或0.1998371",
            "dividCashPsBeforeTax": "0.199837",
            "dividCashStock": "10派1.998371元（含税，扣税后1.798534或1.998371元）",
            "dividOperateDate": "2022-06-01",
            "dividPayDate": "2022-06-01",
            "dividPlanAnnounceDate": "2022-04-19",
            "dividPlanDate": "2022-05-26",
            "dividPreNoticeDate": "",
            "dividRegistDate": "2022-05-31",
            "dividReserveToStockPs": "",
            "dividStockMarketDate": "",
            "dividStocksPs": "0.000000"
          },
          "source": {
            "requestId": "request-408a3f1d60db46618537b47297db678e",
            "rawSha256": "5187869916d674237f68d1dfcebc0f0562dd8ebf03d1053f51714527144ac859",
            "rowIndex": 0
          }
        }
      ]
    },
    {
      "code": "sz.003032",
      "exDate": "2022-06-13",
      "sourceRows": 1,
      "ledgerReady": false,
      "investorTaxVerified": false,
      "state": "unresolved",
      "reason": "numeric_plan_conflict:dividCashPsBeforeTax",
      "sources": [
        {
          "requestId": "request-81fcb3f61c28479da3a949787cb6b9b4",
          "rawSha256": "b7013fe063a1edd4affb3df8edceb8eeb2607866606334d64958393077a55e6a",
          "rowIndex": 0
        }
      ],
      "records": [
        {
          "raw": {
            "code": "sz.003032",
            "dividAgmPumDate": "2022-05-12",
            "dividCashPsAfterTax": "0.0173341或0.0192601",
            "dividCashPsBeforeTax": "0.01926",
            "dividCashStock": "10派0.192601元（含税，扣税后0.173341或0.192601元）",
            "dividOperateDate": "2022-06-13",
            "dividPayDate": "2022-06-13",
            "dividPlanAnnounceDate": "2022-04-20",
            "dividPlanDate": "2022-06-02",
            "dividPreNoticeDate": "",
            "dividRegistDate": "2022-06-10",
            "dividReserveToStockPs": "",
            "dividStockMarketDate": "",
            "dividStocksPs": "0.000000"
          },
          "source": {
            "requestId": "request-81fcb3f61c28479da3a949787cb6b9b4",
            "rawSha256": "b7013fe063a1edd4affb3df8edceb8eeb2607866606334d64958393077a55e6a",
            "rowIndex": 0
          }
        }
      ]
    },
    {
      "code": "sz.003036",
      "exDate": "2024-05-23",
      "sourceRows": 1,
      "ledgerReady": false,
      "investorTaxVerified": false,
      "state": "unresolved",
      "reason": "numeric_plan_conflict:dividCashPsBeforeTax",
      "sources": [
        {
          "requestId": "request-d913183330e346598d1bd1dc0bb38042",
          "rawSha256": "18762cba07cff0637d5625fd53ac5a4e1d7a7d3d97d0f50175eb4fb6c9a31ba1",
          "rowIndex": 0
        }
      ],
      "records": [
        {
          "raw": {
            "code": "sz.003036",
            "dividAgmPumDate": "2024-05-09",
            "dividCashPsAfterTax": "0.3779987或0.4199986",
            "dividCashPsBeforeTax": "0.419999",
            "dividCashStock": "10派4.199986元（含税，扣税后3.779987或4.199986元）",
            "dividOperateDate": "2024-05-23",
            "dividPayDate": "2024-05-23",
            "dividPlanAnnounceDate": "2024-04-16",
            "dividPlanDate": "2024-05-17",
            "dividPreNoticeDate": "",
            "dividRegistDate": "2024-05-22",
            "dividReserveToStockPs": "",
            "dividStockMarketDate": "",
            "dividStocksPs": "0.000000"
          },
          "source": {
            "requestId": "request-d913183330e346598d1bd1dc0bb38042",
            "rawSha256": "18762cba07cff0637d5625fd53ac5a4e1d7a7d3d97d0f50175eb4fb6c9a31ba1",
            "rowIndex": 0
          }
        }
      ]
    },
    {
      "code": "sz.003036",
      "exDate": "2025-06-27",
      "sourceRows": 1,
      "ledgerReady": false,
      "investorTaxVerified": false,
      "state": "unresolved",
      "reason": "numeric_plan_conflict:dividCashPsBeforeTax",
      "sources": [
        {
          "requestId": "request-522d0fa8c1ab40099542d6229eb8ce0b",
          "rawSha256": "52bd3519f378fe70d6b2e8656baaac7a5edae2b4cf0e490c40ba06561385d7cf",
          "rowIndex": 0
        }
      ],
      "records": [
        {
          "raw": {
            "code": "sz.003036",
            "dividAgmPumDate": "2025-05-09",
            "dividCashPsAfterTax": "0.1115999或0.1239999",
            "dividCashPsBeforeTax": "0.124",
            "dividCashStock": "10派1.239999元（含税，扣税后1.115999或1.239999元）",
            "dividOperateDate": "2025-06-27",
            "dividPayDate": "2025-06-27",
            "dividPlanAnnounceDate": "2025-04-18",
            "dividPlanDate": "2025-06-21",
            "dividPreNoticeDate": "",
            "dividRegistDate": "2025-06-26",
            "dividReserveToStockPs": "",
            "dividStockMarketDate": "",
            "dividStocksPs": "0.000000"
          },
          "source": {
            "requestId": "request-522d0fa8c1ab40099542d6229eb8ce0b",
            "rawSha256": "52bd3519f378fe70d6b2e8656baaac7a5edae2b4cf0e490c40ba06561385d7cf",
            "rowIndex": 0
          }
        }
      ]
    },
    {
      "code": "sz.003043",
      "exDate": "2025-06-12",
      "sourceRows": 1,
      "ledgerReady": false,
      "investorTaxVerified": false,
      "state": "unresolved",
      "reason": "numeric_plan_conflict:dividCashPsBeforeTax",
      "sources": [
        {
          "requestId": "request-d88283b02bc94b9e8f938fb617783dc7",
          "rawSha256": "6af388a3c4a2dcd2b131f81c419ea4318b965993af016b38b7bb837d0e01ebe8",
          "rowIndex": 0
        }
      ],
      "records": [
        {
          "raw": {
            "code": "sz.003043",
            "dividAgmPumDate": "2025-05-22",
            "dividCashPsAfterTax": "0.2699961或0.2999957",
            "dividCashPsBeforeTax": "0.299996",
            "dividCashStock": "10转3.999943派2.999957元（含税，扣税后2.699961或2.999957元）",
            "dividOperateDate": "2025-06-12",
            "dividPayDate": "2025-06-12",
            "dividPlanAnnounceDate": "2025-04-29",
            "dividPlanDate": "2025-06-05",
            "dividPreNoticeDate": "",
            "dividRegistDate": "2025-06-11",
            "dividReserveToStockPs": "0.399994",
            "dividStockMarketDate": "2025-06-12",
            "dividStocksPs": "0.000000"
          },
          "source": {
            "requestId": "request-d88283b02bc94b9e8f938fb617783dc7",
            "rawSha256": "6af388a3c4a2dcd2b131f81c419ea4318b965993af016b38b7bb837d0e01ebe8",
            "rowIndex": 0
          }
        }
      ]
    },
    {
      "code": "sz.300002",
      "exDate": "2022-06-30",
      "sourceRows": 1,
      "ledgerReady": false,
      "investorTaxVerified": false,
      "state": "unresolved",
      "reason": "numeric_plan_conflict:dividCashPsBeforeTax",
      "sources": [
        {
          "requestId": "request-93b3297efc9843ee97c90850e780bf60",
          "rawSha256": "f2d73a655b5d504c690bccee0bb4e4da4680c9c167ea875b759ce1e8db54c4de",
          "rowIndex": 0
        }
      ],
      "records": [
        {
          "raw": {
            "code": "sz.300002",
            "dividAgmPumDate": "2022-05-28",
            "dividCashPsAfterTax": "0.0226448或0.0251609",
            "dividCashPsBeforeTax": "0.025161",
            "dividCashStock": "10派0.251609元（含税，扣税后0.226448或0.251609元）",
            "dividOperateDate": "2022-06-30",
            "dividPayDate": "2022-06-30",
            "dividPlanAnnounceDate": "2022-04-28",
            "dividPlanDate": "2022-06-22",
            "dividPreNoticeDate": "",
            "dividRegistDate": "2022-06-29",
            "dividReserveToStockPs": "",
            "dividStockMarketDate": "",
            "dividStocksPs": "0.000000"
          },
          "source": {
            "requestId": "request-93b3297efc9843ee97c90850e780bf60",
            "rawSha256": "f2d73a655b5d504c690bccee0bb4e4da4680c9c167ea875b759ce1e8db54c4de",
            "rowIndex": 0
          }
        }
      ]
    },
    {
      "code": "sz.300009",
      "exDate": "2022-05-13",
      "sourceRows": 1,
      "ledgerReady": false,
      "investorTaxVerified": false,
      "state": "unresolved",
      "reason": "numeric_plan_conflict:dividCashPsBeforeTax",
      "sources": [
        {
          "requestId": "request-b5f6bafada01475d94fd4ad6847750d9",
          "rawSha256": "c5af1e4d1d5487aa1520efcad896cc74fe0ec6f5b1b7b3d294d19882b35374ef",
          "rowIndex": 0
        }
      ],
      "records": [
        {
          "raw": {
            "code": "sz.300009",
            "dividAgmPumDate": "2022-04-20",
            "dividCashPsAfterTax": "0.1800751或0.2000834",
            "dividCashPsBeforeTax": "0.200083",
            "dividCashStock": "10派2.000834元（含税，扣税后1.800751或2.000834元）",
            "dividOperateDate": "2022-05-13",
            "dividPayDate": "2022-05-13",
            "dividPlanAnnounceDate": "2022-03-31",
            "dividPlanDate": "2022-05-09",
            "dividPreNoticeDate": "",
            "dividRegistDate": "2022-05-12",
            "dividReserveToStockPs": "",
            "dividStockMarketDate": "",
            "dividStocksPs": "0.000000"
          },
          "source": {
            "requestId": "request-b5f6bafada01475d94fd4ad6847750d9",
            "rawSha256": "c5af1e4d1d5487aa1520efcad896cc74fe0ec6f5b1b7b3d294d19882b35374ef",
            "rowIndex": 0
          }
        }
      ]
    },
    {
      "code": "sz.300015",
      "exDate": "2021-06-24",
      "sourceRows": 2,
      "ledgerReady": false,
      "investorTaxVerified": false,
      "state": "unresolved",
      "reason": "numeric_plan_conflict:dividCashPsBeforeTax",
      "sources": [
        {
          "requestId": "request-257481a6681b4e9d8289363c847b266b",
          "rawSha256": "45c94128a33cc173b20baf29fd9eb3308611050d620246e42a6bef55b0661ee6",
          "rowIndex": 0
        },
        {
          "requestId": "request-257481a6681b4e9d8289363c847b266b",
          "rawSha256": "45c94128a33cc173b20baf29fd9eb3308611050d620246e42a6bef55b0661ee6",
          "rowIndex": 1
        }
      ],
      "records": [
        {
          "raw": {
            "code": "sz.300015",
            "dividAgmPumDate": "2021-05-14",
            "dividCashPsAfterTax": "0.1334604或0.1482893",
            "dividCashPsBeforeTax": "0.148289",
            "dividCashStock": "10转2.965786派1.482893元（含税，扣税后1.334604或1.482893元）",
            "dividOperateDate": "2021-06-24",
            "dividPayDate": "2021-06-24",
            "dividPlanAnnounceDate": "2021-04-23",
            "dividPlanDate": "2021-06-18",
            "dividPreNoticeDate": "",
            "dividRegistDate": "2021-06-23",
            "dividReserveToStockPs": "",
            "dividStockMarketDate": "2021-06-24",
            "dividStocksPs": "0.000000"
          },
          "source": {
            "requestId": "request-257481a6681b4e9d8289363c847b266b",
            "rawSha256": "45c94128a33cc173b20baf29fd9eb3308611050d620246e42a6bef55b0661ee6",
            "rowIndex": 0
          }
        },
        {
          "raw": {
            "code": "sz.300015",
            "dividAgmPumDate": "2021-05-14",
            "dividCashPsAfterTax": "0.1334604或0.1482893",
            "dividCashPsBeforeTax": "0.148289",
            "dividCashStock": "10转2.965786派1.482893元（含税，扣税后1.334604或1.482893元）",
            "dividOperateDate": "2021-06-24",
            "dividPayDate": "2021-06-24",
            "dividPlanAnnounceDate": "2021-04-23",
            "dividPlanDate": "2021-06-18",
            "dividPreNoticeDate": "",
            "dividRegistDate": "2021-06-23",
            "dividReserveToStockPs": "0.296579",
            "dividStockMarketDate": "2021-06-24",
            "dividStocksPs": "0.000000"
          },
          "source": {
            "requestId": "request-257481a6681b4e9d8289363c847b266b",
            "rawSha256": "45c94128a33cc173b20baf29fd9eb3308611050d620246e42a6bef55b0661ee6",
            "rowIndex": 1
          }
        }
      ]
    },
    {
      "code": "sz.300015",
      "exDate": "2022-07-11",
      "sourceRows": 1,
      "ledgerReady": false,
      "investorTaxVerified": false,
      "state": "unresolved",
      "reason": "numeric_plan_conflict:dividCashPsBeforeTax",
      "sources": [
        {
          "requestId": "request-c8b71901e44e43709296a7157f768b18",
          "rawSha256": "da1b8839f823fecc56b73475d84d8e8c533382094fecd42748ca005aa06af82a",
          "rowIndex": 0
        }
      ],
      "records": [
        {
          "raw": {
            "code": "sz.300015",
            "dividAgmPumDate": "2022-05-31",
            "dividCashPsAfterTax": "0.1076988或0.1196653",
            "dividCashPsBeforeTax": "0.119665",
            "dividCashStock": "10转2.991634派1.196653元（含税，扣税后1.076988或1.196653元）",
            "dividOperateDate": "2022-07-11",
            "dividPayDate": "2022-07-11",
            "dividPlanAnnounceDate": "2022-04-26",
            "dividPlanDate": "2022-07-05",
            "dividPreNoticeDate": "",
            "dividRegistDate": "2022-07-08",
            "dividReserveToStockPs": "0.299163",
            "dividStockMarketDate": "2022-07-11",
            "dividStocksPs": "0.000000"
          },
          "source": {
            "requestId": "request-c8b71901e44e43709296a7157f768b18",
            "rawSha256": "da1b8839f823fecc56b73475d84d8e8c533382094fecd42748ca005aa06af82a",
            "rowIndex": 0
          }
        }
      ]
    },
    {
      "code": "sz.300015",
      "exDate": "2023-06-08",
      "sourceRows": 1,
      "ledgerReady": false,
      "investorTaxVerified": false,
      "state": "unresolved",
      "reason": "numeric_plan_conflict:dividCashPsBeforeTax",
      "sources": [
        {
          "requestId": "request-b74946877b8c4b9d99a6d2e220ad3f8b",
          "rawSha256": "ad562718169e76dc9e2ea397db2a5df03830df89fad684113e284d8ca0eae312",
          "rowIndex": 0
        }
      ],
      "records": [
        {
          "raw": {
            "code": "sz.300015",
            "dividAgmPumDate": "2023-05-30",
            "dividCashPsAfterTax": "0.0900134或0.1000149",
            "dividCashPsBeforeTax": "0.100015",
            "dividCashStock": "10转3.000447派1.000149元（含税，扣税后0.900134或1.000149元）",
            "dividOperateDate": "2023-06-08",
            "dividPayDate": "2023-06-08",
            "dividPlanAnnounceDate": "2023-04-26",
            "dividPlanDate": "2023-06-01",
            "dividPreNoticeDate": "",
            "dividRegistDate": "2023-06-07",
            "dividReserveToStockPs": "0.300045",
            "dividStockMarketDate": "2023-06-08",
            "dividStocksPs": "0.000000"
          },
          "source": {
            "requestId": "request-b74946877b8c4b9d99a6d2e220ad3f8b",
            "rawSha256": "ad562718169e76dc9e2ea397db2a5df03830df89fad684113e284d8ca0eae312",
            "rowIndex": 0
          }
        }
      ]
    },
    {
      "code": "sz.300015",
      "exDate": "2024-06-06",
      "sourceRows": 1,
      "ledgerReady": false,
      "investorTaxVerified": false,
      "state": "unresolved",
      "reason": "numeric_plan_conflict:dividCashPsBeforeTax",
      "sources": [
        {
          "requestId": "request-7d881ad681b74f18997cae476a8806bd",
          "rawSha256": "fb2badce9485918ec183f0550af65709c4190a90c505a41c605f6b34c2e28280",
          "rowIndex": 0
        }
      ],
      "records": [
        {
          "raw": {
            "code": "sz.300015",
            "dividAgmPumDate": "2024-05-21",
            "dividCashPsAfterTax": "0.1350202或0.1500225",
            "dividCashPsBeforeTax": "0.150023",
            "dividCashStock": "10派1.500225元（含税，扣税后1.350202或1.500225元）",
            "dividOperateDate": "2024-06-06",
            "dividPayDate": "2024-06-06",
            "dividPlanAnnounceDate": "2024-04-26",
            "dividPlanDate": "2024-05-31",
            "dividPreNoticeDate": "",
            "dividRegistDate": "2024-06-05",
            "dividReserveToStockPs": "",
            "dividStockMarketDate": "",
            "dividStocksPs": "0.000000"
          },
          "source": {
            "requestId": "request-7d881ad681b74f18997cae476a8806bd",
            "rawSha256": "fb2badce9485918ec183f0550af65709c4190a90c505a41c605f6b34c2e28280",
            "rowIndex": 0
          }
        }
      ]
    },
    {
      "code": "sz.300015",
      "exDate": "2025-06-11",
      "sourceRows": 1,
      "ledgerReady": false,
      "investorTaxVerified": false,
      "state": "unresolved",
      "reason": "numeric_plan_conflict:dividCashPsBeforeTax",
      "sources": [
        {
          "requestId": "request-07c85b9670374d6ba1f267475c4eb06f",
          "rawSha256": "80f73184e2241c0f7c52bc1b55d26780d9cbb1b06bd3560a5ac1114f88a3b309",
          "rowIndex": 0
        }
      ],
      "records": [
        {
          "raw": {
            "code": "sz.300015",
            "dividAgmPumDate": "2025-05-20",
            "dividCashPsAfterTax": "0.144025或0.1600278",
            "dividCashPsBeforeTax": "0.160028",
            "dividCashStock": "10派1.600278元（含税，扣税后1.44025或1.600278元）",
            "dividOperateDate": "2025-06-11",
            "dividPayDate": "2025-06-11",
            "dividPlanAnnounceDate": "2025-04-25",
            "dividPlanDate": "2025-06-03",
            "dividPreNoticeDate": "",
            "dividRegistDate": "2025-06-10",
            "dividReserveToStockPs": "",
            "dividStockMarketDate": "",
            "dividStocksPs": "0.000000"
          },
          "source": {
            "requestId": "request-07c85b9670374d6ba1f267475c4eb06f",
            "rawSha256": "80f73184e2241c0f7c52bc1b55d26780d9cbb1b06bd3560a5ac1114f88a3b309",
            "rowIndex": 0
          }
        }
      ]
    },
    {
      "code": "sz.300017",
      "exDate": "2021-06-10",
      "sourceRows": 1,
      "ledgerReady": false,
      "investorTaxVerified": false,
      "state": "unresolved",
      "reason": "numeric_plan_conflict:dividCashPsBeforeTax",
      "sources": [
        {
          "requestId": "request-8ca667a99fe7422f86ae03df678a9996",
          "rawSha256": "6f275755ca96bdf9a00410b0b3ddae7fe7bb0da7d7b79bfda5ded4d79fe16908",
          "rowIndex": 0
        }
      ],
      "records": [
        {
          "raw": {
            "code": "sz.300017",
            "dividAgmPumDate": "2021-04-24",
            "dividCashPsAfterTax": "0.0090061或0.0100068",
            "dividCashPsBeforeTax": "0.010007",
            "dividCashStock": "10派0.100068元（含税，扣税后0.090061或0.100068元）",
            "dividOperateDate": "2021-06-10",
            "dividPayDate": "2021-06-10",
            "dividPlanAnnounceDate": "2021-03-31",
            "dividPlanDate": "2021-06-02",
            "dividPreNoticeDate": "",
            "dividRegistDate": "2021-06-09",
            "dividReserveToStockPs": "",
            "dividStockMarketDate": "",
            "dividStocksPs": "0.000000"
          },
          "source": {
            "requestId": "request-8ca667a99fe7422f86ae03df678a9996",
            "rawSha256": "6f275755ca96bdf9a00410b0b3ddae7fe7bb0da7d7b79bfda5ded4d79fe16908",
            "rowIndex": 0
          }
        }
      ]
    },
    {
      "code": "sz.300021",
      "exDate": "2021-05-27",
      "sourceRows": 1,
      "ledgerReady": false,
      "investorTaxVerified": false,
      "state": "unresolved",
      "reason": "numeric_plan_conflict:dividCashPsBeforeTax",
      "sources": [
        {
          "requestId": "request-6965fbe0a11941e2a6ed0642fa29af97",
          "rawSha256": "fcb0ac04176a21733c650d30b8d5a2755effc71b094594161bf04a1a05d35119",
          "rowIndex": 0
        }
      ],
      "records": [
        {
          "raw": {
            "code": "sz.300021",
            "dividAgmPumDate": "2021-05-14",
            "dividCashPsAfterTax": "0.0899932或0.0999924",
            "dividCashPsBeforeTax": "0.099992",
            "dividCashStock": "10派0.999924元（含税，扣税后0.899932或0.999924元）",
            "dividOperateDate": "2021-05-27",
            "dividPayDate": "2021-05-27",
            "dividPlanAnnounceDate": "2021-04-20",
            "dividPlanDate": "2021-05-20",
            "dividPreNoticeDate": "",
            "dividRegistDate": "2021-05-26",
            "dividReserveToStockPs": "",
            "dividStockMarketDate": "",
            "dividStocksPs": "0.000000"
          },
          "source": {
            "requestId": "request-6965fbe0a11941e2a6ed0642fa29af97",
            "rawSha256": "fcb0ac04176a21733c650d30b8d5a2755effc71b094594161bf04a1a05d35119",
            "rowIndex": 0
          }
        }
      ]
    },
    {
      "code": "sz.300040",
      "exDate": "2021-07-14",
      "sourceRows": 1,
      "ledgerReady": false,
      "investorTaxVerified": false,
      "state": "unresolved",
      "reason": "numeric_plan_conflict:dividCashPsBeforeTax",
      "sources": [
        {
          "requestId": "request-302488d04bbc4043a3e18d1248a9a763",
          "rawSha256": "5a9934b33d2b2dbf9405a82abd21e8331fe0c7ece6343d2e5ca680e38201fef1",
          "rowIndex": 0
        }
      ],
      "records": [
        {
          "raw": {
            "code": "sz.300040",
            "dividAgmPumDate": "2021-05-26",
            "dividCashPsAfterTax": "0.0449878或0.0499865",
            "dividCashPsBeforeTax": "0.049987",
            "dividCashStock": "10转3.998922派0.499865元（含税，扣税后0.449878或0.499865元）",
            "dividOperateDate": "2021-07-14",
            "dividPayDate": "2021-07-14",
            "dividPlanAnnounceDate": "2021-04-27",
            "dividPlanDate": "2021-07-08",
            "dividPreNoticeDate": "",
            "dividRegistDate": "2021-07-13",
            "dividReserveToStockPs": "0.399892",
            "dividStockMarketDate": "2021-07-14",
            "dividStocksPs": "0.000000"
          },
          "source": {
            "requestId": "request-302488d04bbc4043a3e18d1248a9a763",
            "rawSha256": "5a9934b33d2b2dbf9405a82abd21e8331fe0c7ece6343d2e5ca680e38201fef1",
            "rowIndex": 0
          }
        }
      ]
    },
    {
      "code": "sz.300040",
      "exDate": "2022-05-27",
      "sourceRows": 1,
      "ledgerReady": false,
      "investorTaxVerified": false,
      "state": "unresolved",
      "reason": "numeric_plan_conflict:dividCashPsBeforeTax",
      "sources": [
        {
          "requestId": "request-fac379ad8b174f12b0f3bf73be65154a",
          "rawSha256": "ea34bfb8d32e858ec2b51b89a13499477921fb9ca1090855941b594579a4b972",
          "rowIndex": 0
        }
      ],
      "records": [
        {
          "raw": {
            "code": "sz.300040",
            "dividAgmPumDate": "2022-05-18",
            "dividCashPsAfterTax": "0.0449993或0.0499992",
            "dividCashPsBeforeTax": "0.049999",
            "dividCashStock": "10派0.499992元（含税，扣税后0.449993或0.499992元）",
            "dividOperateDate": "2022-05-27",
            "dividPayDate": "2022-05-27",
            "dividPlanAnnounceDate": "2022-04-25",
            "dividPlanDate": "2022-05-19",
            "dividPreNoticeDate": "",
            "dividRegistDate": "2022-05-26",
            "dividReserveToStockPs": "",
            "dividStockMarketDate": "",
            "dividStocksPs": "0.000000"
          },
          "source": {
            "requestId": "request-fac379ad8b174f12b0f3bf73be65154a",
            "rawSha256": "ea34bfb8d32e858ec2b51b89a13499477921fb9ca1090855941b594579a4b972",
            "rowIndex": 0
          }
        }
      ]
    },
    {
      "code": "sz.300040",
      "exDate": "2023-06-29",
      "sourceRows": 1,
      "ledgerReady": false,
      "investorTaxVerified": false,
      "state": "unresolved",
      "reason": "numeric_plan_conflict:dividCashPsBeforeTax",
      "sources": [
        {
          "requestId": "request-dcd7ade26fa442848a38558aae2f50e0",
          "rawSha256": "34363b18ef0471ddb2e03f4a4302693a1f89c01ab34f4c94abedb9388b9434b0",
          "rowIndex": 0
        }
      ],
      "records": [
        {
          "raw": {
            "code": "sz.300040",
            "dividAgmPumDate": "2023-05-16",
            "dividCashPsAfterTax": "0.0539969或0.0599966",
            "dividCashPsBeforeTax": "0.059997",
            "dividCashStock": "10派0.599966元（含税，扣税后0.539969或0.599966元）",
            "dividOperateDate": "2023-06-29",
            "dividPayDate": "2023-06-29",
            "dividPlanAnnounceDate": "2023-04-22",
            "dividPlanDate": "2023-06-20",
            "dividPreNoticeDate": "",
            "dividRegistDate": "2023-06-28",
            "dividReserveToStockPs": "",
            "dividStockMarketDate": "",
            "dividStocksPs": "0.000000"
          },
          "source": {
            "requestId": "request-dcd7ade26fa442848a38558aae2f50e0",
            "rawSha256": "34363b18ef0471ddb2e03f4a4302693a1f89c01ab34f4c94abedb9388b9434b0",
            "rowIndex": 0
          }
        }
      ]
    },
    {
      "code": "sz.300040",
      "exDate": "2025-06-30",
      "sourceRows": 1,
      "ledgerReady": false,
      "investorTaxVerified": false,
      "state": "unresolved",
      "reason": "numeric_plan_conflict:dividCashPsBeforeTax",
      "sources": [
        {
          "requestId": "request-27ffcd60a4a04e18ae250e27c50f0c60",
          "rawSha256": "7445ba8fac664b8508582e820c0262273ccc95ff27e3b0b863fc050e3e107685",
          "rowIndex": 0
        }
      ],
      "records": [
        {
          "raw": {
            "code": "sz.300040",
            "dividAgmPumDate": "2025-05-22",
            "dividCashPsAfterTax": "0.0534003或0.0593337",
            "dividCashPsBeforeTax": "0.059334",
            "dividCashStock": "10派0.593337元（含税，扣税后0.534003或0.593337元）",
            "dividOperateDate": "2025-06-30",
            "dividPayDate": "2025-06-30",
            "dividPlanAnnounceDate": "2025-04-24",
            "dividPlanDate": "2025-06-24",
            "dividPreNoticeDate": "",
            "dividRegistDate": "2025-06-27",
            "dividReserveToStockPs": "",
            "dividStockMarketDate": "",
            "dividStocksPs": "0.000000"
          },
          "source": {
            "requestId": "request-27ffcd60a4a04e18ae250e27c50f0c60",
            "rawSha256": "7445ba8fac664b8508582e820c0262273ccc95ff27e3b0b863fc050e3e107685",
            "rowIndex": 0
          }
        }
      ]
    },
    {
      "code": "sz.300058",
      "exDate": "2021-06-18",
      "sourceRows": 1,
      "ledgerReady": false,
      "investorTaxVerified": false,
      "state": "unresolved",
      "reason": "numeric_plan_conflict:dividCashPsBeforeTax",
      "sources": [
        {
          "requestId": "request-bda8bc662759488386fade6e083b98f9",
          "rawSha256": "264e640edabf44ef4adf13c734696e5df2c7b10199a2ef47436373d5a3fb16a3",
          "rowIndex": 0
        }
      ],
      "records": [
        {
          "raw": {
            "code": "sz.300058",
            "dividAgmPumDate": "2021-05-21",
            "dividCashPsAfterTax": "0.0547748或0.0608609",
            "dividCashPsBeforeTax": "0.060861",
            "dividCashStock": "10派0.608609元（含税，扣税后0.547748或0.608609元）",
            "dividOperateDate": "2021-06-18",
            "dividPayDate": "2021-06-18",
            "dividPlanAnnounceDate": "2021-04-28",
            "dividPlanDate": "2021-06-10",
            "dividPreNoticeDate": "",
            "dividRegistDate": "2021-06-17",
            "dividReserveToStockPs": "",
            "dividStockMarketDate": "",
            "dividStocksPs": "0.000000"
          },
          "source": {
            "requestId": "request-bda8bc662759488386fade6e083b98f9",
            "rawSha256": "264e640edabf44ef4adf13c734696e5df2c7b10199a2ef47436373d5a3fb16a3",
            "rowIndex": 0
          }
        }
      ]
    },
    {
      "code": "sz.300058",
      "exDate": "2022-06-07",
      "sourceRows": 1,
      "ledgerReady": false,
      "investorTaxVerified": false,
      "state": "unresolved",
      "reason": "numeric_plan_conflict:dividCashPsBeforeTax",
      "sources": [
        {
          "requestId": "request-436b83a8dbf14057928c3a1162db535c",
          "rawSha256": "6777977526663d50cdb711bb248f913da1b98ac0c23d43bc4b18d01e47c4caaa",
          "rowIndex": 0
        }
      ],
      "records": [
        {
          "raw": {
            "code": "sz.300058",
            "dividAgmPumDate": "2022-05-19",
            "dividCashPsAfterTax": "0.0383423或0.0426026",
            "dividCashPsBeforeTax": "0.042603",
            "dividCashStock": "10派0.426026元（含税，扣税后0.383423或0.426026元）",
            "dividOperateDate": "2022-06-07",
            "dividPayDate": "2022-06-07",
            "dividPlanAnnounceDate": "2022-04-28",
            "dividPlanDate": "2022-05-27",
            "dividPreNoticeDate": "",
            "dividRegistDate": "2022-06-06",
            "dividReserveToStockPs": "",
            "dividStockMarketDate": "",
            "dividStocksPs": "0.000000"
          },
          "source": {
            "requestId": "request-436b83a8dbf14057928c3a1162db535c",
            "rawSha256": "6777977526663d50cdb711bb248f913da1b98ac0c23d43bc4b18d01e47c4caaa",
            "rowIndex": 0
          }
        }
      ]
    },
    {
      "code": "sz.300068",
      "exDate": "2021-07-15",
      "sourceRows": 1,
      "ledgerReady": false,
      "investorTaxVerified": false,
      "state": "unresolved",
      "reason": "numeric_plan_conflict:dividCashPsBeforeTax",
      "sources": [
        {
          "requestId": "request-7023294243684c1f93b9d064b171ecb1",
          "rawSha256": "11b2629ed45db86713f5a00678d20ffa9b8397a0fd34ad838fd8cec20cd7ef41",
          "rowIndex": 0
        }
      ],
      "records": [
        {
          "raw": {
            "code": "sz.300068",
            "dividAgmPumDate": "2021-05-20",
            "dividCashPsAfterTax": "0.0323959或0.0359955",
            "dividCashPsBeforeTax": "0.035995",
            "dividCashStock": "10派0.359955元（含税，扣税后0.323959或0.359955元）",
            "dividOperateDate": "2021-07-15",
            "dividPayDate": "2021-07-15",
            "dividPlanAnnounceDate": "2021-04-27",
            "dividPlanDate": "2021-07-08",
            "dividPreNoticeDate": "",
            "dividRegistDate": "2021-07-14",
            "dividReserveToStockPs": "",
            "dividStockMarketDate": "",
            "dividStocksPs": "0.000000"
          },
          "source": {
            "requestId": "request-7023294243684c1f93b9d064b171ecb1",
            "rawSha256": "11b2629ed45db86713f5a00678d20ffa9b8397a0fd34ad838fd8cec20cd7ef41",
            "rowIndex": 0
          }
        }
      ]
    },
    {
      "code": "sz.300079",
      "exDate": "2023-07-04",
      "sourceRows": 1,
      "ledgerReady": false,
      "investorTaxVerified": false,
      "state": "unresolved",
      "reason": "numeric_plan_conflict:dividCashPsBeforeTax",
      "sources": [
        {
          "requestId": "request-7a17e84d11874ae8826f00edb4cafed8",
          "rawSha256": "125f0ca063bf6ed305d58e4be20a8ad12f40c6eec4780ffe2a61761b95c01663",
          "rowIndex": 0
        }
      ],
      "records": [
        {
          "raw": {
            "code": "sz.300079",
            "dividAgmPumDate": "2023-05-06",
            "dividCashPsAfterTax": "0.0089812或0.0099791",
            "dividCashPsBeforeTax": "0.009979",
            "dividCashStock": "10派0.099791元（含税，扣税后0.089812或0.099791元）",
            "dividOperateDate": "2023-07-04",
            "dividPayDate": "2023-07-04",
            "dividPlanAnnounceDate": "2023-04-12",
            "dividPlanDate": "2023-06-27",
            "dividPreNoticeDate": "",
            "dividRegistDate": "2023-07-03",
            "dividReserveToStockPs": "",
            "dividStockMarketDate": "",
            "dividStocksPs": "0.000000"
          },
          "source": {
            "requestId": "request-7a17e84d11874ae8826f00edb4cafed8",
            "rawSha256": "125f0ca063bf6ed305d58e4be20a8ad12f40c6eec4780ffe2a61761b95c01663",
            "rowIndex": 0
          }
        }
      ]
    },
    {
      "code": "sz.300079",
      "exDate": "2024-07-05",
      "sourceRows": 1,
      "ledgerReady": false,
      "investorTaxVerified": false,
      "state": "unresolved",
      "reason": "numeric_plan_conflict:dividCashPsBeforeTax",
      "sources": [
        {
          "requestId": "request-1e759c809db84443a78c197fca840cde",
          "rawSha256": "25af6f9133f99159ad110bfcd3bbd75c4903cf5984f4dbcd06f40799f85ad167",
          "rowIndex": 0
        }
      ],
      "records": [
        {
          "raw": {
            "code": "sz.300079",
            "dividAgmPumDate": "2024-05-10",
            "dividCashPsAfterTax": "0.0090094或0.0100104",
            "dividCashPsBeforeTax": "0.01001",
            "dividCashStock": "10派0.100104元（含税，扣税后0.090094或0.100104元）",
            "dividOperateDate": "2024-07-05",
            "dividPayDate": "2024-07-05",
            "dividPlanAnnounceDate": "2024-04-18",
            "dividPlanDate": "2024-06-27",
            "dividPreNoticeDate": "",
            "dividRegistDate": "2024-07-04",
            "dividReserveToStockPs": "",
            "dividStockMarketDate": "",
            "dividStocksPs": "0.000000"
          },
          "source": {
            "requestId": "request-1e759c809db84443a78c197fca840cde",
            "rawSha256": "25af6f9133f99159ad110bfcd3bbd75c4903cf5984f4dbcd06f40799f85ad167",
            "rowIndex": 0
          }
        }
      ]
    },
    {
      "code": "sz.300079",
      "exDate": "2025-07-04",
      "sourceRows": 1,
      "ledgerReady": false,
      "investorTaxVerified": false,
      "state": "unresolved",
      "reason": "numeric_plan_conflict:dividCashPsBeforeTax",
      "sources": [
        {
          "requestId": "request-1c371219d12648c1b9e38bf5e9a5aa5b",
          "rawSha256": "61f0d35721765f7b32d1aceb0bc69207f4a0e97b038756082ce3cb9a4cd3cd50",
          "rowIndex": 0
        }
      ],
      "records": [
        {
          "raw": {
            "code": "sz.300079",
            "dividAgmPumDate": "2025-05-10",
            "dividCashPsAfterTax": "0.0090094或0.0100104",
            "dividCashPsBeforeTax": "0.01001",
            "dividCashStock": "10派0.100104元（含税，扣税后0.090094或0.100104元）",
            "dividOperateDate": "2025-07-04",
            "dividPayDate": "2025-07-04",
            "dividPlanAnnounceDate": "2025-04-18",
            "dividPlanDate": "2025-06-26",
            "dividPreNoticeDate": "",
            "dividRegistDate": "2025-07-03",
            "dividReserveToStockPs": "",
            "dividStockMarketDate": "",
            "dividStocksPs": "0.000000"
          },
          "source": {
            "requestId": "request-1c371219d12648c1b9e38bf5e9a5aa5b",
            "rawSha256": "61f0d35721765f7b32d1aceb0bc69207f4a0e97b038756082ce3cb9a4cd3cd50",
            "rowIndex": 0
          }
        }
      ]
    },
    {
      "code": "sz.300088",
      "exDate": "2021-06-17",
      "sourceRows": 1,
      "ledgerReady": false,
      "investorTaxVerified": false,
      "state": "unresolved",
      "reason": "numeric_plan_conflict:dividCashPsBeforeTax",
      "sources": [
        {
          "requestId": "request-341344f86f44477da18718a5767bab6d",
          "rawSha256": "7c474f854047e93c9137e3cc7b0f90e7b0efd1fac8ceb878d36e96fbf80f4afd",
          "rowIndex": 0
        }
      ],
      "records": [
        {
          "raw": {
            "code": "sz.300088",
            "dividAgmPumDate": "2021-05-19",
            "dividCashPsAfterTax": "0.08999829或0.0999981",
            "dividCashPsBeforeTax": "0.099998",
            "dividCashStock": "10派0.999981元（含税，扣税后0.8999829或0.999981元）",
            "dividOperateDate": "2021-06-17",
            "dividPayDate": "2021-06-17",
            "dividPlanAnnounceDate": "2021-04-27",
            "dividPlanDate": "2021-06-09",
            "dividPreNoticeDate": "",
            "dividRegistDate": "2021-06-16",
            "dividReserveToStockPs": "",
            "dividStockMarketDate": "",
            "dividStocksPs": "0.000000"
          },
          "source": {
            "requestId": "request-341344f86f44477da18718a5767bab6d",
            "rawSha256": "7c474f854047e93c9137e3cc7b0f90e7b0efd1fac8ceb878d36e96fbf80f4afd",
            "rowIndex": 0
          }
        }
      ]
    },
    {
      "code": "sz.300088",
      "exDate": "2022-06-01",
      "sourceRows": 1,
      "ledgerReady": false,
      "investorTaxVerified": false,
      "state": "unresolved",
      "reason": "numeric_plan_conflict:dividCashPsBeforeTax",
      "sources": [
        {
          "requestId": "request-8c496f71cb6a468784b6fe163c613197",
          "rawSha256": "f8d8c0db0db70d34fb8e0a5851e95e95e20a97613dfb8c75d6e672ba6871575b",
          "rowIndex": 0
        }
      ],
      "records": [
        {
          "raw": {
            "code": "sz.300088",
            "dividAgmPumDate": "2022-05-17",
            "dividCashPsAfterTax": "0.0449995或0.0499994",
            "dividCashPsBeforeTax": "0.049999",
            "dividCashStock": "10派0.499994元（含税，扣税后0.449995或0.499994元）",
            "dividOperateDate": "2022-06-01",
            "dividPayDate": "2022-06-01",
            "dividPlanAnnounceDate": "2022-04-23",
            "dividPlanDate": "2022-05-25",
            "dividPreNoticeDate": "",
            "dividRegistDate": "2022-05-31",
            "dividReserveToStockPs": "",
            "dividStockMarketDate": "",
            "dividStocksPs": "0.000000"
          },
          "source": {
            "requestId": "request-8c496f71cb6a468784b6fe163c613197",
            "rawSha256": "f8d8c0db0db70d34fb8e0a5851e95e95e20a97613dfb8c75d6e672ba6871575b",
            "rowIndex": 0
          }
        }
      ]
    },
    {
      "code": "sz.300088",
      "exDate": "2023-06-02",
      "sourceRows": 1,
      "ledgerReady": false,
      "investorTaxVerified": false,
      "state": "unresolved",
      "reason": "numeric_plan_conflict:dividCashPsBeforeTax",
      "sources": [
        {
          "requestId": "request-c372fb1104fa44299667efda2554bed4",
          "rawSha256": "9e8114736a2e2210ba1254431e1e1d4053baea1fae0b96116908af923fe385bf",
          "rowIndex": 0
        }
      ],
      "records": [
        {
          "raw": {
            "code": "sz.300088",
            "dividAgmPumDate": "2023-05-09",
            "dividCashPsAfterTax": "0.0899999或0.0999999",
            "dividCashPsBeforeTax": "0.1",
            "dividCashStock": "10派0.999999元（含税，扣税后0.899999或0.999999元）",
            "dividOperateDate": "2023-06-02",
            "dividPayDate": "2023-06-02",
            "dividPlanAnnounceDate": "2023-04-15",
            "dividPlanDate": "2023-05-25",
            "dividPreNoticeDate": "",
            "dividRegistDate": "2023-06-01",
            "dividReserveToStockPs": "",
            "dividStockMarketDate": "",
            "dividStocksPs": "0.000000"
          },
          "source": {
            "requestId": "request-c372fb1104fa44299667efda2554bed4",
            "rawSha256": "9e8114736a2e2210ba1254431e1e1d4053baea1fae0b96116908af923fe385bf",
            "rowIndex": 0
          }
        }
      ]
    },
    {
      "code": "sz.300088",
      "exDate": "2025-06-12",
      "sourceRows": 1,
      "ledgerReady": false,
      "investorTaxVerified": false,
      "state": "unresolved",
      "reason": "numeric_plan_conflict:dividCashPsBeforeTax",
      "sources": [
        {
          "requestId": "request-8b92f84ac51a416c9c1bbd37fdb53417",
          "rawSha256": "0ae8f7d3a1e4d6c94d5a4b581293369c20e129627ced5298d9fe598f2159f0aa",
          "rowIndex": 0
        }
      ],
      "records": [
        {
          "raw": {
            "code": "sz.300088",
            "dividAgmPumDate": "2025-05-16",
            "dividCashPsAfterTax": "0.0530931或0.0589923",
            "dividCashPsBeforeTax": "0.058992",
            "dividCashStock": "10派0.589923元（含税，扣税后0.530931或0.589923元）",
            "dividOperateDate": "2025-06-12",
            "dividPayDate": "2025-06-12",
            "dividPlanAnnounceDate": "2025-04-25",
            "dividPlanDate": "2025-06-05",
            "dividPreNoticeDate": "",
            "dividRegistDate": "2025-06-11",
            "dividReserveToStockPs": "",
            "dividStockMarketDate": "",
            "dividStocksPs": "0.000000"
          },
          "source": {
            "requestId": "request-8b92f84ac51a416c9c1bbd37fdb53417",
            "rawSha256": "0ae8f7d3a1e4d6c94d5a4b581293369c20e129627ced5298d9fe598f2159f0aa",
            "rowIndex": 0
          }
        }
      ]
    },
    {
      "code": "sz.300101",
      "exDate": "2022-06-30",
      "sourceRows": 1,
      "ledgerReady": false,
      "investorTaxVerified": false,
      "state": "unresolved",
      "reason": "numeric_plan_conflict:dividCashPsBeforeTax",
      "sources": [
        {
          "requestId": "request-81a422fb81a146bbafa5f70a6c038505",
          "rawSha256": "ddedc51e61068eba5af6deb30ba01ad81e1b77c52b23fe3d8dc61b3c9325f882",
          "rowIndex": 0
        }
      ],
      "records": [
        {
          "raw": {
            "code": "sz.300101",
            "dividAgmPumDate": "2022-05-10",
            "dividCashPsAfterTax": "0.0405755或0.0450839",
            "dividCashPsBeforeTax": "0.045084",
            "dividCashStock": "10派0.450839元（含税，扣税后0.405755或0.450839元）",
            "dividOperateDate": "2022-06-30",
            "dividPayDate": "2022-06-30",
            "dividPlanAnnounceDate": "2022-04-19",
            "dividPlanDate": "2022-06-23",
            "dividPreNoticeDate": "",
            "dividRegistDate": "2022-06-29",
            "dividReserveToStockPs": "",
            "dividStockMarketDate": "",
            "dividStocksPs": "0.000000"
          },
          "source": {
            "requestId": "request-81a422fb81a146bbafa5f70a6c038505",
            "rawSha256": "ddedc51e61068eba5af6deb30ba01ad81e1b77c52b23fe3d8dc61b3c9325f882",
            "rowIndex": 0
          }
        }
      ]
    },
    {
      "code": "sz.300105",
      "exDate": "2021-06-18",
      "sourceRows": 1,
      "ledgerReady": false,
      "investorTaxVerified": false,
      "state": "unresolved",
      "reason": "numeric_plan_conflict:dividCashPsBeforeTax",
      "sources": [
        {
          "requestId": "request-a6b74af7053440468e0ea123ba8f2498",
          "rawSha256": "995fc770c4abc5f7d733ba8c3ece470c3643fe98b7871b776f7ecbe039ac167b",
          "rowIndex": 0
        }
      ],
      "records": [
        {
          "raw": {
            "code": "sz.300105",
            "dividAgmPumDate": "2021-04-21",
            "dividCashPsAfterTax": "0.0883873或0.0982081",
            "dividCashPsBeforeTax": "0.098208",
            "dividCashStock": "10派0.982081元（含税，扣税后0.883873或0.982081元）",
            "dividOperateDate": "2021-06-18",
            "dividPayDate": "2021-06-18",
            "dividPlanAnnounceDate": "2021-04-01",
            "dividPlanDate": "2021-06-09",
            "dividPreNoticeDate": "",
            "dividRegistDate": "2021-06-17",
            "dividReserveToStockPs": "",
            "dividStockMarketDate": "",
            "dividStocksPs": "0.000000"
          },
          "source": {
            "requestId": "request-a6b74af7053440468e0ea123ba8f2498",
            "rawSha256": "995fc770c4abc5f7d733ba8c3ece470c3643fe98b7871b776f7ecbe039ac167b",
            "rowIndex": 0
          }
        }
      ]
    },
    {
      "code": "sz.300107",
      "exDate": "2024-06-07",
      "sourceRows": 1,
      "ledgerReady": false,
      "investorTaxVerified": false,
      "state": "unresolved",
      "reason": "numeric_plan_conflict:dividCashPsBeforeTax",
      "sources": [
        {
          "requestId": "request-0e9a14c0fe824a2b8e766f0634955d00",
          "rawSha256": "56f08fb59f5209174e10e7133164240430626c8ffbbd17ce727bf7947b27a0b9",
          "rowIndex": 0
        }
      ],
      "records": [
        {
          "raw": {
            "code": "sz.300107",
            "dividAgmPumDate": "2024-05-16",
            "dividCashPsAfterTax": "0.0143338或0.0159264",
            "dividCashPsBeforeTax": "0.015926",
            "dividCashStock": "10派0.159264元（含税，扣税后0.143338或0.159264元）",
            "dividOperateDate": "2024-06-07",
            "dividPayDate": "2024-06-07",
            "dividPlanAnnounceDate": "2024-04-25",
            "dividPlanDate": "2024-05-31",
            "dividPreNoticeDate": "",
            "dividRegistDate": "2024-06-06",
            "dividReserveToStockPs": "",
            "dividStockMarketDate": "",
            "dividStocksPs": "0.000000"
          },
          "source": {
            "requestId": "request-0e9a14c0fe824a2b8e766f0634955d00",
            "rawSha256": "56f08fb59f5209174e10e7133164240430626c8ffbbd17ce727bf7947b27a0b9",
            "rowIndex": 0
          }
        }
      ]
    },
    {
      "code": "sz.300109",
      "exDate": "2022-05-30",
      "sourceRows": 1,
      "ledgerReady": false,
      "investorTaxVerified": false,
      "state": "unresolved",
      "reason": "numeric_plan_conflict:dividCashPsBeforeTax",
      "sources": [
        {
          "requestId": "request-70cf99d9321a43d19e04bcf32d2e3af9",
          "rawSha256": "06357085468da329235a6385c6348174598d4f594b6388a455bd3ea63c2651de",
          "rowIndex": 0
        }
      ],
      "records": [
        {
          "raw": {
            "code": "sz.300109",
            "dividAgmPumDate": "2022-05-18",
            "dividCashPsAfterTax": "0.4549999或0.5055554",
            "dividCashPsBeforeTax": "0.505555",
            "dividCashStock": "10派5.055554元（含税，扣税后4.549999或5.055554元）",
            "dividOperateDate": "2022-05-30",
            "dividPayDate": "2022-05-30",
            "dividPlanAnnounceDate": "2022-04-27",
            "dividPlanDate": "2022-05-24",
            "dividPreNoticeDate": "",
            "dividRegistDate": "2022-05-27",
            "dividReserveToStockPs": "",
            "dividStockMarketDate": "",
            "dividStocksPs": "0.000000"
          },
          "source": {
            "requestId": "request-70cf99d9321a43d19e04bcf32d2e3af9",
            "rawSha256": "06357085468da329235a6385c6348174598d4f594b6388a455bd3ea63c2651de",
            "rowIndex": 0
          }
        }
      ]
    },
    {
      "code": "sz.300109",
      "exDate": "2025-07-10",
      "sourceRows": 1,
      "ledgerReady": false,
      "investorTaxVerified": false,
      "state": "unresolved",
      "reason": "numeric_plan_conflict:dividCashPsBeforeTax",
      "sources": [
        {
          "requestId": "request-e56af576729a47d1aa9c0a5e298818b0",
          "rawSha256": "52cafc6b6b32cba515a4ab98ce8dde1b3e28612418ee43a74c70dcdf6ee1765f",
          "rowIndex": 0
        }
      ],
      "records": [
        {
          "raw": {
            "code": "sz.300109",
            "dividAgmPumDate": "2025-05-30",
            "dividCashPsAfterTax": "0.224375或0.2493056",
            "dividCashPsBeforeTax": "0.249306",
            "dividCashStock": "10派2.493056元（含税，扣税后2.24375或2.493056元）",
            "dividOperateDate": "2025-07-10",
            "dividPayDate": "2025-07-10",
            "dividPlanAnnounceDate": "2025-04-19",
            "dividPlanDate": "2025-07-02",
            "dividPreNoticeDate": "",
            "dividRegistDate": "2025-07-09",
            "dividReserveToStockPs": "",
            "dividStockMarketDate": "",
            "dividStocksPs": "0.000000"
          },
          "source": {
            "requestId": "request-e56af576729a47d1aa9c0a5e298818b0",
            "rawSha256": "52cafc6b6b32cba515a4ab98ce8dde1b3e28612418ee43a74c70dcdf6ee1765f",
            "rowIndex": 0
          }
        }
      ]
    },
    {
      "code": "sz.300113",
      "exDate": "2024-06-20",
      "sourceRows": 1,
      "ledgerReady": false,
      "investorTaxVerified": false,
      "state": "unresolved",
      "reason": "numeric_plan_conflict:dividCashPsBeforeTax",
      "sources": [
        {
          "requestId": "request-7dca432e1de04100ae58bb917bacee9a",
          "rawSha256": "67b4909074d6695ae2e2e55bab65e104e7e27065018240421bf3aed793661a0b",
          "rowIndex": 0
        }
      ],
      "records": [
        {
          "raw": {
            "code": "sz.300113",
            "dividAgmPumDate": "2024-05-30",
            "dividCashPsAfterTax": "0.0722895或0.0803217",
            "dividCashPsBeforeTax": "0.080322",
            "dividCashStock": "10派0.803217元（含税，扣税后0.722895或0.803217元）",
            "dividOperateDate": "2024-06-20",
            "dividPayDate": "2024-06-20",
            "dividPlanAnnounceDate": "2024-04-23",
            "dividPlanDate": "2024-06-13",
            "dividPreNoticeDate": "",
            "dividRegistDate": "2024-06-19",
            "dividReserveToStockPs": "",
            "dividStockMarketDate": "",
            "dividStocksPs": "0.000000"
          },
          "source": {
            "requestId": "request-7dca432e1de04100ae58bb917bacee9a",
            "rawSha256": "67b4909074d6695ae2e2e55bab65e104e7e27065018240421bf3aed793661a0b",
            "rowIndex": 0
          }
        }
      ]
    },
    {
      "code": "sz.300114",
      "exDate": "2021-06-04",
      "sourceRows": 1,
      "ledgerReady": false,
      "investorTaxVerified": false,
      "state": "unresolved",
      "reason": "numeric_plan_conflict:dividCashPsBeforeTax",
      "sources": [
        {
          "requestId": "request-5fc4519c88a04d7d93d20d1759fb216a",
          "rawSha256": "9eb4e198f3a6f200bfc3c8269b96bbe767e4f1c4779e96faad650ceef72f1562",
          "rowIndex": 0
        }
      ],
      "records": [
        {
          "raw": {
            "code": "sz.300114",
            "dividAgmPumDate": "2021-04-09",
            "dividCashPsAfterTax": "0.0453602或0.0504002",
            "dividCashPsBeforeTax": "0.0504",
            "dividCashStock": "10派0.504002元（含税，扣税后0.453602或0.504002元）",
            "dividOperateDate": "2021-06-04",
            "dividPayDate": "2021-06-04",
            "dividPlanAnnounceDate": "2021-03-17",
            "dividPlanDate": "2021-05-27",
            "dividPreNoticeDate": "",
            "dividRegistDate": "2021-06-03",
            "dividReserveToStockPs": "",
            "dividStockMarketDate": "",
            "dividStocksPs": "0.000000"
          },
          "source": {
            "requestId": "request-5fc4519c88a04d7d93d20d1759fb216a",
            "rawSha256": "9eb4e198f3a6f200bfc3c8269b96bbe767e4f1c4779e96faad650ceef72f1562",
            "rowIndex": 0
          }
        }
      ]
    },
    {
      "code": "sz.300118",
      "exDate": "2024-05-30",
      "sourceRows": 1,
      "ledgerReady": false,
      "investorTaxVerified": false,
      "state": "unresolved",
      "reason": "numeric_plan_conflict:dividCashPsBeforeTax",
      "sources": [
        {
          "requestId": "request-ecde0f47ca6c407c944096c850a15b3a",
          "rawSha256": "c4d72fae4d2e6cf6f7c62906907f5d35f6919ac81024933b25622ae1f68f6384",
          "rowIndex": 0
        }
      ],
      "records": [
        {
          "raw": {
            "code": "sz.300118",
            "dividAgmPumDate": "2024-05-21",
            "dividCashPsAfterTax": "0.1807834或0.2008705",
            "dividCashPsBeforeTax": "0.200871",
            "dividCashStock": "10派2.008705元（含税，扣税后1.807834或2.008705元）",
            "dividOperateDate": "2024-05-30",
            "dividPayDate": "2024-05-30",
            "dividPlanAnnounceDate": "2024-04-27",
            "dividPlanDate": "2024-05-23",
            "dividPreNoticeDate": "",
            "dividRegistDate": "2024-05-29",
            "dividReserveToStockPs": "",
            "dividStockMarketDate": "",
            "dividStocksPs": "0.000000"
          },
          "source": {
            "requestId": "request-ecde0f47ca6c407c944096c850a15b3a",
            "rawSha256": "c4d72fae4d2e6cf6f7c62906907f5d35f6919ac81024933b25622ae1f68f6384",
            "rowIndex": 0
          }
        }
      ]
    },
    {
      "code": "sz.300135",
      "exDate": "2025-06-23",
      "sourceRows": 1,
      "ledgerReady": false,
      "investorTaxVerified": false,
      "state": "unresolved",
      "reason": "numeric_plan_conflict:dividCashPsBeforeTax",
      "sources": [
        {
          "requestId": "request-3130e4e87459485196b39ae31b9e4d42",
          "rawSha256": "5bbede8e22798cbd9cc312b139c1fe37722b8aa8422043b78ee7c1e1deb3053b",
          "rowIndex": 0
        }
      ],
      "records": [
        {
          "raw": {
            "code": "sz.300135",
            "dividAgmPumDate": "2025-05-19",
            "dividCashPsAfterTax": "0.0090589或0.0100655",
            "dividCashPsBeforeTax": "0.010065",
            "dividCashStock": "10派0.100655元（含税，扣税后0.090589或0.100655元）",
            "dividOperateDate": "2025-06-23",
            "dividPayDate": "2025-06-23",
            "dividPlanAnnounceDate": "2025-04-23",
            "dividPlanDate": "2025-06-13",
            "dividPreNoticeDate": "",
            "dividRegistDate": "2025-06-20",
            "dividReserveToStockPs": "",
            "dividStockMarketDate": "",
            "dividStocksPs": "0.000000"
          },
          "source": {
            "requestId": "request-3130e4e87459485196b39ae31b9e4d42",
            "rawSha256": "5bbede8e22798cbd9cc312b139c1fe37722b8aa8422043b78ee7c1e1deb3053b",
            "rowIndex": 0
          }
        }
      ]
    },
    {
      "code": "sz.300149",
      "exDate": "2021-06-01",
      "sourceRows": 1,
      "ledgerReady": false,
      "investorTaxVerified": false,
      "state": "unresolved",
      "reason": "numeric_plan_conflict:dividCashPsBeforeTax",
      "sources": [
        {
          "requestId": "request-297ad8e9a5234b15babff6ec2cf0e0b2",
          "rawSha256": "2c4b8c69dc0e844104d8cd1ecb81f6108cf585ec8bd78ab0293d4cf42ff1c098",
          "rowIndex": 0
        }
      ],
      "records": [
        {
          "raw": {
            "code": "sz.300149",
            "dividAgmPumDate": "2021-05-20",
            "dividCashPsAfterTax": "0.0631832或0.0702036",
            "dividCashPsBeforeTax": "0.070204",
            "dividCashStock": "10派0.702036元（含税，扣税后0.631832或0.702036元）",
            "dividOperateDate": "2021-06-01",
            "dividPayDate": "2021-06-01",
            "dividPlanAnnounceDate": "2021-04-28",
            "dividPlanDate": "2021-05-25",
            "dividPreNoticeDate": "",
            "dividRegistDate": "2021-05-31",
            "dividReserveToStockPs": "",
            "dividStockMarketDate": "",
            "dividStocksPs": "0.000000"
          },
          "source": {
            "requestId": "request-297ad8e9a5234b15babff6ec2cf0e0b2",
            "rawSha256": "2c4b8c69dc0e844104d8cd1ecb81f6108cf585ec8bd78ab0293d4cf42ff1c098",
            "rowIndex": 0
          }
        }
      ]
    },
    {
      "code": "sz.300151",
      "exDate": "2022-05-17",
      "sourceRows": 1,
      "ledgerReady": false,
      "investorTaxVerified": false,
      "state": "unresolved",
      "reason": "numeric_plan_conflict:dividCashPsBeforeTax",
      "sources": [
        {
          "requestId": "request-b5c3aa02cc04495f99d3eb109b98f99c",
          "rawSha256": "be6cbc1e1d4b59f19a76899ff28d6f2a39dc55e96da545556c37204a43d85edf",
          "rowIndex": 0
        }
      ],
      "records": [
        {
          "raw": {
            "code": "sz.300151",
            "dividAgmPumDate": "2022-05-07",
            "dividCashPsAfterTax": "0.1619997或0.1799997",
            "dividCashPsBeforeTax": "0.18",
            "dividCashStock": "10派1.799997元（含税，扣税后1.619997或1.799997元）",
            "dividOperateDate": "2022-05-17",
            "dividPayDate": "2022-05-17",
            "dividPlanAnnounceDate": "2022-04-15",
            "dividPlanDate": "2022-05-11",
            "dividPreNoticeDate": "",
            "dividRegistDate": "2022-05-16",
            "dividReserveToStockPs": "",
            "dividStockMarketDate": "",
            "dividStocksPs": "0.000000"
          },
          "source": {
            "requestId": "request-b5c3aa02cc04495f99d3eb109b98f99c",
            "rawSha256": "be6cbc1e1d4b59f19a76899ff28d6f2a39dc55e96da545556c37204a43d85edf",
            "rowIndex": 0
          }
        }
      ]
    },
    {
      "code": "sz.300171",
      "exDate": "2022-06-10",
      "sourceRows": 1,
      "ledgerReady": false,
      "investorTaxVerified": false,
      "state": "unresolved",
      "reason": "numeric_plan_conflict:dividCashPsBeforeTax",
      "sources": [
        {
          "requestId": "request-803c55d454c943a7a9893b3b5d7baf6a",
          "rawSha256": "ee78738b5558994924934dfc9d4c4630a029c3ebb8823737a61b74e3fbdb7233",
          "rowIndex": 0
        }
      ],
      "records": [
        {
          "raw": {
            "code": "sz.300171",
            "dividAgmPumDate": "2022-04-29",
            "dividCashPsAfterTax": "0.3470901或0.3856557",
            "dividCashPsBeforeTax": "0.385656",
            "dividCashStock": "10派3.856557元（含税，扣税后3.470901或3.856557元）",
            "dividOperateDate": "2022-06-10",
            "dividPayDate": "2022-06-10",
            "dividPlanAnnounceDate": "2022-04-08",
            "dividPlanDate": "2022-06-03",
            "dividPreNoticeDate": "",
            "dividRegistDate": "2022-06-09",
            "dividReserveToStockPs": "",
            "dividStockMarketDate": "",
            "dividStocksPs": "0.000000"
          },
          "source": {
            "requestId": "request-803c55d454c943a7a9893b3b5d7baf6a",
            "rawSha256": "ee78738b5558994924934dfc9d4c4630a029c3ebb8823737a61b74e3fbdb7233",
            "rowIndex": 0
          }
        }
      ]
    },
    {
      "code": "sz.300171",
      "exDate": "2024-07-12",
      "sourceRows": 1,
      "ledgerReady": false,
      "investorTaxVerified": false,
      "state": "unresolved",
      "reason": "numeric_plan_conflict:dividCashPsBeforeTax",
      "sources": [
        {
          "requestId": "request-79508e6c5eac491782d151bfa1e99be4",
          "rawSha256": "8f135a2f4f7d3b742d2a21c7fce87cbdbab94d14fa85a49d9d4f6d8012f29b4f",
          "rowIndex": 0
        }
      ],
      "records": [
        {
          "raw": {
            "code": "sz.300171",
            "dividAgmPumDate": "2024-05-22",
            "dividCashPsAfterTax": "0.215268或0.2391867",
            "dividCashPsBeforeTax": "0.239187",
            "dividCashStock": "10派2.391867元（含税，扣税后2.15268或2.391867元）",
            "dividOperateDate": "2024-07-12",
            "dividPayDate": "2024-07-12",
            "dividPlanAnnounceDate": "2024-04-25",
            "dividPlanDate": "2024-07-04",
            "dividPreNoticeDate": "",
            "dividRegistDate": "2024-07-11",
            "dividReserveToStockPs": "",
            "dividStockMarketDate": "",
            "dividStocksPs": "0.000000"
          },
          "source": {
            "requestId": "request-79508e6c5eac491782d151bfa1e99be4",
            "rawSha256": "8f135a2f4f7d3b742d2a21c7fce87cbdbab94d14fa85a49d9d4f6d8012f29b4f",
            "rowIndex": 0
          }
        }
      ]
    },
    {
      "code": "sz.300174",
      "exDate": "2022-07-07",
      "sourceRows": 1,
      "ledgerReady": false,
      "investorTaxVerified": false,
      "state": "unresolved",
      "reason": "numeric_plan_conflict:dividCashPsBeforeTax",
      "sources": [
        {
          "requestId": "request-3a1d5353d7424796b6dfbb511e4c5b67",
          "rawSha256": "b99017fdf5361f400d29cbdcc8ad73926a560fd715e61842ab5e1d3f6554eda2",
          "rowIndex": 0
        }
      ],
      "records": [
        {
          "raw": {
            "code": "sz.300174",
            "dividAgmPumDate": "2022-05-13",
            "dividCashPsAfterTax": "0.0905797或0.1006441",
            "dividCashPsBeforeTax": "0.100644",
            "dividCashStock": "10派1.006441元（含税，扣税后0.905797或1.006441元）",
            "dividOperateDate": "2022-07-07",
            "dividPayDate": "2022-07-07",
            "dividPlanAnnounceDate": "2022-04-21",
            "dividPlanDate": "2022-07-01",
            "dividPreNoticeDate": "",
            "dividRegistDate": "2022-07-06",
            "dividReserveToStockPs": "",
            "dividStockMarketDate": "",
            "dividStocksPs": "0.000000"
          },
          "source": {
            "requestId": "request-3a1d5353d7424796b6dfbb511e4c5b67",
            "rawSha256": "b99017fdf5361f400d29cbdcc8ad73926a560fd715e61842ab5e1d3f6554eda2",
            "rowIndex": 0
          }
        }
      ]
    },
    {
      "code": "sz.300190",
      "exDate": "2021-05-21",
      "sourceRows": 1,
      "ledgerReady": false,
      "investorTaxVerified": false,
      "state": "unresolved",
      "reason": "numeric_plan_conflict:dividCashPsBeforeTax",
      "sources": [
        {
          "requestId": "request-746708d1e2154078a43a64c62dd358fa",
          "rawSha256": "46369e3739421f04daf618e3bd80cf2ce2abe914fc1dbda0028e886945ef88df",
          "rowIndex": 0
        }
      ],
      "records": [
        {
          "raw": {
            "code": "sz.300190",
            "dividAgmPumDate": "2021-05-01",
            "dividCashPsAfterTax": "0.0899997或0.0999997",
            "dividCashPsBeforeTax": "0.1",
            "dividCashStock": "10派0.999997元（含税，扣税后0.899997或0.999997元）",
            "dividOperateDate": "2021-05-21",
            "dividPayDate": "2021-05-21",
            "dividPlanAnnounceDate": "2021-04-10",
            "dividPlanDate": "2021-05-15",
            "dividPreNoticeDate": "",
            "dividRegistDate": "2021-05-20",
            "dividReserveToStockPs": "",
            "dividStockMarketDate": "",
            "dividStocksPs": "0.000000"
          },
          "source": {
            "requestId": "request-746708d1e2154078a43a64c62dd358fa",
            "rawSha256": "46369e3739421f04daf618e3bd80cf2ce2abe914fc1dbda0028e886945ef88df",
            "rowIndex": 0
          }
        }
      ]
    },
    {
      "code": "sz.300190",
      "exDate": "2022-06-16",
      "sourceRows": 1,
      "ledgerReady": false,
      "investorTaxVerified": false,
      "state": "unresolved",
      "reason": "numeric_plan_conflict:dividCashPsBeforeTax",
      "sources": [
        {
          "requestId": "request-628563be45154266a53eed004b19e8b5",
          "rawSha256": "e91d7b0b23259fb1c9cb62cbdd547c4aa5ab4f1e42918440fbbcc19f55e5a9a3",
          "rowIndex": 0
        }
      ],
      "records": [
        {
          "raw": {
            "code": "sz.300190",
            "dividAgmPumDate": "2022-06-01",
            "dividCashPsAfterTax": "0.0899999或0.0999999",
            "dividCashPsBeforeTax": "0.1",
            "dividCashStock": "10派0.999999元（含税，扣税后0.899999或0.999999元）",
            "dividOperateDate": "2022-06-16",
            "dividPayDate": "2022-06-16",
            "dividPlanAnnounceDate": "2022-04-16",
            "dividPlanDate": "2022-06-09",
            "dividPreNoticeDate": "",
            "dividRegistDate": "2022-06-15",
            "dividReserveToStockPs": "",
            "dividStockMarketDate": "",
            "dividStocksPs": "0.000000"
          },
          "source": {
            "requestId": "request-628563be45154266a53eed004b19e8b5",
            "rawSha256": "e91d7b0b23259fb1c9cb62cbdd547c4aa5ab4f1e42918440fbbcc19f55e5a9a3",
            "rowIndex": 0
          }
        }
      ]
    },
    {
      "code": "sz.300190",
      "exDate": "2023-06-16",
      "sourceRows": 1,
      "ledgerReady": false,
      "investorTaxVerified": false,
      "state": "unresolved",
      "reason": "numeric_plan_conflict:dividCashPsBeforeTax",
      "sources": [
        {
          "requestId": "request-61c77f7f551f4202bbab01254b14da8d",
          "rawSha256": "132428968e6fc676f6da454b2af2fff69afab8e6871ed259b879ec5bf006c23e",
          "rowIndex": 0
        }
      ],
      "records": [
        {
          "raw": {
            "code": "sz.300190",
            "dividAgmPumDate": "2023-05-16",
            "dividCashPsAfterTax": "0.0450291或0.0500323",
            "dividCashPsBeforeTax": "0.050032",
            "dividCashStock": "10派0.500323元（含税，扣税后0.450291或0.500323元）",
            "dividOperateDate": "2023-06-16",
            "dividPayDate": "2023-06-16",
            "dividPlanAnnounceDate": "2023-04-25",
            "dividPlanDate": "2023-06-09",
            "dividPreNoticeDate": "",
            "dividRegistDate": "2023-06-15",
            "dividReserveToStockPs": "",
            "dividStockMarketDate": "",
            "dividStocksPs": "0.000000"
          },
          "source": {
            "requestId": "request-61c77f7f551f4202bbab01254b14da8d",
            "rawSha256": "132428968e6fc676f6da454b2af2fff69afab8e6871ed259b879ec5bf006c23e",
            "rowIndex": 0
          }
        }
      ]
    },
    {
      "code": "sz.300190",
      "exDate": "2024-07-12",
      "sourceRows": 1,
      "ledgerReady": false,
      "investorTaxVerified": false,
      "state": "unresolved",
      "reason": "numeric_plan_conflict:dividCashPsBeforeTax",
      "sources": [
        {
          "requestId": "request-2b06ac703b3d42d8a76d3eabc5b890f7",
          "rawSha256": "d8f67b661d092c667d7680ab650b40de778112703d3224949ff730f055284068",
          "rowIndex": 0
        }
      ],
      "records": [
        {
          "raw": {
            "code": "sz.300190",
            "dividAgmPumDate": "2024-05-24",
            "dividCashPsAfterTax": "0.0090347或0.0100386",
            "dividCashPsBeforeTax": "0.010039",
            "dividCashStock": "10派0.100386元（含税，扣税后0.090347或0.100386元）",
            "dividOperateDate": "2024-07-12",
            "dividPayDate": "2024-07-12",
            "dividPlanAnnounceDate": "2024-04-24",
            "dividPlanDate": "2024-07-05",
            "dividPreNoticeDate": "",
            "dividRegistDate": "2024-07-11",
            "dividReserveToStockPs": "",
            "dividStockMarketDate": "",
            "dividStocksPs": "0.000000"
          },
          "source": {
            "requestId": "request-2b06ac703b3d42d8a76d3eabc5b890f7",
            "rawSha256": "d8f67b661d092c667d7680ab650b40de778112703d3224949ff730f055284068",
            "rowIndex": 0
          }
        }
      ]
    },
    {
      "code": "sz.300203",
      "exDate": "2021-07-16",
      "sourceRows": 1,
      "ledgerReady": false,
      "investorTaxVerified": false,
      "state": "unresolved",
      "reason": "numeric_plan_conflict:dividCashPsBeforeTax",
      "sources": [
        {
          "requestId": "request-8b2b3ba373dc4bfab07a7bd2af04859a",
          "rawSha256": "c126e3c21980d8787811468c022cbe7ae39887b2185ff69de01b4976f71ec8cc",
          "rowIndex": 0
        }
      ],
      "records": [
        {
          "raw": {
            "code": "sz.300203",
            "dividAgmPumDate": "2021-05-27",
            "dividCashPsAfterTax": "0.0180166或0.0200184",
            "dividCashPsBeforeTax": "0.020018",
            "dividCashStock": "10派0.200184元（含税，扣税后0.180166或0.200184元）",
            "dividOperateDate": "2021-07-16",
            "dividPayDate": "2021-07-16",
            "dividPlanAnnounceDate": "2021-04-29",
            "dividPlanDate": "2021-07-09",
            "dividPreNoticeDate": "",
            "dividRegistDate": "2021-07-15",
            "dividReserveToStockPs": "",
            "dividStockMarketDate": "",
            "dividStocksPs": "0.000000"
          },
          "source": {
            "requestId": "request-8b2b3ba373dc4bfab07a7bd2af04859a",
            "rawSha256": "c126e3c21980d8787811468c022cbe7ae39887b2185ff69de01b4976f71ec8cc",
            "rowIndex": 0
          }
        }
      ]
    },
    {
      "code": "sz.300206",
      "exDate": "2021-04-28",
      "sourceRows": 1,
      "ledgerReady": false,
      "investorTaxVerified": false,
      "state": "unresolved",
      "reason": "numeric_plan_conflict:dividCashPsBeforeTax",
      "sources": [
        {
          "requestId": "request-14417cc12fe1429cacbb94147efde841",
          "rawSha256": "588331610d8191e1c741a86763bb598e7c1062813ecca0678769aa0f7c2e5207",
          "rowIndex": 0
        }
      ],
      "records": [
        {
          "raw": {
            "code": "sz.300206",
            "dividAgmPumDate": "2021-04-08",
            "dividCashPsAfterTax": "0.3897259或0.4330288",
            "dividCashPsBeforeTax": "0.433029",
            "dividCashStock": "10派4.330288元（含税，扣税后3.897259或4.330288元）",
            "dividOperateDate": "2021-04-28",
            "dividPayDate": "2021-04-28",
            "dividPlanAnnounceDate": "2021-03-15",
            "dividPlanDate": "2021-04-20",
            "dividPreNoticeDate": "",
            "dividRegistDate": "2021-04-27",
            "dividReserveToStockPs": "",
            "dividStockMarketDate": "",
            "dividStocksPs": "0.000000"
          },
          "source": {
            "requestId": "request-14417cc12fe1429cacbb94147efde841",
            "rawSha256": "588331610d8191e1c741a86763bb598e7c1062813ecca0678769aa0f7c2e5207",
            "rowIndex": 0
          }
        }
      ]
    },
    {
      "code": "sz.300207",
      "exDate": "2022-07-08",
      "sourceRows": 1,
      "ledgerReady": false,
      "investorTaxVerified": false,
      "state": "unresolved",
      "reason": "numeric_plan_conflict:dividCashPsBeforeTax",
      "sources": [
        {
          "requestId": "request-9fc78425f67d4d46b0ee2d8af6a71e9b",
          "rawSha256": "8c9dea5457cb7ad0e68ad79ffcaad440cd4caf24470d303b6167cc2bfb6a85b9",
          "rowIndex": 0
        }
      ],
      "records": [
        {
          "raw": {
            "code": "sz.300207",
            "dividAgmPumDate": "2022-05-11",
            "dividCashPsAfterTax": "0.0630121或0.0700134",
            "dividCashPsBeforeTax": "0.070013",
            "dividCashStock": "10派0.700134元（含税，扣税后0.630121或0.700134元）",
            "dividOperateDate": "2022-07-08",
            "dividPayDate": "2022-07-08",
            "dividPlanAnnounceDate": "2022-04-13",
            "dividPlanDate": "2022-06-30",
            "dividPreNoticeDate": "",
            "dividRegistDate": "2022-07-07",
            "dividReserveToStockPs": "",
            "dividStockMarketDate": "",
            "dividStocksPs": "0.000000"
          },
          "source": {
            "requestId": "request-9fc78425f67d4d46b0ee2d8af6a71e9b",
            "rawSha256": "8c9dea5457cb7ad0e68ad79ffcaad440cd4caf24470d303b6167cc2bfb6a85b9",
            "rowIndex": 0
          }
        }
      ]
    },
    {
      "code": "sz.300207",
      "exDate": "2023-06-14",
      "sourceRows": 1,
      "ledgerReady": false,
      "investorTaxVerified": false,
      "state": "unresolved",
      "reason": "numeric_plan_conflict:dividCashPsBeforeTax",
      "sources": [
        {
          "requestId": "request-b231ce216ec841cb80eaf04c94e59678",
          "rawSha256": "7f0cdece8752456e20520c1167c889dfe400f0f1b69a8e6665aa8898d4c82c17",
          "rowIndex": 0
        }
      ],
      "records": [
        {
          "raw": {
            "code": "sz.300207",
            "dividAgmPumDate": "2023-05-23",
            "dividCashPsAfterTax": "0.072004或0.0800044",
            "dividCashPsBeforeTax": "0.080004",
            "dividCashStock": "10派0.800044元（含税，扣税后0.72004或0.800044元）",
            "dividOperateDate": "2023-06-14",
            "dividPayDate": "2023-06-14",
            "dividPlanAnnounceDate": "2023-04-27",
            "dividPlanDate": "2023-06-07",
            "dividPreNoticeDate": "",
            "dividRegistDate": "2023-06-13",
            "dividReserveToStockPs": "",
            "dividStockMarketDate": "",
            "dividStocksPs": "0.000000"
          },
          "source": {
            "requestId": "request-b231ce216ec841cb80eaf04c94e59678",
            "rawSha256": "7f0cdece8752456e20520c1167c889dfe400f0f1b69a8e6665aa8898d4c82c17",
            "rowIndex": 0
          }
        }
      ]
    },
    {
      "code": "sz.300223",
      "exDate": "2025-06-24",
      "sourceRows": 1,
      "ledgerReady": false,
      "investorTaxVerified": false,
      "state": "unresolved",
      "reason": "numeric_plan_conflict:dividCashPsBeforeTax",
      "sources": [
        {
          "requestId": "request-8a572ab8a63d435aa88479e6ead10888",
          "rawSha256": "f310e9544b89af1372cf5e83fb8e2b3d34beb2e9d0e184fa6e23f848b5a23ca6",
          "rowIndex": 0
        }
      ],
      "records": [
        {
          "raw": {
            "code": "sz.300223",
            "dividAgmPumDate": "2025-05-12",
            "dividCashPsAfterTax": "0.0898189或0.0997988",
            "dividCashPsBeforeTax": "0.099799",
            "dividCashStock": "10派0.997988元（含税，扣税后0.898189或0.997988元）",
            "dividOperateDate": "2025-06-24",
            "dividPayDate": "2025-06-24",
            "dividPlanAnnounceDate": "2025-04-19",
            "dividPlanDate": "2025-06-16",
            "dividPreNoticeDate": "",
            "dividRegistDate": "2025-06-23",
            "dividReserveToStockPs": "",
            "dividStockMarketDate": "",
            "dividStocksPs": "0.000000"
          },
          "source": {
            "requestId": "request-8a572ab8a63d435aa88479e6ead10888",
            "rawSha256": "f310e9544b89af1372cf5e83fb8e2b3d34beb2e9d0e184fa6e23f848b5a23ca6",
            "rowIndex": 0
          }
        }
      ]
    },
    {
      "code": "sz.300229",
      "exDate": "2022-05-31",
      "sourceRows": 1,
      "ledgerReady": false,
      "investorTaxVerified": false,
      "state": "unresolved",
      "reason": "numeric_plan_conflict:dividCashPsBeforeTax",
      "sources": [
        {
          "requestId": "request-76cd2d655dae4376a3b09cabe526809b",
          "rawSha256": "efaa0a3ced93f138545126f5e29b07c2a411ef191dc359f2d9c48801900a6d43",
          "rowIndex": 0
        }
      ],
      "records": [
        {
          "raw": {
            "code": "sz.300229",
            "dividAgmPumDate": "2022-04-16",
            "dividCashPsAfterTax": "0.0449994或0.0499993",
            "dividCashPsBeforeTax": "0.049999",
            "dividCashStock": "10派0.499993元（含税，扣税后0.449994或0.499993元）",
            "dividOperateDate": "2022-05-31",
            "dividPayDate": "2022-05-31",
            "dividPlanAnnounceDate": "2022-03-23",
            "dividPlanDate": "2022-05-24",
            "dividPreNoticeDate": "",
            "dividRegistDate": "2022-05-30",
            "dividReserveToStockPs": "",
            "dividStockMarketDate": "",
            "dividStocksPs": "0.000000"
          },
          "source": {
            "requestId": "request-76cd2d655dae4376a3b09cabe526809b",
            "rawSha256": "efaa0a3ced93f138545126f5e29b07c2a411ef191dc359f2d9c48801900a6d43",
            "rowIndex": 0
          }
        }
      ]
    },
    {
      "code": "sz.300233",
      "exDate": "2021-06-04",
      "sourceRows": 1,
      "ledgerReady": false,
      "investorTaxVerified": false,
      "state": "unresolved",
      "reason": "numeric_plan_conflict:dividCashPsBeforeTax",
      "sources": [
        {
          "requestId": "request-0f770f61978b44bbab9ef491d790a4b1",
          "rawSha256": "87ae2e30f0d09495bc751cdaa3924f9fb23239fca3695159911500985fb590ef",
          "rowIndex": 0
        }
      ],
      "records": [
        {
          "raw": {
            "code": "sz.300233",
            "dividAgmPumDate": "2021-05-18",
            "dividCashPsAfterTax": "0.1816582或0.2018424",
            "dividCashPsBeforeTax": "0.201842",
            "dividCashStock": "10派2.018424元（含税，扣税后1.816582或2.018424元）",
            "dividOperateDate": "2021-06-04",
            "dividPayDate": "2021-06-04",
            "dividPlanAnnounceDate": "2021-04-27",
            "dividPlanDate": "2021-05-28",
            "dividPreNoticeDate": "",
            "dividRegistDate": "2021-06-03",
            "dividReserveToStockPs": "",
            "dividStockMarketDate": "",
            "dividStocksPs": "0.000000"
          },
          "source": {
            "requestId": "request-0f770f61978b44bbab9ef491d790a4b1",
            "rawSha256": "87ae2e30f0d09495bc751cdaa3924f9fb23239fca3695159911500985fb590ef",
            "rowIndex": 0
          }
        }
      ]
    },
    {
      "code": "sz.300233",
      "exDate": "2022-05-11",
      "sourceRows": 1,
      "ledgerReady": false,
      "investorTaxVerified": false,
      "state": "unresolved",
      "reason": "numeric_plan_conflict:dividCashPsBeforeTax",
      "sources": [
        {
          "requestId": "request-4907c791511c46be93b61995dd521d72",
          "rawSha256": "9f65e31dae00319dba8abec1519686622092bd8fb0431a9bfec7bcaca0d44710",
          "rowIndex": 0
        }
      ],
      "records": [
        {
          "raw": {
            "code": "sz.300233",
            "dividAgmPumDate": "2022-04-18",
            "dividCashPsAfterTax": "0.1783569或0.1981743",
            "dividCashPsBeforeTax": "0.198174",
            "dividCashStock": "10派1.981743元（含税，扣税后1.783569或1.981743元）",
            "dividOperateDate": "2022-05-11",
            "dividPayDate": "2022-05-11",
            "dividPlanAnnounceDate": "2022-03-25",
            "dividPlanDate": "2022-04-28",
            "dividPreNoticeDate": "",
            "dividRegistDate": "2022-05-10",
            "dividReserveToStockPs": "",
            "dividStockMarketDate": "",
            "dividStocksPs": "0.000000"
          },
          "source": {
            "requestId": "request-4907c791511c46be93b61995dd521d72",
            "rawSha256": "9f65e31dae00319dba8abec1519686622092bd8fb0431a9bfec7bcaca0d44710",
            "rowIndex": 0
          }
        }
      ]
    },
    {
      "code": "sz.300235",
      "exDate": "2024-05-10",
      "sourceRows": 1,
      "ledgerReady": false,
      "investorTaxVerified": false,
      "state": "unresolved",
      "reason": "numeric_plan_conflict:dividCashPsBeforeTax",
      "sources": [
        {
          "requestId": "request-9105ffe4420e4b07a9e51e5d1dc9eeb9",
          "rawSha256": "7e4cb768bff72d4af11a90d2d3f9afa14abd93baf4b2ddee2a0e333cc24c0188",
          "rowIndex": 0
        }
      ],
      "records": [
        {
          "raw": {
            "code": "sz.300235",
            "dividAgmPumDate": "2024-04-19",
            "dividCashPsAfterTax": "0.0451774或0.0501971",
            "dividCashPsBeforeTax": "0.050197",
            "dividCashStock": "10派0.501971元（含税，扣税后0.451774或0.501971元）",
            "dividOperateDate": "2024-05-10",
            "dividPayDate": "2024-05-10",
            "dividPlanAnnounceDate": "2024-03-26",
            "dividPlanDate": "2024-04-30",
            "dividPreNoticeDate": "",
            "dividRegistDate": "2024-05-09",
            "dividReserveToStockPs": "",
            "dividStockMarketDate": "",
            "dividStocksPs": "0.000000"
          },
          "source": {
            "requestId": "request-9105ffe4420e4b07a9e51e5d1dc9eeb9",
            "rawSha256": "7e4cb768bff72d4af11a90d2d3f9afa14abd93baf4b2ddee2a0e333cc24c0188",
            "rowIndex": 0
          }
        }
      ]
    },
    {
      "code": "sz.300236",
      "exDate": "2024-05-30",
      "sourceRows": 1,
      "ledgerReady": false,
      "investorTaxVerified": false,
      "state": "unresolved",
      "reason": "numeric_plan_conflict:dividCashPsBeforeTax",
      "sources": [
        {
          "requestId": "request-89111833a27146fc86a3a7ad72db2e8a",
          "rawSha256": "506cdd934f10a70337b6f865ac558c65da88fcf3ed88e71fd58345972f6502fa",
          "rowIndex": 0
        }
      ],
      "records": [
        {
          "raw": {
            "code": "sz.300236",
            "dividAgmPumDate": "2024-04-23",
            "dividCashPsAfterTax": "0.178979或0.1988656",
            "dividCashPsBeforeTax": "0.198866",
            "dividCashStock": "10派1.988656元（含税，扣税后1.78979或1.988656元）",
            "dividOperateDate": "2024-05-30",
            "dividPayDate": "2024-05-30",
            "dividPlanAnnounceDate": "2024-03-15",
            "dividPlanDate": "2024-05-23",
            "dividPreNoticeDate": "",
            "dividRegistDate": "2024-05-29",
            "dividReserveToStockPs": "",
            "dividStockMarketDate": "",
            "dividStocksPs": "0.000000"
          },
          "source": {
            "requestId": "request-89111833a27146fc86a3a7ad72db2e8a",
            "rawSha256": "506cdd934f10a70337b6f865ac558c65da88fcf3ed88e71fd58345972f6502fa",
            "rowIndex": 0
          }
        }
      ]
    },
    {
      "code": "sz.300241",
      "exDate": "2022-07-01",
      "sourceRows": 1,
      "ledgerReady": false,
      "investorTaxVerified": false,
      "state": "unresolved",
      "reason": "numeric_plan_conflict:dividCashPsBeforeTax",
      "sources": [
        {
          "requestId": "request-52b47660f0444bc98d7b3210b883f305",
          "rawSha256": "1092ab611d3a14cfec2d9e1c5113061613f380ee47566b95c9258a00f669fa55",
          "rowIndex": 0
        }
      ],
      "records": [
        {
          "raw": {
            "code": "sz.300241",
            "dividAgmPumDate": "2022-05-19",
            "dividCashPsAfterTax": "0.0179641或0.0199601",
            "dividCashPsBeforeTax": "0.01996",
            "dividCashStock": "10派0.199601元（含税，扣税后0.179641或0.199601元）",
            "dividOperateDate": "2022-07-01",
            "dividPayDate": "2022-07-01",
            "dividPlanAnnounceDate": "2022-04-28",
            "dividPlanDate": "2022-06-24",
            "dividPreNoticeDate": "",
            "dividRegistDate": "2022-06-30",
            "dividReserveToStockPs": "",
            "dividStockMarketDate": "",
            "dividStocksPs": "0.000000"
          },
          "source": {
            "requestId": "request-52b47660f0444bc98d7b3210b883f305",
            "rawSha256": "1092ab611d3a14cfec2d9e1c5113061613f380ee47566b95c9258a00f669fa55",
            "rowIndex": 0
          }
        }
      ]
    },
    {
      "code": "sz.300243",
      "exDate": "2022-08-05",
      "sourceRows": 1,
      "ledgerReady": false,
      "investorTaxVerified": false,
      "state": "unresolved",
      "reason": "numeric_plan_conflict:dividCashPsBeforeTax",
      "sources": [
        {
          "requestId": "request-9eafb864197f4a20a4d47147ac1c5263",
          "rawSha256": "ff1df214d6d002b131dacfbe52edd66d8e62103f76fca8511ef6a4283b5ce2ff",
          "rowIndex": 0
        }
      ],
      "records": [
        {
          "raw": {
            "code": "sz.300243",
            "dividAgmPumDate": "2022-06-14",
            "dividCashPsAfterTax": "0.1079989或0.1199988",
            "dividCashPsBeforeTax": "0.119999",
            "dividCashStock": "10派1.199988元（含税，扣税后1.079989或1.199988元）",
            "dividOperateDate": "2022-08-05",
            "dividPayDate": "2022-08-05",
            "dividPlanAnnounceDate": "2022-03-31",
            "dividPlanDate": "2022-07-29",
            "dividPreNoticeDate": "",
            "dividRegistDate": "2022-08-04",
            "dividReserveToStockPs": "",
            "dividStockMarketDate": "",
            "dividStocksPs": "0.000000"
          },
          "source": {
            "requestId": "request-9eafb864197f4a20a4d47147ac1c5263",
            "rawSha256": "ff1df214d6d002b131dacfbe52edd66d8e62103f76fca8511ef6a4283b5ce2ff",
            "rowIndex": 0
          }
        }
      ]
    },
    {
      "code": "sz.300243",
      "exDate": "2024-07-11",
      "sourceRows": 1,
      "ledgerReady": false,
      "investorTaxVerified": false,
      "state": "unresolved",
      "reason": "numeric_plan_conflict:dividCashPsBeforeTax",
      "sources": [
        {
          "requestId": "request-dd933ea959d74a32901db1f3184cbd71",
          "rawSha256": "69ab325c38d31afbcb2f7cc563c0b4a657d38a5969bc7130df9758efe0d2b7d9",
          "rowIndex": 0
        }
      ],
      "records": [
        {
          "raw": {
            "code": "sz.300243",
            "dividAgmPumDate": "2024-05-18",
            "dividCashPsAfterTax": "0.0899986或0.0999985",
            "dividCashPsBeforeTax": "0.099999",
            "dividCashStock": "10派0.999985元（含税，扣税后0.899986或0.999985元）",
            "dividOperateDate": "2024-07-11",
            "dividPayDate": "2024-07-11",
            "dividPlanAnnounceDate": "2024-04-20",
            "dividPlanDate": "2024-07-04",
            "dividPreNoticeDate": "",
            "dividRegistDate": "2024-07-10",
            "dividReserveToStockPs": "",
            "dividStockMarketDate": "",
            "dividStocksPs": "0.000000"
          },
          "source": {
            "requestId": "request-dd933ea959d74a32901db1f3184cbd71",
            "rawSha256": "69ab325c38d31afbcb2f7cc563c0b4a657d38a5969bc7130df9758efe0d2b7d9",
            "rowIndex": 0
          }
        }
      ]
    },
    {
      "code": "sz.300243",
      "exDate": "2025-07-18",
      "sourceRows": 1,
      "ledgerReady": false,
      "investorTaxVerified": false,
      "state": "unresolved",
      "reason": "numeric_plan_conflict:dividCashPsBeforeTax",
      "sources": [
        {
          "requestId": "request-072bac708e754968a78ab2b13582cd3b",
          "rawSha256": "6c7b2d3c2dfa2f8152f468b57fa8cecd97a87711922709f7ea817cfceac4a820",
          "rowIndex": 0
        }
      ],
      "records": [
        {
          "raw": {
            "code": "sz.300243",
            "dividAgmPumDate": "2025-06-07",
            "dividCashPsAfterTax": "0.0449999或0.0499999",
            "dividCashPsBeforeTax": "0.05",
            "dividCashStock": "10派0.499999元（含税，扣税后0.449999或0.499999元）",
            "dividOperateDate": "2025-07-18",
            "dividPayDate": "2025-07-18",
            "dividPlanAnnounceDate": "2025-04-22",
            "dividPlanDate": "2025-07-11",
            "dividPreNoticeDate": "",
            "dividRegistDate": "2025-07-17",
            "dividReserveToStockPs": "",
            "dividStockMarketDate": "",
            "dividStocksPs": "0.000000"
          },
          "source": {
            "requestId": "request-072bac708e754968a78ab2b13582cd3b",
            "rawSha256": "6c7b2d3c2dfa2f8152f468b57fa8cecd97a87711922709f7ea817cfceac4a820",
            "rowIndex": 0
          }
        }
      ]
    },
    {
      "code": "sz.300260",
      "exDate": "2024-07-16",
      "sourceRows": 1,
      "ledgerReady": false,
      "investorTaxVerified": false,
      "state": "unresolved",
      "reason": "numeric_plan_conflict:dividCashPsBeforeTax",
      "sources": [
        {
          "requestId": "request-6c0cff335c774dd9bb96884e417da5ff",
          "rawSha256": "c52054117daf679cc2cdd2f43496e3a19aff7544088ccee2438781a27e1b6536",
          "rowIndex": 0
        }
      ],
      "records": [
        {
          "raw": {
            "code": "sz.300260",
            "dividAgmPumDate": "2024-05-23",
            "dividCashPsAfterTax": "0.0542679或0.0602977",
            "dividCashPsBeforeTax": "0.060298",
            "dividCashStock": "10派0.602977元（含税，扣税后0.542679或0.602977元）",
            "dividOperateDate": "2024-07-16",
            "dividPayDate": "2024-07-16",
            "dividPlanAnnounceDate": "2024-04-26",
            "dividPlanDate": "2024-07-09",
            "dividPreNoticeDate": "",
            "dividRegistDate": "2024-07-15",
            "dividReserveToStockPs": "",
            "dividStockMarketDate": "",
            "dividStocksPs": "0.000000"
          },
          "source": {
            "requestId": "request-6c0cff335c774dd9bb96884e417da5ff",
            "rawSha256": "c52054117daf679cc2cdd2f43496e3a19aff7544088ccee2438781a27e1b6536",
            "rowIndex": 0
          }
        }
      ]
    },
    {
      "code": "sz.300263",
      "exDate": "2022-05-31",
      "sourceRows": 1,
      "ledgerReady": false,
      "investorTaxVerified": false,
      "state": "unresolved",
      "reason": "numeric_plan_conflict:dividCashPsBeforeTax",
      "sources": [
        {
          "requestId": "request-c826c09f656b433c85d9e4a1fe72fc8e",
          "rawSha256": "74d739e6f6b912f7966aa43edb47d3b53637d73a9949ae8f397af5957d21674f",
          "rowIndex": 0
        }
      ],
      "records": [
        {
          "raw": {
            "code": "sz.300263",
            "dividAgmPumDate": "2022-05-19",
            "dividCashPsAfterTax": "0.0314981或0.0349979",
            "dividCashPsBeforeTax": "0.034998",
            "dividCashStock": "10派0.349979元（含税，扣税后0.314981或0.349979元）",
            "dividOperateDate": "2022-05-31",
            "dividPayDate": "2022-05-31",
            "dividPlanAnnounceDate": "2022-04-28",
            "dividPlanDate": "2022-05-24",
            "dividPreNoticeDate": "",
            "dividRegistDate": "2022-05-30",
            "dividReserveToStockPs": "",
            "dividStockMarketDate": "",
            "dividStocksPs": "0.000000"
          },
          "source": {
            "requestId": "request-c826c09f656b433c85d9e4a1fe72fc8e",
            "rawSha256": "74d739e6f6b912f7966aa43edb47d3b53637d73a9949ae8f397af5957d21674f",
            "rowIndex": 0
          }
        }
      ]
    },
    {
      "code": "sz.300263",
      "exDate": "2023-05-18",
      "sourceRows": 1,
      "ledgerReady": false,
      "investorTaxVerified": false,
      "state": "unresolved",
      "reason": "numeric_plan_conflict:dividCashPsBeforeTax",
      "sources": [
        {
          "requestId": "request-19d455644c664ef180ed95611bfa1dff",
          "rawSha256": "6e1a66c3f6d3bd376e5a7c212c32bd96379b36a7c4eb799ac5db327b0f82c2b7",
          "rowIndex": 0
        }
      ],
      "records": [
        {
          "raw": {
            "code": "sz.300263",
            "dividAgmPumDate": "2023-05-08",
            "dividCashPsAfterTax": "0.0269999或0.0299999",
            "dividCashPsBeforeTax": "0.03",
            "dividCashStock": "10派0.299999元（含税，扣税后0.269999或0.299999元）",
            "dividOperateDate": "2023-05-18",
            "dividPayDate": "2023-05-18",
            "dividPlanAnnounceDate": "2023-04-15",
            "dividPlanDate": "2023-05-12",
            "dividPreNoticeDate": "",
            "dividRegistDate": "2023-05-17",
            "dividReserveToStockPs": "",
            "dividStockMarketDate": "",
            "dividStocksPs": "0.000000"
          },
          "source": {
            "requestId": "request-19d455644c664ef180ed95611bfa1dff",
            "rawSha256": "6e1a66c3f6d3bd376e5a7c212c32bd96379b36a7c4eb799ac5db327b0f82c2b7",
            "rowIndex": 0
          }
        }
      ]
    },
    {
      "code": "sz.300263",
      "exDate": "2025-05-27",
      "sourceRows": 1,
      "ledgerReady": false,
      "investorTaxVerified": false,
      "state": "unresolved",
      "reason": "numeric_plan_conflict:dividCashPsBeforeTax",
      "sources": [
        {
          "requestId": "request-6831dcb248b5482fab72665737aa4476",
          "rawSha256": "2a686ff9536f80c9cb73b2feb711de724b75078050805360d0ef1139e3a2e53f",
          "rowIndex": 0
        }
      ],
      "records": [
        {
          "raw": {
            "code": "sz.300263",
            "dividAgmPumDate": "2025-05-14",
            "dividCashPsAfterTax": "0.0449999或0.0499999",
            "dividCashPsBeforeTax": "0.05",
            "dividCashStock": "10派0.499999元（含税，扣税后0.449999或0.499999元）",
            "dividOperateDate": "2025-05-27",
            "dividPayDate": "2025-05-27",
            "dividPlanAnnounceDate": "2025-04-23",
            "dividPlanDate": "2025-05-19",
            "dividPreNoticeDate": "",
            "dividRegistDate": "2025-05-26",
            "dividReserveToStockPs": "",
            "dividStockMarketDate": "",
            "dividStocksPs": "0.000000"
          },
          "source": {
            "requestId": "request-6831dcb248b5482fab72665737aa4476",
            "rawSha256": "2a686ff9536f80c9cb73b2feb711de724b75078050805360d0ef1139e3a2e53f",
            "rowIndex": 0
          }
        }
      ]
    },
    {
      "code": "sz.300265",
      "exDate": "2021-06-28",
      "sourceRows": 1,
      "ledgerReady": false,
      "investorTaxVerified": false,
      "state": "unresolved",
      "reason": "numeric_plan_conflict:dividCashPsBeforeTax",
      "sources": [
        {
          "requestId": "request-9a1535564e594ed8b7932a326e225860",
          "rawSha256": "b3816a50cfbb42c5f6109816f53c2e0af6a0992fbab03789a2477f03f6a60a48",
          "rowIndex": 0
        }
      ],
      "records": [
        {
          "raw": {
            "code": "sz.300265",
            "dividAgmPumDate": "2021-05-12",
            "dividCashPsAfterTax": "0.0179999或0.0199999",
            "dividCashPsBeforeTax": "0.02",
            "dividCashStock": "10派0.199999元（含税，扣税后0.179999或0.199999元）",
            "dividOperateDate": "2021-06-28",
            "dividPayDate": "2021-06-28",
            "dividPlanAnnounceDate": "2021-04-15",
            "dividPlanDate": "2021-06-22",
            "dividPreNoticeDate": "",
            "dividRegistDate": "2021-06-25",
            "dividReserveToStockPs": "",
            "dividStockMarketDate": "",
            "dividStocksPs": "0.000000"
          },
          "source": {
            "requestId": "request-9a1535564e594ed8b7932a326e225860",
            "rawSha256": "b3816a50cfbb42c5f6109816f53c2e0af6a0992fbab03789a2477f03f6a60a48",
            "rowIndex": 0
          }
        }
      ]
    },
    {
      "code": "sz.300271",
      "exDate": "2021-06-02",
      "sourceRows": 1,
      "ledgerReady": false,
      "investorTaxVerified": false,
      "state": "unresolved",
      "reason": "numeric_plan_conflict:dividCashPsBeforeTax",
      "sources": [
        {
          "requestId": "request-6e7217a263d74b0a960afdd3f27ba6ab",
          "rawSha256": "61aba9651aa403960602ed01f18ac1d374e08bdb05d2b368430303b39b6025a8",
          "rowIndex": 0
        }
      ],
      "records": [
        {
          "raw": {
            "code": "sz.300271",
            "dividAgmPumDate": "2021-05-11",
            "dividCashPsAfterTax": "0.0318989或0.0354432",
            "dividCashPsBeforeTax": "0.035443",
            "dividCashStock": "10派0.354432元（含税，扣税后0.318989或0.354432元）",
            "dividOperateDate": "2021-06-02",
            "dividPayDate": "2021-06-02",
            "dividPlanAnnounceDate": "2021-04-21",
            "dividPlanDate": "2021-05-27",
            "dividPreNoticeDate": "",
            "dividRegistDate": "2021-06-01",
            "dividReserveToStockPs": "",
            "dividStockMarketDate": "",
            "dividStocksPs": "0.000000"
          },
          "source": {
            "requestId": "request-6e7217a263d74b0a960afdd3f27ba6ab",
            "rawSha256": "61aba9651aa403960602ed01f18ac1d374e08bdb05d2b368430303b39b6025a8",
            "rowIndex": 0
          }
        }
      ]
    },
    {
      "code": "sz.300272",
      "exDate": "2021-06-07",
      "sourceRows": 1,
      "ledgerReady": false,
      "investorTaxVerified": false,
      "state": "unresolved",
      "reason": "numeric_plan_conflict:dividCashPsBeforeTax",
      "sources": [
        {
          "requestId": "request-411579a95ac0443c8918be1c0b572145",
          "rawSha256": "8229b4dcaf7552fcae02498c5271a07c99fdee31721086258969a8a285058c9b",
          "rowIndex": 0
        }
      ],
      "records": [
        {
          "raw": {
            "code": "sz.300272",
            "dividAgmPumDate": "2021-05-17",
            "dividCashPsAfterTax": "0.0450073或0.0500081",
            "dividCashPsBeforeTax": "0.050008",
            "dividCashStock": "10派0.500081元（含税，扣税后0.450073或0.500081元）",
            "dividOperateDate": "2021-06-07",
            "dividPayDate": "2021-06-07",
            "dividPlanAnnounceDate": "2021-04-26",
            "dividPlanDate": "2021-05-28",
            "dividPreNoticeDate": "",
            "dividRegistDate": "2021-06-04",
            "dividReserveToStockPs": "",
            "dividStockMarketDate": "",
            "dividStocksPs": "0.000000"
          },
          "source": {
            "requestId": "request-411579a95ac0443c8918be1c0b572145",
            "rawSha256": "8229b4dcaf7552fcae02498c5271a07c99fdee31721086258969a8a285058c9b",
            "rowIndex": 0
          }
        }
      ]
    },
    {
      "code": "sz.300274",
      "exDate": "2022-06-28",
      "sourceRows": 1,
      "ledgerReady": false,
      "investorTaxVerified": false,
      "state": "unresolved",
      "reason": "numeric_plan_conflict:dividCashPsBeforeTax",
      "sources": [
        {
          "requestId": "request-00c2154bd011455cac3a1eb35beaeca7",
          "rawSha256": "b49853011dcf070e0af3aace8358517cb51ff76d02837da7480200673a879347",
          "rowIndex": 0
        }
      ],
      "records": [
        {
          "raw": {
            "code": "sz.300274",
            "dividAgmPumDate": "2022-05-18",
            "dividCashPsAfterTax": "0.0994342或0.1104824",
            "dividCashPsBeforeTax": "0.110482",
            "dividCashStock": "10派1.104824元（含税，扣税后0.994342或1.104824元）",
            "dividOperateDate": "2022-06-28",
            "dividPayDate": "2022-06-28",
            "dividPlanAnnounceDate": "2022-04-20",
            "dividPlanDate": "2022-06-21",
            "dividPreNoticeDate": "",
            "dividRegistDate": "2022-06-27",
            "dividReserveToStockPs": "",
            "dividStockMarketDate": "",
            "dividStocksPs": "0.000000"
          },
          "source": {
            "requestId": "request-00c2154bd011455cac3a1eb35beaeca7",
            "rawSha256": "b49853011dcf070e0af3aace8358517cb51ff76d02837da7480200673a879347",
            "rowIndex": 0
          }
        }
      ]
    },
    {
      "code": "sz.300286",
      "exDate": "2025-05-27",
      "sourceRows": 1,
      "ledgerReady": false,
      "investorTaxVerified": false,
      "state": "unresolved",
      "reason": "numeric_plan_conflict:dividCashPsBeforeTax",
      "sources": [
        {
          "requestId": "request-2d8400dff85f4a42aece345b069b4a41",
          "rawSha256": "ce1b32ed0c81532237da32c0a93bb6506acaa68069ca57e2a1a9c38a80452a10",
          "rowIndex": 0
        }
      ],
      "records": [
        {
          "raw": {
            "code": "sz.300286",
            "dividAgmPumDate": "2025-05-12",
            "dividCashPsAfterTax": "0.2708146或0.3009051",
            "dividCashPsBeforeTax": "0.300905",
            "dividCashStock": "10派3.009051元（含税，扣税后2.708146或3.009051元）",
            "dividOperateDate": "2025-05-27",
            "dividPayDate": "2025-05-27",
            "dividPlanAnnounceDate": "2025-04-19",
            "dividPlanDate": "2025-05-20",
            "dividPreNoticeDate": "",
            "dividRegistDate": "2025-05-26",
            "dividReserveToStockPs": "",
            "dividStockMarketDate": "",
            "dividStocksPs": "0.000000"
          },
          "source": {
            "requestId": "request-2d8400dff85f4a42aece345b069b4a41",
            "rawSha256": "ce1b32ed0c81532237da32c0a93bb6506acaa68069ca57e2a1a9c38a80452a10",
            "rowIndex": 0
          }
        }
      ]
    },
    {
      "code": "sz.300304",
      "exDate": "2024-11-06",
      "sourceRows": 1,
      "ledgerReady": false,
      "investorTaxVerified": false,
      "state": "unresolved",
      "reason": "numeric_plan_conflict:dividCashPsBeforeTax",
      "sources": [
        {
          "requestId": "request-6ef617878d9d4be4a509636490ca488e",
          "rawSha256": "13b31b8bab339f57051df4b27ffbef9763ab7264d515092da74e4079d857a88e",
          "rowIndex": 1
        }
      ],
      "records": [
        {
          "raw": {
            "code": "sz.300304",
            "dividAgmPumDate": "2024-09-11",
            "dividCashPsAfterTax": "0.0179821或0.0199801",
            "dividCashPsBeforeTax": "0.01998",
            "dividCashStock": "10派0.199801元（含税，扣税后0.179821或0.199801元）",
            "dividOperateDate": "2024-11-06",
            "dividPayDate": "2024-11-06",
            "dividPlanAnnounceDate": "2024-08-22",
            "dividPlanDate": "2024-10-31",
            "dividPreNoticeDate": "",
            "dividRegistDate": "2024-11-05",
            "dividReserveToStockPs": "",
            "dividStockMarketDate": "",
            "dividStocksPs": "0.000000"
          },
          "source": {
            "requestId": "request-6ef617878d9d4be4a509636490ca488e",
            "rawSha256": "13b31b8bab339f57051df4b27ffbef9763ab7264d515092da74e4079d857a88e",
            "rowIndex": 1
          }
        }
      ]
    },
    {
      "code": "sz.300305",
      "exDate": "2022-06-08",
      "sourceRows": 1,
      "ledgerReady": false,
      "investorTaxVerified": false,
      "state": "unresolved",
      "reason": "numeric_plan_conflict:dividCashPsBeforeTax",
      "sources": [
        {
          "requestId": "request-7dc90824526e470db5f31c6cf686fb9f",
          "rawSha256": "9e9361a66917becac5a3e83035e4c928ca5376a9480c51e4ff5d8a502f4620f1",
          "rowIndex": 0
        }
      ],
      "records": [
        {
          "raw": {
            "code": "sz.300305",
            "dividAgmPumDate": "2022-05-18",
            "dividCashPsAfterTax": "0.2432654或0.2702949",
            "dividCashPsBeforeTax": "0.270295",
            "dividCashStock": "10派2.702949元（含税，扣税后2.432654或2.702949元）",
            "dividOperateDate": "2022-06-08",
            "dividPayDate": "2022-06-08",
            "dividPlanAnnounceDate": "2022-04-28",
            "dividPlanDate": "2022-05-31",
            "dividPreNoticeDate": "",
            "dividRegistDate": "2022-06-07",
            "dividReserveToStockPs": "",
            "dividStockMarketDate": "",
            "dividStocksPs": "0.000000"
          },
          "source": {
            "requestId": "request-7dc90824526e470db5f31c6cf686fb9f",
            "rawSha256": "9e9361a66917becac5a3e83035e4c928ca5376a9480c51e4ff5d8a502f4620f1",
            "rowIndex": 0
          }
        }
      ]
    },
    {
      "code": "sz.300305",
      "exDate": "2023-05-24",
      "sourceRows": 1,
      "ledgerReady": false,
      "investorTaxVerified": false,
      "state": "unresolved",
      "reason": "numeric_plan_conflict:dividCashPsBeforeTax",
      "sources": [
        {
          "requestId": "request-1c760c43c5ed42a892f5974178a5846b",
          "rawSha256": "09cc9a2cc75fae00b3e36328155da16483d440c56e3b345e361540137afc9d8b",
          "rowIndex": 0
        }
      ],
      "records": [
        {
          "raw": {
            "code": "sz.300305",
            "dividAgmPumDate": "2023-05-05",
            "dividCashPsAfterTax": "0.1060847或0.1178719",
            "dividCashPsBeforeTax": "0.117872",
            "dividCashStock": "10派1.178719元（含税，扣税后1.060847或1.178719元）",
            "dividOperateDate": "2023-05-24",
            "dividPayDate": "2023-05-24",
            "dividPlanAnnounceDate": "2023-04-15",
            "dividPlanDate": "2023-05-17",
            "dividPreNoticeDate": "",
            "dividRegistDate": "2023-05-23",
            "dividReserveToStockPs": "",
            "dividStockMarketDate": "",
            "dividStocksPs": "0.000000"
          },
          "source": {
            "requestId": "request-1c760c43c5ed42a892f5974178a5846b",
            "rawSha256": "09cc9a2cc75fae00b3e36328155da16483d440c56e3b345e361540137afc9d8b",
            "rowIndex": 0
          }
        }
      ]
    },
    {
      "code": "sz.300305",
      "exDate": "2024-07-03",
      "sourceRows": 1,
      "ledgerReady": false,
      "investorTaxVerified": false,
      "state": "unresolved",
      "reason": "numeric_plan_conflict:dividCashPsBeforeTax",
      "sources": [
        {
          "requestId": "request-8d272547bd61484bba92581f2b3a56c7",
          "rawSha256": "332a92735ad7b5188b76f2dcbfe1853ee12ff81247e9c7ba9919b55627f98839",
          "rowIndex": 0
        }
      ],
      "records": [
        {
          "raw": {
            "code": "sz.300305",
            "dividAgmPumDate": "2024-05-20",
            "dividCashPsAfterTax": "0.0127554或0.0141727",
            "dividCashPsBeforeTax": "0.014173",
            "dividCashStock": "10派0.141727元（含税，扣税后0.127554或0.141727元）",
            "dividOperateDate": "2024-07-03",
            "dividPayDate": "2024-07-03",
            "dividPlanAnnounceDate": "2024-04-29",
            "dividPlanDate": "2024-06-25",
            "dividPreNoticeDate": "",
            "dividRegistDate": "2024-07-02",
            "dividReserveToStockPs": "",
            "dividStockMarketDate": "",
            "dividStocksPs": "0.000000"
          },
          "source": {
            "requestId": "request-8d272547bd61484bba92581f2b3a56c7",
            "rawSha256": "332a92735ad7b5188b76f2dcbfe1853ee12ff81247e9c7ba9919b55627f98839",
            "rowIndex": 0
          }
        }
      ]
    },
    {
      "code": "sz.300319",
      "exDate": "2022-06-17",
      "sourceRows": 1,
      "ledgerReady": false,
      "investorTaxVerified": false,
      "state": "unresolved",
      "reason": "numeric_plan_conflict:dividCashPsBeforeTax",
      "sources": [
        {
          "requestId": "request-e06e7da3fb9b44458b71de5cfd2aaae2",
          "rawSha256": "5f81c48d81063562a64f5cf8422f719571e17b755927593213b202ce4c838eee",
          "rowIndex": 0
        }
      ],
      "records": [
        {
          "raw": {
            "code": "sz.300319",
            "dividAgmPumDate": "2022-05-13",
            "dividCashPsAfterTax": "0.0540554或0.0600616",
            "dividCashPsBeforeTax": "0.060062",
            "dividCashStock": "10派0.600616元（含税，扣税后0.540554或0.600616元）",
            "dividOperateDate": "2022-06-17",
            "dividPayDate": "2022-06-17",
            "dividPlanAnnounceDate": "2022-04-22",
            "dividPlanDate": "2022-06-10",
            "dividPreNoticeDate": "",
            "dividRegistDate": "2022-06-16",
            "dividReserveToStockPs": "",
            "dividStockMarketDate": "",
            "dividStocksPs": "0.000000"
          },
          "source": {
            "requestId": "request-e06e7da3fb9b44458b71de5cfd2aaae2",
            "rawSha256": "5f81c48d81063562a64f5cf8422f719571e17b755927593213b202ce4c838eee",
            "rowIndex": 0
          }
        }
      ]
    },
    {
      "code": "sz.300319",
      "exDate": "2023-06-20",
      "sourceRows": 1,
      "ledgerReady": false,
      "investorTaxVerified": false,
      "state": "unresolved",
      "reason": "numeric_plan_conflict:dividCashPsBeforeTax",
      "sources": [
        {
          "requestId": "request-3ae0299c7970418cbfbfdce49edccf59",
          "rawSha256": "5f9fd5ce64cf835e6d6d6ca6751ab244ba09c39912a4b5199b21267ac7254060",
          "rowIndex": 0
        }
      ],
      "records": [
        {
          "raw": {
            "code": "sz.300319",
            "dividAgmPumDate": "2023-04-21",
            "dividCashPsAfterTax": "0.1142449或0.1269388",
            "dividCashPsBeforeTax": "0.126939",
            "dividCashStock": "10派1.269388元（含税，扣税后1.142449或1.269388元）",
            "dividOperateDate": "2023-06-20",
            "dividPayDate": "2023-06-20",
            "dividPlanAnnounceDate": "2023-03-30",
            "dividPlanDate": "2023-06-13",
            "dividPreNoticeDate": "",
            "dividRegistDate": "2023-06-19",
            "dividReserveToStockPs": "",
            "dividStockMarketDate": "",
            "dividStocksPs": "0.000000"
          },
          "source": {
            "requestId": "request-3ae0299c7970418cbfbfdce49edccf59",
            "rawSha256": "5f9fd5ce64cf835e6d6d6ca6751ab244ba09c39912a4b5199b21267ac7254060",
            "rowIndex": 0
          }
        }
      ]
    },
    {
      "code": "sz.300319",
      "exDate": "2024-06-18",
      "sourceRows": 1,
      "ledgerReady": false,
      "investorTaxVerified": false,
      "state": "unresolved",
      "reason": "numeric_plan_conflict:dividCashPsBeforeTax",
      "sources": [
        {
          "requestId": "request-68eb7f3af65e4b1f8877121175807db6",
          "rawSha256": "3b9a979f7e70938a4dc4e5fa7b457e96033b0b207e757687a753eb66f3dd7c8e",
          "rowIndex": 0
        }
      ],
      "records": [
        {
          "raw": {
            "code": "sz.300319",
            "dividAgmPumDate": "2024-05-15",
            "dividCashPsAfterTax": "0.0843736或0.0937485",
            "dividCashPsBeforeTax": "0.093748",
            "dividCashStock": "10派0.937485元（含税，扣税后0.843736或0.937485元）",
            "dividOperateDate": "2024-06-18",
            "dividPayDate": "2024-06-18",
            "dividPlanAnnounceDate": "2024-04-24",
            "dividPlanDate": "2024-06-11",
            "dividPreNoticeDate": "",
            "dividRegistDate": "2024-06-17",
            "dividReserveToStockPs": "",
            "dividStockMarketDate": "",
            "dividStocksPs": "0.000000"
          },
          "source": {
            "requestId": "request-68eb7f3af65e4b1f8877121175807db6",
            "rawSha256": "3b9a979f7e70938a4dc4e5fa7b457e96033b0b207e757687a753eb66f3dd7c8e",
            "rowIndex": 0
          }
        }
      ]
    },
    {
      "code": "sz.300319",
      "exDate": "2025-06-12",
      "sourceRows": 1,
      "ledgerReady": false,
      "investorTaxVerified": false,
      "state": "unresolved",
      "reason": "numeric_plan_conflict:dividCashPsBeforeTax",
      "sources": [
        {
          "requestId": "request-df5ce6ee4064451f883d4457a9b97871",
          "rawSha256": "b3748dd6d4d91ea708c1d8cb56e6f753629873475d231783cf32d5b66f15a8b4",
          "rowIndex": 0
        }
      ],
      "records": [
        {
          "raw": {
            "code": "sz.300319",
            "dividAgmPumDate": "2025-04-18",
            "dividCashPsAfterTax": "0.1032223或0.1146915",
            "dividCashPsBeforeTax": "0.114691",
            "dividCashStock": "10派1.146915元（含税，扣税后1.032223或1.146915元）",
            "dividOperateDate": "2025-06-12",
            "dividPayDate": "2025-06-12",
            "dividPlanAnnounceDate": "2025-03-28",
            "dividPlanDate": "2025-06-05",
            "dividPreNoticeDate": "",
            "dividRegistDate": "2025-06-11",
            "dividReserveToStockPs": "",
            "dividStockMarketDate": "",
            "dividStocksPs": "0.000000"
          },
          "source": {
            "requestId": "request-df5ce6ee4064451f883d4457a9b97871",
            "rawSha256": "b3748dd6d4d91ea708c1d8cb56e6f753629873475d231783cf32d5b66f15a8b4",
            "rowIndex": 0
          }
        }
      ]
    },
    {
      "code": "sz.300332",
      "exDate": "2021-07-12",
      "sourceRows": 1,
      "ledgerReady": false,
      "investorTaxVerified": false,
      "state": "unresolved",
      "reason": "numeric_plan_conflict:dividCashPsBeforeTax",
      "sources": [
        {
          "requestId": "request-cc4d21f557604a02a2aea7e491cb1a0e",
          "rawSha256": "159cd49f205822c59e0232817eb5ed7e6ba094d21f2788bae2d923117683b0ad",
          "rowIndex": 0
        }
      ],
      "records": [
        {
          "raw": {
            "code": "sz.300332",
            "dividAgmPumDate": "2021-05-14",
            "dividCashPsAfterTax": "0.01169991或0.0129999",
            "dividCashPsBeforeTax": "0.013",
            "dividCashStock": "10派0.129999元（含税，扣税后0.1169991或0.129999元）",
            "dividOperateDate": "2021-07-12",
            "dividPayDate": "2021-07-12",
            "dividPlanAnnounceDate": "2021-04-24",
            "dividPlanDate": "2021-07-05",
            "dividPreNoticeDate": "",
            "dividRegistDate": "2021-07-09",
            "dividReserveToStockPs": "",
            "dividStockMarketDate": "",
            "dividStocksPs": "0.000000"
          },
          "source": {
            "requestId": "request-cc4d21f557604a02a2aea7e491cb1a0e",
            "rawSha256": "159cd49f205822c59e0232817eb5ed7e6ba094d21f2788bae2d923117683b0ad",
            "rowIndex": 0
          }
        }
      ]
    },
    {
      "code": "sz.300332",
      "exDate": "2022-06-02",
      "sourceRows": 1,
      "ledgerReady": false,
      "investorTaxVerified": false,
      "state": "unresolved",
      "reason": "numeric_plan_conflict:dividCashPsBeforeTax",
      "sources": [
        {
          "requestId": "request-e900f4dc5cf04ac0952a7a380fa5220a",
          "rawSha256": "43a8488ccfbb4d5bc0bffbd262f76b7fa232ac32d55732cbbbf82d89e6518873",
          "rowIndex": 0
        }
      ],
      "records": [
        {
          "raw": {
            "code": "sz.300332",
            "dividAgmPumDate": "2022-05-18",
            "dividCashPsAfterTax": "0.0431996或0.0479996",
            "dividCashPsBeforeTax": "0.048",
            "dividCashStock": "10派0.479996元（含税，扣税后0.431996或0.479996元）",
            "dividOperateDate": "2022-06-02",
            "dividPayDate": "2022-06-02",
            "dividPlanAnnounceDate": "2022-04-27",
            "dividPlanDate": "2022-05-26",
            "dividPreNoticeDate": "",
            "dividRegistDate": "2022-06-01",
            "dividReserveToStockPs": "",
            "dividStockMarketDate": "",
            "dividStocksPs": "0.000000"
          },
          "source": {
            "requestId": "request-e900f4dc5cf04ac0952a7a380fa5220a",
            "rawSha256": "43a8488ccfbb4d5bc0bffbd262f76b7fa232ac32d55732cbbbf82d89e6518873",
            "rowIndex": 0
          }
        }
      ]
    },
    {
      "code": "sz.300332",
      "exDate": "2023-07-06",
      "sourceRows": 1,
      "ledgerReady": false,
      "investorTaxVerified": false,
      "state": "unresolved",
      "reason": "numeric_plan_conflict:dividCashPsBeforeTax",
      "sources": [
        {
          "requestId": "request-91d6f126e7b24070b0df531ce009b6f9",
          "rawSha256": "34a3a334f82aa51d82d976528fde690dca1a5006d55f609412129f166f6a3053",
          "rowIndex": 0
        }
      ],
      "records": [
        {
          "raw": {
            "code": "sz.300332",
            "dividAgmPumDate": "2023-05-16",
            "dividCashPsAfterTax": "0.0764826或0.0849807",
            "dividCashPsBeforeTax": "0.084981",
            "dividCashStock": "10派0.849807元（含税，扣税后0.764826或0.849807元）",
            "dividOperateDate": "2023-07-06",
            "dividPayDate": "2023-07-06",
            "dividPlanAnnounceDate": "2023-04-25",
            "dividPlanDate": "2023-06-29",
            "dividPreNoticeDate": "",
            "dividRegistDate": "2023-07-05",
            "dividReserveToStockPs": "",
            "dividStockMarketDate": "",
            "dividStocksPs": "0.000000"
          },
          "source": {
            "requestId": "request-91d6f126e7b24070b0df531ce009b6f9",
            "rawSha256": "34a3a334f82aa51d82d976528fde690dca1a5006d55f609412129f166f6a3053",
            "rowIndex": 0
          }
        }
      ]
    },
    {
      "code": "sz.300332",
      "exDate": "2024-07-01",
      "sourceRows": 1,
      "ledgerReady": false,
      "investorTaxVerified": false,
      "state": "unresolved",
      "reason": "numeric_plan_conflict:dividCashPsBeforeTax",
      "sources": [
        {
          "requestId": "request-0ba94e1da89b4fdf8ae65149ce9dbd2e",
          "rawSha256": "bc6f2f2df41ac67995d31efd3f1f1eecfa0400d1dd73e8c1ed2d06dfe1cd42f2",
          "rowIndex": 0
        }
      ],
      "records": [
        {
          "raw": {
            "code": "sz.300332",
            "dividAgmPumDate": "2024-05-28",
            "dividCashPsAfterTax": "0.0503999或0.0559999",
            "dividCashPsBeforeTax": "0.056",
            "dividCashStock": "10派0.559999元（含税，扣税后0.503999或0.559999元）",
            "dividOperateDate": "2024-07-01",
            "dividPayDate": "2024-07-01",
            "dividPlanAnnounceDate": "2024-04-24",
            "dividPlanDate": "2024-06-24",
            "dividPreNoticeDate": "",
            "dividRegistDate": "2024-06-28",
            "dividReserveToStockPs": "",
            "dividStockMarketDate": "",
            "dividStocksPs": "0.000000"
          },
          "source": {
            "requestId": "request-0ba94e1da89b4fdf8ae65149ce9dbd2e",
            "rawSha256": "bc6f2f2df41ac67995d31efd3f1f1eecfa0400d1dd73e8c1ed2d06dfe1cd42f2",
            "rowIndex": 0
          }
        }
      ]
    },
    {
      "code": "sz.300341",
      "exDate": "2022-06-28",
      "sourceRows": 1,
      "ledgerReady": false,
      "investorTaxVerified": false,
      "state": "unresolved",
      "reason": "numeric_plan_conflict:dividCashPsBeforeTax",
      "sources": [
        {
          "requestId": "request-dc8e35b0460c4c319d4db85b4dc31cac",
          "rawSha256": "69acaeb498ded5d56424eab4bc02116f2208c50769968ff16ece55c69490b23b",
          "rowIndex": 0
        }
      ],
      "records": [
        {
          "raw": {
            "code": "sz.300341",
            "dividAgmPumDate": "2022-04-28",
            "dividCashPsAfterTax": "0.0626036或0.0695596",
            "dividCashPsBeforeTax": "0.06956",
            "dividCashStock": "10派0.695596元（含税，扣税后0.626036或0.695596元）",
            "dividOperateDate": "2022-06-28",
            "dividPayDate": "2022-06-28",
            "dividPlanAnnounceDate": "2022-04-07",
            "dividPlanDate": "2022-06-20",
            "dividPreNoticeDate": "",
            "dividRegistDate": "2022-06-27",
            "dividReserveToStockPs": "",
            "dividStockMarketDate": "",
            "dividStocksPs": "0.000000"
          },
          "source": {
            "requestId": "request-dc8e35b0460c4c319d4db85b4dc31cac",
            "rawSha256": "69acaeb498ded5d56424eab4bc02116f2208c50769968ff16ece55c69490b23b",
            "rowIndex": 0
          }
        }
      ]
    },
    {
      "code": "sz.300341",
      "exDate": "2023-07-12",
      "sourceRows": 1,
      "ledgerReady": false,
      "investorTaxVerified": false,
      "state": "unresolved",
      "reason": "numeric_plan_conflict:dividCashPsBeforeTax",
      "sources": [
        {
          "requestId": "request-b9fc1285c1a84f8299bf439a6a7a4d94",
          "rawSha256": "9c60e5f5de982ff229616391ecbd07a8e11447b8d0b640eb47eae6cba5f4cc03",
          "rowIndex": 0
        }
      ],
      "records": [
        {
          "raw": {
            "code": "sz.300341",
            "dividAgmPumDate": "2023-05-11",
            "dividCashPsAfterTax": "0.0982313或0.1091459",
            "dividCashPsBeforeTax": "0.109146",
            "dividCashStock": "10派1.091459元（含税，扣税后0.982313或1.091459元）",
            "dividOperateDate": "2023-07-12",
            "dividPayDate": "2023-07-12",
            "dividPlanAnnounceDate": "2023-04-11",
            "dividPlanDate": "2023-07-06",
            "dividPreNoticeDate": "",
            "dividRegistDate": "2023-07-11",
            "dividReserveToStockPs": "",
            "dividStockMarketDate": "",
            "dividStocksPs": "0.000000"
          },
          "source": {
            "requestId": "request-b9fc1285c1a84f8299bf439a6a7a4d94",
            "rawSha256": "9c60e5f5de982ff229616391ecbd07a8e11447b8d0b640eb47eae6cba5f4cc03",
            "rowIndex": 0
          }
        }
      ]
    },
    {
      "code": "sz.300363",
      "exDate": "2021-04-15",
      "sourceRows": 1,
      "ledgerReady": false,
      "investorTaxVerified": false,
      "state": "unresolved",
      "reason": "numeric_plan_conflict:dividCashPsBeforeTax",
      "sources": [
        {
          "requestId": "request-21d9b3d098834503b63a5659b30c2e29",
          "rawSha256": "15fa73c73a0e3d8ea774fec1959648bd7dc48819429af78cf0a385c74ce112b8",
          "rowIndex": 0
        }
      ],
      "records": [
        {
          "raw": {
            "code": "sz.300363",
            "dividAgmPumDate": "2021-04-06",
            "dividCashPsAfterTax": "0.1089392或0.1210436",
            "dividCashPsBeforeTax": "0.121044",
            "dividCashStock": "10派1.210436元（含税，扣税后1.089392或1.210436元）",
            "dividOperateDate": "2021-04-15",
            "dividPayDate": "2021-04-15",
            "dividPlanAnnounceDate": "2021-03-13",
            "dividPlanDate": "2021-04-08",
            "dividPreNoticeDate": "",
            "dividRegistDate": "2021-04-14",
            "dividReserveToStockPs": "",
            "dividStockMarketDate": "",
            "dividStocksPs": "0.000000"
          },
          "source": {
            "requestId": "request-21d9b3d098834503b63a5659b30c2e29",
            "rawSha256": "15fa73c73a0e3d8ea774fec1959648bd7dc48819429af78cf0a385c74ce112b8",
            "rowIndex": 0
          }
        }
      ]
    },
    {
      "code": "sz.300363",
      "exDate": "2023-05-09",
      "sourceRows": 1,
      "ledgerReady": false,
      "investorTaxVerified": false,
      "state": "unresolved",
      "reason": "numeric_plan_conflict:dividCashPsBeforeTax",
      "sources": [
        {
          "requestId": "request-71514d85d5704129ab2e020ba9aeb786",
          "rawSha256": "cd68b67cd905a9ceb39f26319a6126d24a30616ced92a9b426f3e1664f3f48cd",
          "rowIndex": 0
        }
      ],
      "records": [
        {
          "raw": {
            "code": "sz.300363",
            "dividAgmPumDate": "2023-04-17",
            "dividCashPsAfterTax": "0.9955325或1.1061472",
            "dividCashPsBeforeTax": "1.106147",
            "dividCashStock": "10派11.061472元（含税，扣税后9.955325或11.061472元）",
            "dividOperateDate": "2023-05-09",
            "dividPayDate": "2023-05-09",
            "dividPlanAnnounceDate": "2023-03-25",
            "dividPlanDate": "2023-04-27",
            "dividPreNoticeDate": "",
            "dividRegistDate": "2023-05-08",
            "dividReserveToStockPs": "",
            "dividStockMarketDate": "",
            "dividStocksPs": "0.000000"
          },
          "source": {
            "requestId": "request-71514d85d5704129ab2e020ba9aeb786",
            "rawSha256": "cd68b67cd905a9ceb39f26319a6126d24a30616ced92a9b426f3e1664f3f48cd",
            "rowIndex": 0
          }
        }
      ]
    },
    {
      "code": "sz.300371",
      "exDate": "2025-06-13",
      "sourceRows": 1,
      "ledgerReady": false,
      "investorTaxVerified": false,
      "state": "unresolved",
      "reason": "numeric_plan_conflict:dividCashPsBeforeTax",
      "sources": [
        {
          "requestId": "request-909f2e2fabbd4bc3b070fdbb51ca7c11",
          "rawSha256": "aec26f6511cd7c898f720fffff57490c77fb6bba93b8269c5d4876ef7bd9a27a",
          "rowIndex": 0
        }
      ],
      "records": [
        {
          "raw": {
            "code": "sz.300371",
            "dividAgmPumDate": "2025-05-17",
            "dividCashPsAfterTax": "0.0802698或0.0891887",
            "dividCashPsBeforeTax": "0.089189",
            "dividCashStock": "10派0.891887元（含税，扣税后0.802698或0.891887元）",
            "dividOperateDate": "2025-06-13",
            "dividPayDate": "2025-06-13",
            "dividPlanAnnounceDate": "2025-04-18",
            "dividPlanDate": "2025-06-06",
            "dividPreNoticeDate": "",
            "dividRegistDate": "2025-06-12",
            "dividReserveToStockPs": "",
            "dividStockMarketDate": "",
            "dividStocksPs": "0.000000"
          },
          "source": {
            "requestId": "request-909f2e2fabbd4bc3b070fdbb51ca7c11",
            "rawSha256": "aec26f6511cd7c898f720fffff57490c77fb6bba93b8269c5d4876ef7bd9a27a",
            "rowIndex": 0
          }
        }
      ]
    },
    {
      "code": "sz.300376",
      "exDate": "2022-07-08",
      "sourceRows": 1,
      "ledgerReady": false,
      "investorTaxVerified": false,
      "state": "unresolved",
      "reason": "numeric_plan_conflict:dividCashPsBeforeTax",
      "sources": [
        {
          "requestId": "request-12ae7cc428864d4c96850302f0171d5b",
          "rawSha256": "a29ef8aff7c427badfc1720d7170d3229115768a375e041b22d860333a08202d",
          "rowIndex": 0
        }
      ],
      "records": [
        {
          "raw": {
            "code": "sz.300376",
            "dividAgmPumDate": "2022-05-17",
            "dividCashPsAfterTax": "0.0305852或0.0339836",
            "dividCashPsBeforeTax": "0.033984",
            "dividCashStock": "10派0.339836元（含税，扣税后0.305852或0.339836元）",
            "dividOperateDate": "2022-07-08",
            "dividPayDate": "2022-07-08",
            "dividPlanAnnounceDate": "2022-04-23",
            "dividPlanDate": "2022-06-30",
            "dividPreNoticeDate": "",
            "dividRegistDate": "2022-07-07",
            "dividReserveToStockPs": "",
            "dividStockMarketDate": "",
            "dividStocksPs": "0.000000"
          },
          "source": {
            "requestId": "request-12ae7cc428864d4c96850302f0171d5b",
            "rawSha256": "a29ef8aff7c427badfc1720d7170d3229115768a375e041b22d860333a08202d",
            "rowIndex": 0
          }
        }
      ]
    },
    {
      "code": "sz.300376",
      "exDate": "2023-07-13",
      "sourceRows": 1,
      "ledgerReady": false,
      "investorTaxVerified": false,
      "state": "unresolved",
      "reason": "numeric_plan_conflict:dividCashPsBeforeTax",
      "sources": [
        {
          "requestId": "request-5b33e0a08c2a44979bda62ccda490659",
          "rawSha256": "14c5c1f23c4fad2c5e507a2d787b178468ca5ffe1f83bd7e4250b5cee3cc5235",
          "rowIndex": 0
        }
      ],
      "records": [
        {
          "raw": {
            "code": "sz.300376",
            "dividAgmPumDate": "2023-05-17",
            "dividCashPsAfterTax": "0.0215932或0.0239924",
            "dividCashPsBeforeTax": "0.023992",
            "dividCashStock": "10派0.239924元（含税，扣税后0.215932或0.239924元）",
            "dividOperateDate": "2023-07-13",
            "dividPayDate": "2023-07-13",
            "dividPlanAnnounceDate": "2023-04-27",
            "dividPlanDate": "2023-07-05",
            "dividPreNoticeDate": "",
            "dividRegistDate": "2023-07-12",
            "dividReserveToStockPs": "",
            "dividStockMarketDate": "",
            "dividStocksPs": "0.000000"
          },
          "source": {
            "requestId": "request-5b33e0a08c2a44979bda62ccda490659",
            "rawSha256": "14c5c1f23c4fad2c5e507a2d787b178468ca5ffe1f83bd7e4250b5cee3cc5235",
            "rowIndex": 0
          }
        }
      ]
    },
    {
      "code": "sz.300376",
      "exDate": "2025-07-14",
      "sourceRows": 1,
      "ledgerReady": false,
      "investorTaxVerified": false,
      "state": "unresolved",
      "reason": "numeric_plan_conflict:dividCashPsBeforeTax",
      "sources": [
        {
          "requestId": "request-c0fc8ce6b8f141fe90ee68b34e5e6bbe",
          "rawSha256": "7a54964f209d80e6dd01c4b0cf34810992852c71cbb7c4416152aba04ae012df",
          "rowIndex": 0
        }
      ],
      "records": [
        {
          "raw": {
            "code": "sz.300376",
            "dividAgmPumDate": "2025-05-20",
            "dividCashPsAfterTax": "0.0189591或0.0210657",
            "dividCashPsBeforeTax": "0.021066",
            "dividCashStock": "10派0.210657元（含税，扣税后0.189591或0.210657元）",
            "dividOperateDate": "2025-07-14",
            "dividPayDate": "2025-07-14",
            "dividPlanAnnounceDate": "2025-04-29",
            "dividPlanDate": "2025-07-07",
            "dividPreNoticeDate": "",
            "dividRegistDate": "2025-07-11",
            "dividReserveToStockPs": "",
            "dividStockMarketDate": "",
            "dividStocksPs": "0.000000"
          },
          "source": {
            "requestId": "request-c0fc8ce6b8f141fe90ee68b34e5e6bbe",
            "rawSha256": "7a54964f209d80e6dd01c4b0cf34810992852c71cbb7c4416152aba04ae012df",
            "rowIndex": 0
          }
        }
      ]
    },
    {
      "code": "sz.300378",
      "exDate": "2021-06-08",
      "sourceRows": 1,
      "ledgerReady": false,
      "investorTaxVerified": false,
      "state": "unresolved",
      "reason": "numeric_plan_conflict:dividCashPsBeforeTax",
      "sources": [
        {
          "requestId": "request-f598ac3bb16c4374bab76b522f1cbe8f",
          "rawSha256": "ea70cd19dde6eb3b265e2b6a793bca3f07630b20208c9dfd66b0604816e0cd6b",
          "rowIndex": 0
        }
      ],
      "records": [
        {
          "raw": {
            "code": "sz.300378",
            "dividAgmPumDate": "2021-04-28",
            "dividCashPsAfterTax": "0.0899974或0.0999971",
            "dividCashPsBeforeTax": "0.099997",
            "dividCashStock": "10派0.999971元（含税，扣税后0.899974或0.999971元）",
            "dividOperateDate": "2021-06-08",
            "dividPayDate": "2021-06-08",
            "dividPlanAnnounceDate": "2021-03-31",
            "dividPlanDate": "2021-06-02",
            "dividPreNoticeDate": "",
            "dividRegistDate": "2021-06-07",
            "dividReserveToStockPs": "",
            "dividStockMarketDate": "",
            "dividStocksPs": "0.000000"
          },
          "source": {
            "requestId": "request-f598ac3bb16c4374bab76b522f1cbe8f",
            "rawSha256": "ea70cd19dde6eb3b265e2b6a793bca3f07630b20208c9dfd66b0604816e0cd6b",
            "rowIndex": 0
          }
        }
      ]
    },
    {
      "code": "sz.300378",
      "exDate": "2023-07-07",
      "sourceRows": 1,
      "ledgerReady": false,
      "investorTaxVerified": false,
      "state": "unresolved",
      "reason": "numeric_plan_conflict:dividCashPsBeforeTax",
      "sources": [
        {
          "requestId": "request-54c3277fbf23457b92bc9c5a518327da",
          "rawSha256": "47f68759ce46bdae6af725a5cba640af52da22cc0b863d51ed9bf2345089a24e",
          "rowIndex": 0
        }
      ],
      "records": [
        {
          "raw": {
            "code": "sz.300378",
            "dividAgmPumDate": "2023-05-19",
            "dividCashPsAfterTax": "0.0892466或0.0991629",
            "dividCashPsBeforeTax": "0.099163",
            "dividCashStock": "10派0.991629元（含税，扣税后0.892466或0.991629元）",
            "dividOperateDate": "2023-07-07",
            "dividPayDate": "2023-07-07",
            "dividPlanAnnounceDate": "2023-04-27",
            "dividPlanDate": "2023-06-30",
            "dividPreNoticeDate": "",
            "dividRegistDate": "2023-07-06",
            "dividReserveToStockPs": "",
            "dividStockMarketDate": "",
            "dividStocksPs": "0.000000"
          },
          "source": {
            "requestId": "request-54c3277fbf23457b92bc9c5a518327da",
            "rawSha256": "47f68759ce46bdae6af725a5cba640af52da22cc0b863d51ed9bf2345089a24e",
            "rowIndex": 0
          }
        }
      ]
    },
    {
      "code": "sz.300406",
      "exDate": "2021-05-27",
      "sourceRows": 1,
      "ledgerReady": false,
      "investorTaxVerified": false,
      "state": "unresolved",
      "reason": "numeric_plan_conflict:dividCashPsBeforeTax",
      "sources": [
        {
          "requestId": "request-88b050b9f09f492baaeb2076e9caebaa",
          "rawSha256": "c4f7d6fe79a8aa17ffa3d2239df0cb185a6798e145bd1f832da2319fb63af5fa",
          "rowIndex": 0
        }
      ],
      "records": [
        {
          "raw": {
            "code": "sz.300406",
            "dividAgmPumDate": "2021-05-10",
            "dividCashPsAfterTax": "0.0894077或0.0993419",
            "dividCashPsBeforeTax": "0.099342",
            "dividCashStock": "10派0.993419元（含税，扣税后0.894077或0.993419元）",
            "dividOperateDate": "2021-05-27",
            "dividPayDate": "2021-05-27",
            "dividPlanAnnounceDate": "2021-04-20",
            "dividPlanDate": "2021-05-20",
            "dividPreNoticeDate": "",
            "dividRegistDate": "2021-05-26",
            "dividReserveToStockPs": "",
            "dividStockMarketDate": "",
            "dividStocksPs": "0.000000"
          },
          "source": {
            "requestId": "request-88b050b9f09f492baaeb2076e9caebaa",
            "rawSha256": "c4f7d6fe79a8aa17ffa3d2239df0cb185a6798e145bd1f832da2319fb63af5fa",
            "rowIndex": 0
          }
        }
      ]
    },
    {
      "code": "sz.300407",
      "exDate": "2021-06-03",
      "sourceRows": 1,
      "ledgerReady": false,
      "investorTaxVerified": false,
      "state": "unresolved",
      "reason": "numeric_plan_conflict:dividCashPsBeforeTax",
      "sources": [
        {
          "requestId": "request-a8535e1ef37d4426b668b5160719e647",
          "rawSha256": "d42a6e46986b1217ae5773307e75324eb69a6a4c2f34d997a3c3c7a877d49016",
          "rowIndex": 0
        }
      ],
      "records": [
        {
          "raw": {
            "code": "sz.300407",
            "dividAgmPumDate": "2021-05-18",
            "dividCashPsAfterTax": "0.0589983或0.0655537",
            "dividCashPsBeforeTax": "0.065554",
            "dividCashStock": "10派0.655537元（含税，扣税后0.589983或0.655537元）",
            "dividOperateDate": "2021-06-03",
            "dividPayDate": "2021-06-03",
            "dividPlanAnnounceDate": "2021-04-27",
            "dividPlanDate": "2021-05-26",
            "dividPreNoticeDate": "",
            "dividRegistDate": "2021-06-02",
            "dividReserveToStockPs": "",
            "dividStockMarketDate": "",
            "dividStocksPs": "0.000000"
          },
          "source": {
            "requestId": "request-a8535e1ef37d4426b668b5160719e647",
            "rawSha256": "d42a6e46986b1217ae5773307e75324eb69a6a4c2f34d997a3c3c7a877d49016",
            "rowIndex": 0
          }
        }
      ]
    },
    {
      "code": "sz.300409",
      "exDate": "2024-05-28",
      "sourceRows": 1,
      "ledgerReady": false,
      "investorTaxVerified": false,
      "state": "unresolved",
      "reason": "numeric_plan_conflict:dividCashPsBeforeTax",
      "sources": [
        {
          "requestId": "request-78ac1e63450f43fc8564c27bc2a737e8",
          "rawSha256": "be00d6559f9f6c829043610c42a65dee90ce7f137e2531351104a472713c9f4d",
          "rowIndex": 0
        }
      ],
      "records": [
        {
          "raw": {
            "code": "sz.300409",
            "dividAgmPumDate": "2024-05-16",
            "dividCashPsAfterTax": "0.1801011或0.2001123",
            "dividCashPsBeforeTax": "0.200112",
            "dividCashStock": "10派2.001123元（含税，扣税后1.801011或2.001123元）",
            "dividOperateDate": "2024-05-28",
            "dividPayDate": "2024-05-28",
            "dividPlanAnnounceDate": "2024-04-25",
            "dividPlanDate": "2024-05-21",
            "dividPreNoticeDate": "",
            "dividRegistDate": "2024-05-27",
            "dividReserveToStockPs": "",
            "dividStockMarketDate": "",
            "dividStocksPs": "0.000000"
          },
          "source": {
            "requestId": "request-78ac1e63450f43fc8564c27bc2a737e8",
            "rawSha256": "be00d6559f9f6c829043610c42a65dee90ce7f137e2531351104a472713c9f4d",
            "rowIndex": 0
          }
        }
      ]
    },
    {
      "code": "sz.300409",
      "exDate": "2024-09-27",
      "sourceRows": 1,
      "ledgerReady": false,
      "investorTaxVerified": false,
      "state": "unresolved",
      "reason": "numeric_plan_conflict:dividCashPsBeforeTax",
      "sources": [
        {
          "requestId": "request-78ac1e63450f43fc8564c27bc2a737e8",
          "rawSha256": "be00d6559f9f6c829043610c42a65dee90ce7f137e2531351104a472713c9f4d",
          "rowIndex": 1
        }
      ],
      "records": [
        {
          "raw": {
            "code": "sz.300409",
            "dividAgmPumDate": "2024-09-13",
            "dividCashPsAfterTax": "0.1619999或0.1799999",
            "dividCashPsBeforeTax": "0.18",
            "dividCashStock": "10派1.799999元（含税，扣税后1.619999或1.799999元）",
            "dividOperateDate": "2024-09-27",
            "dividPayDate": "2024-09-27",
            "dividPlanAnnounceDate": "2024-08-28",
            "dividPlanDate": "2024-09-21",
            "dividPreNoticeDate": "",
            "dividRegistDate": "2024-09-26",
            "dividReserveToStockPs": "",
            "dividStockMarketDate": "",
            "dividStocksPs": "0.000000"
          },
          "source": {
            "requestId": "request-78ac1e63450f43fc8564c27bc2a737e8",
            "rawSha256": "be00d6559f9f6c829043610c42a65dee90ce7f137e2531351104a472713c9f4d",
            "rowIndex": 1
          }
        }
      ]
    },
    {
      "code": "sz.300414",
      "exDate": "2021-06-21",
      "sourceRows": 1,
      "ledgerReady": false,
      "investorTaxVerified": false,
      "state": "unresolved",
      "reason": "numeric_plan_conflict:dividCashPsBeforeTax",
      "sources": [
        {
          "requestId": "request-17bb070f8f6c44d48cbf7ed81861dbc4",
          "rawSha256": "dd811897f3bc8f7d03a1999535252cf1125271a525f8f8b2e09b90d0cb26db5e",
          "rowIndex": 0
        }
      ],
      "records": [
        {
          "raw": {
            "code": "sz.300414",
            "dividAgmPumDate": "2021-04-21",
            "dividCashPsAfterTax": "0.0134806或0.0149785",
            "dividCashPsBeforeTax": "0.014979",
            "dividCashStock": "10派0.149785元（含税，扣税后0.134806或0.149785元）",
            "dividOperateDate": "2021-06-21",
            "dividPayDate": "2021-06-21",
            "dividPlanAnnounceDate": "2021-03-30",
            "dividPlanDate": "2021-06-10",
            "dividPreNoticeDate": "",
            "dividRegistDate": "2021-06-18",
            "dividReserveToStockPs": "",
            "dividStockMarketDate": "",
            "dividStocksPs": "0.000000"
          },
          "source": {
            "requestId": "request-17bb070f8f6c44d48cbf7ed81861dbc4",
            "rawSha256": "dd811897f3bc8f7d03a1999535252cf1125271a525f8f8b2e09b90d0cb26db5e",
            "rowIndex": 0
          }
        }
      ]
    },
    {
      "code": "sz.300418",
      "exDate": "2021-07-09",
      "sourceRows": 1,
      "ledgerReady": false,
      "investorTaxVerified": false,
      "state": "unresolved",
      "reason": "numeric_plan_conflict:dividCashPsBeforeTax",
      "sources": [
        {
          "requestId": "request-caa2558e12c84605b91b5a737d1d4f4e",
          "rawSha256": "c012cc9aa6239c4c77edb24817ee4c2f5cc1c13c9aeaa4fdd3bc27cafa691228",
          "rowIndex": 0
        }
      ],
      "records": [
        {
          "raw": {
            "code": "sz.300418",
            "dividAgmPumDate": "2021-05-19",
            "dividCashPsAfterTax": "0.1559863或0.1733181",
            "dividCashPsBeforeTax": "0.173318",
            "dividCashStock": "10派1.733181元（含税，扣税后1.559863或1.733181元）",
            "dividOperateDate": "2021-07-09",
            "dividPayDate": "2021-07-09",
            "dividPlanAnnounceDate": "2021-04-28",
            "dividPlanDate": "2021-07-02",
            "dividPreNoticeDate": "",
            "dividRegistDate": "2021-07-08",
            "dividReserveToStockPs": "",
            "dividStockMarketDate": "",
            "dividStocksPs": "0.000000"
          },
          "source": {
            "requestId": "request-caa2558e12c84605b91b5a737d1d4f4e",
            "rawSha256": "c012cc9aa6239c4c77edb24817ee4c2f5cc1c13c9aeaa4fdd3bc27cafa691228",
            "rowIndex": 0
          }
        }
      ]
    },
    {
      "code": "sz.300418",
      "exDate": "2022-07-14",
      "sourceRows": 1,
      "ledgerReady": false,
      "investorTaxVerified": false,
      "state": "unresolved",
      "reason": "numeric_plan_conflict:dividCashPsBeforeTax",
      "sources": [
        {
          "requestId": "request-e8a3b30f7fce42f1889a3fc437fb2043",
          "rawSha256": "4177d8ecbe590bdac5e5d6edbba2bd5723c1b12144bcb51125d0d08e18cc2511",
          "rowIndex": 0
        }
      ],
      "records": [
        {
          "raw": {
            "code": "sz.300418",
            "dividAgmPumDate": "2022-05-19",
            "dividCashPsAfterTax": "0.0593018或0.0658909",
            "dividCashPsBeforeTax": "0.065891",
            "dividCashStock": "10派0.658909元（含税，扣税后0.593018或0.658909元）",
            "dividOperateDate": "2022-07-14",
            "dividPayDate": "2022-07-14",
            "dividPlanAnnounceDate": "2022-04-28",
            "dividPlanDate": "2022-07-08",
            "dividPreNoticeDate": "",
            "dividRegistDate": "2022-07-13",
            "dividReserveToStockPs": "",
            "dividStockMarketDate": "",
            "dividStocksPs": "0.000000"
          },
          "source": {
            "requestId": "request-e8a3b30f7fce42f1889a3fc437fb2043",
            "rawSha256": "4177d8ecbe590bdac5e5d6edbba2bd5723c1b12144bcb51125d0d08e18cc2511",
            "rowIndex": 0
          }
        }
      ]
    },
    {
      "code": "sz.300418",
      "exDate": "2024-06-28",
      "sourceRows": 1,
      "ledgerReady": false,
      "investorTaxVerified": false,
      "state": "unresolved",
      "reason": "numeric_plan_conflict:dividCashPsBeforeTax",
      "sources": [
        {
          "requestId": "request-5beacb2a14f249f0aaf4c2735e58c9aa",
          "rawSha256": "856423fe3aeba1bfe022b0a1d713d5afa4a472eca036e774e9a39fabe6bba13a",
          "rowIndex": 0
        }
      ],
      "records": [
        {
          "raw": {
            "code": "sz.300418",
            "dividAgmPumDate": "2024-05-15",
            "dividCashPsAfterTax": "0.0443974或0.0493305",
            "dividCashPsBeforeTax": "0.04933",
            "dividCashStock": "10派0.493305元（含税，扣税后0.443974或0.493305元）",
            "dividOperateDate": "2024-06-28",
            "dividPayDate": "2024-06-28",
            "dividPlanAnnounceDate": "2024-04-24",
            "dividPlanDate": "2024-06-20",
            "dividPreNoticeDate": "",
            "dividRegistDate": "2024-06-27",
            "dividReserveToStockPs": "",
            "dividStockMarketDate": "",
            "dividStocksPs": "0.000000"
          },
          "source": {
            "requestId": "request-5beacb2a14f249f0aaf4c2735e58c9aa",
            "rawSha256": "856423fe3aeba1bfe022b0a1d713d5afa4a472eca036e774e9a39fabe6bba13a",
            "rowIndex": 0
          }
        }
      ]
    },
    {
      "code": "sz.300420",
      "exDate": "2024-05-31",
      "sourceRows": 1,
      "ledgerReady": false,
      "investorTaxVerified": false,
      "state": "unresolved",
      "reason": "numeric_plan_conflict:dividCashPsBeforeTax",
      "sources": [
        {
          "requestId": "request-d702c7d3164744629c13e68d545ca6bc",
          "rawSha256": "eff12889187981ab2d13e779895c147e835c36fa8a4048f73b2b3d5860306e16",
          "rowIndex": 0
        }
      ],
      "records": [
        {
          "raw": {
            "code": "sz.300420",
            "dividAgmPumDate": "2024-05-17",
            "dividCashPsAfterTax": "0.0135132或0.0150147",
            "dividCashPsBeforeTax": "0.015015",
            "dividCashStock": "10派0.150147元（含税，扣税后0.135132或0.150147元）",
            "dividOperateDate": "2024-05-31",
            "dividPayDate": "2024-05-31",
            "dividPlanAnnounceDate": "2024-04-25",
            "dividPlanDate": "2024-05-24",
            "dividPreNoticeDate": "",
            "dividRegistDate": "2024-05-30",
            "dividReserveToStockPs": "",
            "dividStockMarketDate": "",
            "dividStocksPs": "0.000000"
          },
          "source": {
            "requestId": "request-d702c7d3164744629c13e68d545ca6bc",
            "rawSha256": "eff12889187981ab2d13e779895c147e835c36fa8a4048f73b2b3d5860306e16",
            "rowIndex": 0
          }
        }
      ]
    },
    {
      "code": "sz.300425",
      "exDate": "2024-07-26",
      "sourceRows": 1,
      "ledgerReady": false,
      "investorTaxVerified": false,
      "state": "unresolved",
      "reason": "numeric_plan_conflict:dividCashPsBeforeTax",
      "sources": [
        {
          "requestId": "request-53353461641445df8d58efd1569e2c9f",
          "rawSha256": "6e5f248b0a38f14ffe8be69dfd8fbbdc35b9d1c71aa702f02243e83123bd6789",
          "rowIndex": 0
        }
      ],
      "records": [
        {
          "raw": {
            "code": "sz.300425",
            "dividAgmPumDate": "2024-06-14",
            "dividCashPsAfterTax": "0.0446057或0.0495619",
            "dividCashPsBeforeTax": "0.049562",
            "dividCashStock": "10派0.495619元（含税，扣税后0.446057或0.495619元）",
            "dividOperateDate": "2024-07-26",
            "dividPayDate": "2024-07-26",
            "dividPlanAnnounceDate": "2024-04-25",
            "dividPlanDate": "2024-07-18",
            "dividPreNoticeDate": "",
            "dividRegistDate": "2024-07-25",
            "dividReserveToStockPs": "",
            "dividStockMarketDate": "",
            "dividStocksPs": "0.000000"
          },
          "source": {
            "requestId": "request-53353461641445df8d58efd1569e2c9f",
            "rawSha256": "6e5f248b0a38f14ffe8be69dfd8fbbdc35b9d1c71aa702f02243e83123bd6789",
            "rowIndex": 0
          }
        }
      ]
    },
    {
      "code": "sz.300427",
      "exDate": "2021-05-26",
      "sourceRows": 1,
      "ledgerReady": false,
      "investorTaxVerified": false,
      "state": "unresolved",
      "reason": "numeric_plan_conflict:dividCashPsBeforeTax",
      "sources": [
        {
          "requestId": "request-c55763c3256346d888fd5c3d53292d30",
          "rawSha256": "a00f288c5f3502e6d93544f75e35d52a4fe73fc6d9b5c9b660b7529433db7018",
          "rowIndex": 0
        }
      ],
      "records": [
        {
          "raw": {
            "code": "sz.300427",
            "dividAgmPumDate": "2021-05-14",
            "dividCashPsAfterTax": "0.1169999或0.1299999",
            "dividCashPsBeforeTax": "0.13",
            "dividCashStock": "10派1.299999元（含税，扣税后1.169999或1.299999元）",
            "dividOperateDate": "2021-05-26",
            "dividPayDate": "2021-05-26",
            "dividPlanAnnounceDate": "2021-04-23",
            "dividPlanDate": "2021-05-19",
            "dividPreNoticeDate": "",
            "dividRegistDate": "2021-05-25",
            "dividReserveToStockPs": "",
            "dividStockMarketDate": "",
            "dividStocksPs": "0.000000"
          },
          "source": {
            "requestId": "request-c55763c3256346d888fd5c3d53292d30",
            "rawSha256": "a00f288c5f3502e6d93544f75e35d52a4fe73fc6d9b5c9b660b7529433db7018",
            "rowIndex": 0
          }
        }
      ]
    },
    {
      "code": "sz.300428",
      "exDate": "2024-06-05",
      "sourceRows": 1,
      "ledgerReady": false,
      "investorTaxVerified": false,
      "state": "unresolved",
      "reason": "numeric_plan_conflict:dividCashPsBeforeTax",
      "sources": [
        {
          "requestId": "request-e131d5ad53c34fed918cb3be544ba83d",
          "rawSha256": "77655057026917bd8fa05cfe3801f88e8dcfad0419ee49f266195ad9950da2cc",
          "rowIndex": 0
        }
      ],
      "records": [
        {
          "raw": {
            "code": "sz.300428",
            "dividAgmPumDate": "2024-05-15",
            "dividCashPsAfterTax": "0.1068577或0.1187308",
            "dividCashPsBeforeTax": "0.118731",
            "dividCashStock": "10派1.187308元（含税，扣税后1.068577或1.187308元）",
            "dividOperateDate": "2024-06-05",
            "dividPayDate": "2024-06-05",
            "dividPlanAnnounceDate": "2024-04-25",
            "dividPlanDate": "2024-05-30",
            "dividPreNoticeDate": "",
            "dividRegistDate": "2024-06-04",
            "dividReserveToStockPs": "",
            "dividStockMarketDate": "",
            "dividStocksPs": "0.000000"
          },
          "source": {
            "requestId": "request-e131d5ad53c34fed918cb3be544ba83d",
            "rawSha256": "77655057026917bd8fa05cfe3801f88e8dcfad0419ee49f266195ad9950da2cc",
            "rowIndex": 0
          }
        }
      ]
    },
    {
      "code": "sz.300429",
      "exDate": "2021-06-10",
      "sourceRows": 1,
      "ledgerReady": false,
      "investorTaxVerified": false,
      "state": "unresolved",
      "reason": "numeric_plan_conflict:dividCashPsBeforeTax",
      "sources": [
        {
          "requestId": "request-d5457b2133254a889f62b289b1c44668",
          "rawSha256": "6d825271135859eb679de68d639414fa3a1224d6066e9d892ba96e82dff6a9c6",
          "rowIndex": 0
        }
      ],
      "records": [
        {
          "raw": {
            "code": "sz.300429",
            "dividAgmPumDate": "2021-05-20",
            "dividCashPsAfterTax": "0.0359998或0.0399998",
            "dividCashPsBeforeTax": "0.04",
            "dividCashStock": "10派0.399998元（含税，扣税后0.359998或0.399998元）",
            "dividOperateDate": "2021-06-10",
            "dividPayDate": "2021-06-10",
            "dividPlanAnnounceDate": "2021-04-28",
            "dividPlanDate": "2021-06-03",
            "dividPreNoticeDate": "",
            "dividRegistDate": "2021-06-09",
            "dividReserveToStockPs": "",
            "dividStockMarketDate": "",
            "dividStocksPs": "0.000000"
          },
          "source": {
            "requestId": "request-d5457b2133254a889f62b289b1c44668",
            "rawSha256": "6d825271135859eb679de68d639414fa3a1224d6066e9d892ba96e82dff6a9c6",
            "rowIndex": 0
          }
        }
      ]
    },
    {
      "code": "sz.300430",
      "exDate": "2024-07-09",
      "sourceRows": 1,
      "ledgerReady": false,
      "investorTaxVerified": false,
      "state": "unresolved",
      "reason": "numeric_plan_conflict:dividCashPsBeforeTax",
      "sources": [
        {
          "requestId": "request-2989749bd2d849c99b5411fec0034e8e",
          "rawSha256": "d8710ec7aff78006101f9e4ae449dc3fd060b2c2511011c62d219ab30acf13bb",
          "rowIndex": 0
        }
      ],
      "records": [
        {
          "raw": {
            "code": "sz.300430",
            "dividAgmPumDate": "2024-05-14",
            "dividCashPsAfterTax": "0.0495247或0.0550275",
            "dividCashPsBeforeTax": "0.055027",
            "dividCashStock": "10派0.550275元（含税，扣税后0.495247或0.550275元）",
            "dividOperateDate": "2024-07-09",
            "dividPayDate": "2024-07-09",
            "dividPlanAnnounceDate": "2024-04-22",
            "dividPlanDate": "2024-07-02",
            "dividPreNoticeDate": "",
            "dividRegistDate": "2024-07-08",
            "dividReserveToStockPs": "",
            "dividStockMarketDate": "",
            "dividStocksPs": "0.000000"
          },
          "source": {
            "requestId": "request-2989749bd2d849c99b5411fec0034e8e",
            "rawSha256": "d8710ec7aff78006101f9e4ae449dc3fd060b2c2511011c62d219ab30acf13bb",
            "rowIndex": 0
          }
        }
      ]
    },
    {
      "code": "sz.300438",
      "exDate": "2021-06-02",
      "sourceRows": 1,
      "ledgerReady": false,
      "investorTaxVerified": false,
      "state": "unresolved",
      "reason": "numeric_plan_conflict:dividCashPsBeforeTax",
      "sources": [
        {
          "requestId": "request-25aa46bacc1b407faa54893dcf73e20d",
          "rawSha256": "07a6946537b36dca8093e35c1f2d40a40da48cd2a07c5f59249c9cdd64309cbc",
          "rowIndex": 0
        }
      ],
      "records": [
        {
          "raw": {
            "code": "sz.300438",
            "dividAgmPumDate": "2021-05-20",
            "dividCashPsAfterTax": "0.0899988或0.0999987",
            "dividCashPsBeforeTax": "0.099999",
            "dividCashStock": "10派0.999987元（含税，扣税后0.899988或0.999987元）",
            "dividOperateDate": "2021-06-02",
            "dividPayDate": "2021-06-02",
            "dividPlanAnnounceDate": "2021-04-28",
            "dividPlanDate": "2021-05-25",
            "dividPreNoticeDate": "",
            "dividRegistDate": "2021-06-01",
            "dividReserveToStockPs": "",
            "dividStockMarketDate": "",
            "dividStocksPs": "0.000000"
          },
          "source": {
            "requestId": "request-25aa46bacc1b407faa54893dcf73e20d",
            "rawSha256": "07a6946537b36dca8093e35c1f2d40a40da48cd2a07c5f59249c9cdd64309cbc",
            "rowIndex": 0
          }
        }
      ]
    },
    {
      "code": "sz.300439",
      "exDate": "2021-07-05",
      "sourceRows": 2,
      "ledgerReady": false,
      "investorTaxVerified": false,
      "state": "unresolved",
      "reason": "numeric_plan_conflict:dividCashPsBeforeTax",
      "sources": [
        {
          "requestId": "request-dcbb6ddac8bb460191cf770300db7804",
          "rawSha256": "9997cddb6d84b2749c063636561971ecbaec998da325f9548d82f0e16e47f9e0",
          "rowIndex": 0
        },
        {
          "requestId": "request-dcbb6ddac8bb460191cf770300db7804",
          "rawSha256": "9997cddb6d84b2749c063636561971ecbaec998da325f9548d82f0e16e47f9e0",
          "rowIndex": 1
        }
      ],
      "records": [
        {
          "raw": {
            "code": "sz.300439",
            "dividAgmPumDate": "2021-05-22",
            "dividCashPsAfterTax": "0.1410509或0.1567232",
            "dividCashPsBeforeTax": "0.156723",
            "dividCashStock": "10派1.567232元（含税，扣税后1.410509或1.567232元）",
            "dividOperateDate": "2021-07-05",
            "dividPayDate": "2021-07-05",
            "dividPlanAnnounceDate": "2021-04-27",
            "dividPlanDate": "2021-06-26",
            "dividPreNoticeDate": "",
            "dividRegistDate": "2021-07-02",
            "dividReserveToStockPs": "",
            "dividStockMarketDate": "",
            "dividStocksPs": "0.000000"
          },
          "source": {
            "requestId": "request-dcbb6ddac8bb460191cf770300db7804",
            "rawSha256": "9997cddb6d84b2749c063636561971ecbaec998da325f9548d82f0e16e47f9e0",
            "rowIndex": 0
          }
        },
        {
          "raw": {
            "code": "sz.300439",
            "dividAgmPumDate": "2021-05-22",
            "dividCashPsAfterTax": "",
            "dividCashPsBeforeTax": "",
            "dividCashStock": "10派1.567232元（含税，扣税后1.410509或1.567232元）",
            "dividOperateDate": "2021-07-05",
            "dividPayDate": "2021-07-05",
            "dividPlanAnnounceDate": "2021-04-27",
            "dividPlanDate": "2021-06-26",
            "dividPreNoticeDate": "",
            "dividRegistDate": "2021-07-02",
            "dividReserveToStockPs": "",
            "dividStockMarketDate": "",
            "dividStocksPs": "0.000000"
          },
          "source": {
            "requestId": "request-dcbb6ddac8bb460191cf770300db7804",
            "rawSha256": "9997cddb6d84b2749c063636561971ecbaec998da325f9548d82f0e16e47f9e0",
            "rowIndex": 1
          }
        }
      ]
    },
    {
      "code": "sz.300439",
      "exDate": "2025-06-23",
      "sourceRows": 1,
      "ledgerReady": false,
      "investorTaxVerified": false,
      "state": "unresolved",
      "reason": "numeric_plan_conflict:dividCashPsBeforeTax",
      "sources": [
        {
          "requestId": "request-fdb95f0489f0447289272585fdcbbe66",
          "rawSha256": "99c9e43e381b0e122d793990cc560d728a8b637650c4521b2860738e636358b0",
          "rowIndex": 0
        }
      ],
      "records": [
        {
          "raw": {
            "code": "sz.300439",
            "dividAgmPumDate": "2025-05-24",
            "dividCashPsAfterTax": "0.1213833或0.1348703",
            "dividCashPsBeforeTax": "0.13487",
            "dividCashStock": "10派1.348703元（含税，扣税后1.213833或1.348703元）",
            "dividOperateDate": "2025-06-23",
            "dividPayDate": "2025-06-23",
            "dividPlanAnnounceDate": "2025-04-19",
            "dividPlanDate": "2025-06-16",
            "dividPreNoticeDate": "",
            "dividRegistDate": "2025-06-20",
            "dividReserveToStockPs": "",
            "dividStockMarketDate": "",
            "dividStocksPs": "0.000000"
          },
          "source": {
            "requestId": "request-fdb95f0489f0447289272585fdcbbe66",
            "rawSha256": "99c9e43e381b0e122d793990cc560d728a8b637650c4521b2860738e636358b0",
            "rowIndex": 0
          }
        }
      ]
    },
    {
      "code": "sz.300440",
      "exDate": "2022-05-27",
      "sourceRows": 1,
      "ledgerReady": false,
      "investorTaxVerified": false,
      "state": "unresolved",
      "reason": "numeric_plan_conflict:dividCashPsBeforeTax",
      "sources": [
        {
          "requestId": "request-d7d533c4e6444aa1857cf1fe654e82cc",
          "rawSha256": "dec6a7adf6b0657d0c9dddf6dca60114516125d710f3a625c562208853fa3239",
          "rowIndex": 0
        }
      ],
      "records": [
        {
          "raw": {
            "code": "sz.300440",
            "dividAgmPumDate": "2022-05-17",
            "dividCashPsAfterTax": "0.0354517或0.0393908",
            "dividCashPsBeforeTax": "0.039391",
            "dividCashStock": "10派0.393908元（含税，扣税后0.354517或0.393908元）",
            "dividOperateDate": "2022-05-27",
            "dividPayDate": "2022-05-27",
            "dividPlanAnnounceDate": "2022-04-26",
            "dividPlanDate": "2022-05-21",
            "dividPreNoticeDate": "",
            "dividRegistDate": "2022-05-26",
            "dividReserveToStockPs": "",
            "dividStockMarketDate": "",
            "dividStocksPs": "0.000000"
          },
          "source": {
            "requestId": "request-d7d533c4e6444aa1857cf1fe654e82cc",
            "rawSha256": "dec6a7adf6b0657d0c9dddf6dca60114516125d710f3a625c562208853fa3239",
            "rowIndex": 0
          }
        }
      ]
    },
    {
      "code": "sz.300445",
      "exDate": "2021-06-25",
      "sourceRows": 1,
      "ledgerReady": false,
      "investorTaxVerified": false,
      "state": "unresolved",
      "reason": "numeric_plan_conflict:dividCashPsBeforeTax",
      "sources": [
        {
          "requestId": "request-e1f45b6f29af47379adf67c80b434910",
          "rawSha256": "5c35bf3066d3a8cc1736f8f6ae86697cfece2d9470f1c89570c1dba14ec3c202",
          "rowIndex": 0
        }
      ],
      "records": [
        {
          "raw": {
            "code": "sz.300445",
            "dividAgmPumDate": "2021-05-08",
            "dividCashPsAfterTax": "0.0455761或0.0506401",
            "dividCashPsBeforeTax": "0.05064",
            "dividCashStock": "10派0.506401元（含税，扣税后0.455761或0.506401元）",
            "dividOperateDate": "2021-06-25",
            "dividPayDate": "2021-06-25",
            "dividPlanAnnounceDate": "2021-04-16",
            "dividPlanDate": "2021-06-19",
            "dividPreNoticeDate": "",
            "dividRegistDate": "2021-06-24",
            "dividReserveToStockPs": "",
            "dividStockMarketDate": "",
            "dividStocksPs": "0.000000"
          },
          "source": {
            "requestId": "request-e1f45b6f29af47379adf67c80b434910",
            "rawSha256": "5c35bf3066d3a8cc1736f8f6ae86697cfece2d9470f1c89570c1dba14ec3c202",
            "rowIndex": 0
          }
        }
      ]
    },
    {
      "code": "sz.300453",
      "exDate": "2021-04-29",
      "sourceRows": 2,
      "ledgerReady": false,
      "investorTaxVerified": false,
      "state": "unresolved",
      "reason": "conflicting_field:dividCashPsAfterTax",
      "sources": [
        {
          "requestId": "request-664df1ba67c24617bde70d3521a7db62",
          "rawSha256": "db61c19ab53c7eeb043ec84ffa8ac36aecec214efc709da08fdf4abf407d55ad",
          "rowIndex": 0
        },
        {
          "requestId": "request-664df1ba67c24617bde70d3521a7db62",
          "rawSha256": "db61c19ab53c7eeb043ec84ffa8ac36aecec214efc709da08fdf4abf407d55ad",
          "rowIndex": 1
        }
      ],
      "records": [
        {
          "raw": {
            "code": "sz.300453",
            "dividAgmPumDate": "2021-04-21",
            "dividCashPsAfterTax": "0.18或0.2",
            "dividCashPsBeforeTax": "0.2",
            "dividCashStock": "10转3.5送1.5派2元（含税，扣税后1.8或2元）",
            "dividOperateDate": "2021-04-29",
            "dividPayDate": "2021-04-29",
            "dividPlanAnnounceDate": "2021-03-27",
            "dividPlanDate": "2021-04-22",
            "dividPreNoticeDate": "",
            "dividRegistDate": "2021-04-28",
            "dividReserveToStockPs": "0.350000",
            "dividStockMarketDate": "2021-04-29",
            "dividStocksPs": "0.150000"
          },
          "source": {
            "requestId": "request-664df1ba67c24617bde70d3521a7db62",
            "rawSha256": "db61c19ab53c7eeb043ec84ffa8ac36aecec214efc709da08fdf4abf407d55ad",
            "rowIndex": 0
          }
        },
        {
          "raw": {
            "code": "sz.300453",
            "dividAgmPumDate": "2021-04-21",
            "dividCashPsAfterTax": "0.165或0.2",
            "dividCashPsBeforeTax": "0.2",
            "dividCashStock": "10转3.5送1.5派2元（含税，扣税后1.65或2元）",
            "dividOperateDate": "2021-04-29",
            "dividPayDate": "2021-04-29",
            "dividPlanAnnounceDate": "2021-03-27",
            "dividPlanDate": "2021-04-22",
            "dividPreNoticeDate": "",
            "dividRegistDate": "2021-04-28",
            "dividReserveToStockPs": "0.350000",
            "dividStockMarketDate": "2021-04-29",
            "dividStocksPs": "0.150000"
          },
          "source": {
            "requestId": "request-664df1ba67c24617bde70d3521a7db62",
            "rawSha256": "db61c19ab53c7eeb043ec84ffa8ac36aecec214efc709da08fdf4abf407d55ad",
            "rowIndex": 1
          }
        }
      ]
    },
    {
      "code": "sz.300457",
      "exDate": "2022-08-26",
      "sourceRows": 1,
      "ledgerReady": false,
      "investorTaxVerified": false,
      "state": "unresolved",
      "reason": "numeric_plan_conflict:dividCashPsBeforeTax",
      "sources": [
        {
          "requestId": "request-71bdf26cfa954bec964853dc504541b0",
          "rawSha256": "0c08d51d7fd1cbf7c0cab47fae022f7a5a023cf6ea344112f3b76372e7ab4234",
          "rowIndex": 0
        }
      ],
      "records": [
        {
          "raw": {
            "code": "sz.300457",
            "dividAgmPumDate": "2022-06-28",
            "dividCashPsAfterTax": "0.0901673或0.1001859",
            "dividCashPsBeforeTax": "0.100186",
            "dividCashStock": "10派1.001859元（含税，扣税后0.901673或1.001859元）",
            "dividOperateDate": "2022-08-26",
            "dividPayDate": "2022-08-26",
            "dividPlanAnnounceDate": "2022-03-25",
            "dividPlanDate": "2022-08-18",
            "dividPreNoticeDate": "",
            "dividRegistDate": "2022-08-25",
            "dividReserveToStockPs": "",
            "dividStockMarketDate": "",
            "dividStocksPs": "0.000000"
          },
          "source": {
            "requestId": "request-71bdf26cfa954bec964853dc504541b0",
            "rawSha256": "0c08d51d7fd1cbf7c0cab47fae022f7a5a023cf6ea344112f3b76372e7ab4234",
            "rowIndex": 0
          }
        }
      ]
    },
    {
      "code": "sz.300463",
      "exDate": "2021-06-01",
      "sourceRows": 1,
      "ledgerReady": false,
      "investorTaxVerified": false,
      "state": "unresolved",
      "reason": "numeric_plan_conflict:dividCashPsBeforeTax",
      "sources": [
        {
          "requestId": "request-bc5633ce0d6a4414b612ab2cd545c410",
          "rawSha256": "e8e4558682f846fd5e993147c09da5e1a27dffadaeda92efa2ec806da9af943d",
          "rowIndex": 0
        }
      ],
      "records": [
        {
          "raw": {
            "code": "sz.300463",
            "dividAgmPumDate": "2021-05-19",
            "dividCashPsAfterTax": "0.3877969或0.4308854",
            "dividCashPsBeforeTax": "0.430885",
            "dividCashStock": "10派4.308854元（含税，扣税后3.877969或4.308854元）",
            "dividOperateDate": "2021-06-01",
            "dividPayDate": "2021-06-01",
            "dividPlanAnnounceDate": "2021-04-28",
            "dividPlanDate": "2021-05-26",
            "dividPreNoticeDate": "",
            "dividRegistDate": "2021-05-31",
            "dividReserveToStockPs": "",
            "dividStockMarketDate": "",
            "dividStocksPs": "0.000000"
          },
          "source": {
            "requestId": "request-bc5633ce0d6a4414b612ab2cd545c410",
            "rawSha256": "e8e4558682f846fd5e993147c09da5e1a27dffadaeda92efa2ec806da9af943d",
            "rowIndex": 0
          }
        }
      ]
    },
    {
      "code": "sz.300463",
      "exDate": "2022-05-19",
      "sourceRows": 1,
      "ledgerReady": false,
      "investorTaxVerified": false,
      "state": "unresolved",
      "reason": "numeric_plan_conflict:dividCashPsBeforeTax",
      "sources": [
        {
          "requestId": "request-c35d043ca8f849069c8b1f2340740fcf",
          "rawSha256": "a0df6f459ab75a9fce486ac301ed1ee366a45ff3ca970c556a1f89be72bb8f32",
          "rowIndex": 0
        }
      ],
      "records": [
        {
          "raw": {
            "code": "sz.300463",
            "dividAgmPumDate": "2022-05-11",
            "dividCashPsAfterTax": "0.4238608或0.4709565",
            "dividCashPsBeforeTax": "0.470956",
            "dividCashStock": "10派4.709565元（含税，扣税后4.238608或4.709565元）",
            "dividOperateDate": "2022-05-19",
            "dividPayDate": "2022-05-19",
            "dividPlanAnnounceDate": "2022-04-20",
            "dividPlanDate": "2022-05-13",
            "dividPreNoticeDate": "",
            "dividRegistDate": "2022-05-18",
            "dividReserveToStockPs": "",
            "dividStockMarketDate": "",
            "dividStocksPs": "0.000000"
          },
          "source": {
            "requestId": "request-c35d043ca8f849069c8b1f2340740fcf",
            "rawSha256": "a0df6f459ab75a9fce486ac301ed1ee366a45ff3ca970c556a1f89be72bb8f32",
            "rowIndex": 0
          }
        }
      ]
    },
    {
      "code": "sz.300463",
      "exDate": "2023-05-29",
      "sourceRows": 1,
      "ledgerReady": false,
      "investorTaxVerified": false,
      "state": "unresolved",
      "reason": "numeric_plan_conflict:dividCashPsBeforeTax",
      "sources": [
        {
          "requestId": "request-e247240a1678413cb5e802c6c290dfdc",
          "rawSha256": "b363e16582f987dc26eadc67efee048e4c0a44df5306d45685dc72b912986015",
          "rowIndex": 0
        }
      ],
      "records": [
        {
          "raw": {
            "code": "sz.300463",
            "dividAgmPumDate": "2023-05-16",
            "dividCashPsAfterTax": "0.3142729或0.3491921",
            "dividCashPsBeforeTax": "0.349192",
            "dividCashStock": "10派3.491921元（含税，扣税后3.142729或3.491921元）",
            "dividOperateDate": "2023-05-29",
            "dividPayDate": "2023-05-29",
            "dividPlanAnnounceDate": "2023-04-25",
            "dividPlanDate": "2023-05-23",
            "dividPreNoticeDate": "",
            "dividRegistDate": "2023-05-26",
            "dividReserveToStockPs": "",
            "dividStockMarketDate": "",
            "dividStocksPs": "0.000000"
          },
          "source": {
            "requestId": "request-e247240a1678413cb5e802c6c290dfdc",
            "rawSha256": "b363e16582f987dc26eadc67efee048e4c0a44df5306d45685dc72b912986015",
            "rowIndex": 0
          }
        }
      ]
    },
    {
      "code": "sz.300468",
      "exDate": "2021-05-17",
      "sourceRows": 1,
      "ledgerReady": false,
      "investorTaxVerified": false,
      "state": "unresolved",
      "reason": "numeric_plan_conflict:dividCashPsBeforeTax",
      "sources": [
        {
          "requestId": "request-15d6348a45284204b921ff8b171c6b1c",
          "rawSha256": "fca0762e874c6b29e7614b68f5a9f5e51f66ab1394bfcab57c96bab042293bae",
          "rowIndex": 0
        }
      ],
      "records": [
        {
          "raw": {
            "code": "sz.300468",
            "dividAgmPumDate": "2021-04-30",
            "dividCashPsAfterTax": "0.0900025或0.1000028",
            "dividCashPsBeforeTax": "0.100003",
            "dividCashStock": "10派1.000028元（含税，扣税后0.900025或1.000028元）",
            "dividOperateDate": "2021-05-17",
            "dividPayDate": "2021-05-17",
            "dividPlanAnnounceDate": "2021-04-09",
            "dividPlanDate": "2021-05-11",
            "dividPreNoticeDate": "",
            "dividRegistDate": "2021-05-14",
            "dividReserveToStockPs": "",
            "dividStockMarketDate": "",
            "dividStocksPs": "0.000000"
          },
          "source": {
            "requestId": "request-15d6348a45284204b921ff8b171c6b1c",
            "rawSha256": "fca0762e874c6b29e7614b68f5a9f5e51f66ab1394bfcab57c96bab042293bae",
            "rowIndex": 0
          }
        }
      ]
    },
    {
      "code": "sz.300468",
      "exDate": "2022-05-25",
      "sourceRows": 1,
      "ledgerReady": false,
      "investorTaxVerified": false,
      "state": "unresolved",
      "reason": "numeric_plan_conflict:dividCashPsBeforeTax",
      "sources": [
        {
          "requestId": "request-8a1cfee93db94860a70c88c55ff0fac0",
          "rawSha256": "c6f0d4b5b1f91015fee24f538ef87679b6a5a564f0cc9d070afad72bd110c7c0",
          "rowIndex": 0
        }
      ],
      "records": [
        {
          "raw": {
            "code": "sz.300468",
            "dividAgmPumDate": "2022-05-13",
            "dividCashPsAfterTax": "0.0838645或0.0931828",
            "dividCashPsBeforeTax": "0.093183",
            "dividCashStock": "10转7.454624派0.931828元（含税，扣税后0.838645或0.931828元）",
            "dividOperateDate": "2022-05-25",
            "dividPayDate": "2022-05-25",
            "dividPlanAnnounceDate": "2022-04-22",
            "dividPlanDate": "2022-05-18",
            "dividPreNoticeDate": "",
            "dividRegistDate": "2022-05-24",
            "dividReserveToStockPs": "0.745462",
            "dividStockMarketDate": "2022-05-25",
            "dividStocksPs": "0.000000"
          },
          "source": {
            "requestId": "request-8a1cfee93db94860a70c88c55ff0fac0",
            "rawSha256": "c6f0d4b5b1f91015fee24f538ef87679b6a5a564f0cc9d070afad72bd110c7c0",
            "rowIndex": 0
          }
        }
      ]
    },
    {
      "code": "sz.300476",
      "exDate": "2022-07-15",
      "sourceRows": 1,
      "ledgerReady": false,
      "investorTaxVerified": false,
      "state": "unresolved",
      "reason": "numeric_plan_conflict:dividCashPsBeforeTax",
      "sources": [
        {
          "requestId": "request-1dc6e9656d1b4f4db34ff7529bd4f3ee",
          "rawSha256": "cd4bc85534483daf98423583f9434dee34207ab9def38a7505e04c5ba4e4416b",
          "rowIndex": 0
        }
      ],
      "records": [
        {
          "raw": {
            "code": "sz.300476",
            "dividAgmPumDate": "2022-05-20",
            "dividCashPsAfterTax": "0.1728226或0.1920251",
            "dividCashPsBeforeTax": "0.192025",
            "dividCashStock": "10派1.920251元（含税，扣税后1.728226或1.920251元）",
            "dividOperateDate": "2022-07-15",
            "dividPayDate": "2022-07-15",
            "dividPlanAnnounceDate": "2022-04-28",
            "dividPlanDate": "2022-07-08",
            "dividPreNoticeDate": "",
            "dividRegistDate": "2022-07-14",
            "dividReserveToStockPs": "",
            "dividStockMarketDate": "",
            "dividStocksPs": "0.000000"
          },
          "source": {
            "requestId": "request-1dc6e9656d1b4f4db34ff7529bd4f3ee",
            "rawSha256": "cd4bc85534483daf98423583f9434dee34207ab9def38a7505e04c5ba4e4416b",
            "rowIndex": 0
          }
        }
      ]
    },
    {
      "code": "sz.300476",
      "exDate": "2025-04-30",
      "sourceRows": 1,
      "ledgerReady": false,
      "investorTaxVerified": false,
      "state": "unresolved",
      "reason": "numeric_plan_conflict:dividCashPsBeforeTax",
      "sources": [
        {
          "requestId": "request-519565661c414fda9718a7c9d68d4edf",
          "rawSha256": "b2fe7fde016d5ec7adc8a37ec6b06c6867c1bb04db07b1f55e03d362f0fb2479",
          "rowIndex": 0
        }
      ],
      "records": [
        {
          "raw": {
            "code": "sz.300476",
            "dividAgmPumDate": "2025-04-18",
            "dividCashPsAfterTax": "0.2702974或0.3003304",
            "dividCashPsBeforeTax": "0.30033",
            "dividCashStock": "10派3.003304元（含税，扣税后2.702974或3.003304元）",
            "dividOperateDate": "2025-04-30",
            "dividPayDate": "2025-04-30",
            "dividPlanAnnounceDate": "2025-03-29",
            "dividPlanDate": "2025-04-23",
            "dividPreNoticeDate": "",
            "dividRegistDate": "2025-04-29",
            "dividReserveToStockPs": "",
            "dividStockMarketDate": "",
            "dividStocksPs": "0.000000"
          },
          "source": {
            "requestId": "request-519565661c414fda9718a7c9d68d4edf",
            "rawSha256": "b2fe7fde016d5ec7adc8a37ec6b06c6867c1bb04db07b1f55e03d362f0fb2479",
            "rowIndex": 0
          }
        }
      ]
    },
    {
      "code": "sz.300480",
      "exDate": "2022-05-31",
      "sourceRows": 1,
      "ledgerReady": false,
      "investorTaxVerified": false,
      "state": "unresolved",
      "reason": "numeric_plan_conflict:dividCashPsBeforeTax",
      "sources": [
        {
          "requestId": "request-9c57eacb72be4b1a95457f7ec73379c9",
          "rawSha256": "c7c9d4fd33868306764a14ed5f29e94d310878f3558e720ef09282f152dcb7ee",
          "rowIndex": 0
        }
      ],
      "records": [
        {
          "raw": {
            "code": "sz.300480",
            "dividAgmPumDate": "2022-04-22",
            "dividCashPsAfterTax": "0.089747或0.0997189",
            "dividCashPsBeforeTax": "0.099719",
            "dividCashStock": "10转2.991568派0.997189元（含税，扣税后0.89747或0.997189元）",
            "dividOperateDate": "2022-05-31",
            "dividPayDate": "2022-05-31",
            "dividPlanAnnounceDate": "2022-03-31",
            "dividPlanDate": "2022-05-24",
            "dividPreNoticeDate": "",
            "dividRegistDate": "2022-05-30",
            "dividReserveToStockPs": "0.299157",
            "dividStockMarketDate": "2022-05-31",
            "dividStocksPs": "0.000000"
          },
          "source": {
            "requestId": "request-9c57eacb72be4b1a95457f7ec73379c9",
            "rawSha256": "c7c9d4fd33868306764a14ed5f29e94d310878f3558e720ef09282f152dcb7ee",
            "rowIndex": 0
          }
        }
      ]
    },
    {
      "code": "sz.300480",
      "exDate": "2023-11-06",
      "sourceRows": 1,
      "ledgerReady": false,
      "investorTaxVerified": false,
      "state": "unresolved",
      "reason": "numeric_plan_conflict:dividCashPsBeforeTax",
      "sources": [
        {
          "requestId": "request-5dc0083bb88c44eb9cc1b46f8236ab83",
          "rawSha256": "eebfe6d87e8bbbbf692db290039a6f88b64c21156bff3fa911d058f74cd2fe9e",
          "rowIndex": 0
        }
      ],
      "records": [
        {
          "raw": {
            "code": "sz.300480",
            "dividAgmPumDate": "2023-09-13",
            "dividCashPsAfterTax": "0.1349851或0.1499834",
            "dividCashPsBeforeTax": "0.149983",
            "dividCashStock": "10派1.499834元（含税，扣税后1.349851或1.499834元）",
            "dividOperateDate": "2023-11-06",
            "dividPayDate": "2023-11-06",
            "dividPlanAnnounceDate": "2023-08-26",
            "dividPlanDate": "2023-10-27",
            "dividPreNoticeDate": "",
            "dividRegistDate": "2023-11-03",
            "dividReserveToStockPs": "",
            "dividStockMarketDate": "",
            "dividStocksPs": "0.000000"
          },
          "source": {
            "requestId": "request-5dc0083bb88c44eb9cc1b46f8236ab83",
            "rawSha256": "eebfe6d87e8bbbbf692db290039a6f88b64c21156bff3fa911d058f74cd2fe9e",
            "rowIndex": 0
          }
        }
      ]
    },
    {
      "code": "sz.300486",
      "exDate": "2023-07-14",
      "sourceRows": 1,
      "ledgerReady": false,
      "investorTaxVerified": false,
      "state": "unresolved",
      "reason": "numeric_plan_conflict:dividCashPsBeforeTax",
      "sources": [
        {
          "requestId": "request-ac4ec037c29845c6b542585eff2835e7",
          "rawSha256": "0a0f4c3e35fff06d5172ee104eaf731e1c5337d52436fa3c170f934ccca9d57a",
          "rowIndex": 0
        }
      ],
      "records": [
        {
          "raw": {
            "code": "sz.300486",
            "dividAgmPumDate": "2023-05-17",
            "dividCashPsAfterTax": "0.010778或0.0119756",
            "dividCashPsBeforeTax": "0.011976",
            "dividCashStock": "10派0.119756元（含税，扣税后0.10778或0.119756元）",
            "dividOperateDate": "2023-07-14",
            "dividPayDate": "2023-07-14",
            "dividPlanAnnounceDate": "2023-04-24",
            "dividPlanDate": "2023-07-08",
            "dividPreNoticeDate": "",
            "dividRegistDate": "2023-07-13",
            "dividReserveToStockPs": "",
            "dividStockMarketDate": "",
            "dividStocksPs": "0.000000"
          },
          "source": {
            "requestId": "request-ac4ec037c29845c6b542585eff2835e7",
            "rawSha256": "0a0f4c3e35fff06d5172ee104eaf731e1c5337d52436fa3c170f934ccca9d57a",
            "rowIndex": 0
          }
        }
      ]
    },
    {
      "code": "sz.300502",
      "exDate": "2021-06-08",
      "sourceRows": 1,
      "ledgerReady": false,
      "investorTaxVerified": false,
      "state": "unresolved",
      "reason": "numeric_plan_conflict:dividCashPsBeforeTax",
      "sources": [
        {
          "requestId": "request-ac3e5cbac5124a4ab55cc6d0fd952352",
          "rawSha256": "eb6710fbfafa53b8e75f8237c7a59818b9cc7ec2732d6855c13a6afda78f2f75",
          "rowIndex": 0
        }
      ],
      "records": [
        {
          "raw": {
            "code": "sz.300502",
            "dividAgmPumDate": "2021-05-18",
            "dividCashPsAfterTax": "0.2445374或0.2717082",
            "dividCashPsBeforeTax": "0.271708",
            "dividCashStock": "10转4.002532派2.717082元（含税，扣税后2.445374或2.717082元）",
            "dividOperateDate": "2021-06-08",
            "dividPayDate": "2021-06-08",
            "dividPlanAnnounceDate": "2021-04-23",
            "dividPlanDate": "2021-06-01",
            "dividPreNoticeDate": "",
            "dividRegistDate": "2021-06-07",
            "dividReserveToStockPs": "0.400253",
            "dividStockMarketDate": "2021-06-08",
            "dividStocksPs": "0.000000"
          },
          "source": {
            "requestId": "request-ac3e5cbac5124a4ab55cc6d0fd952352",
            "rawSha256": "eb6710fbfafa53b8e75f8237c7a59818b9cc7ec2732d6855c13a6afda78f2f75",
            "rowIndex": 0
          }
        }
      ]
    },
    {
      "code": "sz.300507",
      "exDate": "2025-06-06",
      "sourceRows": 1,
      "ledgerReady": false,
      "investorTaxVerified": false,
      "state": "unresolved",
      "reason": "numeric_plan_conflict:dividCashPsBeforeTax",
      "sources": [
        {
          "requestId": "request-43e4c21aae324e79ae5a7423d37cd8db",
          "rawSha256": "e6a72fa30d0cc45a5be4a41f8bc54ce392c176d8994e73c4c5abf7e5a82c67e6",
          "rowIndex": 0
        }
      ],
      "records": [
        {
          "raw": {
            "code": "sz.300507",
            "dividAgmPumDate": "2025-05-13",
            "dividCashPsAfterTax": "0.0537235或0.0596928",
            "dividCashPsBeforeTax": "0.059693",
            "dividCashStock": "10派0.596928元（含税，扣税后0.537235或0.596928元）",
            "dividOperateDate": "2025-06-06",
            "dividPayDate": "2025-06-06",
            "dividPlanAnnounceDate": "2025-04-18",
            "dividPlanDate": "2025-05-29",
            "dividPreNoticeDate": "",
            "dividRegistDate": "2025-06-05",
            "dividReserveToStockPs": "",
            "dividStockMarketDate": "",
            "dividStocksPs": "0.000000"
          },
          "source": {
            "requestId": "request-43e4c21aae324e79ae5a7423d37cd8db",
            "rawSha256": "e6a72fa30d0cc45a5be4a41f8bc54ce392c176d8994e73c4c5abf7e5a82c67e6",
            "rowIndex": 0
          }
        }
      ]
    },
    {
      "code": "sz.300508",
      "exDate": "2024-05-24",
      "sourceRows": 1,
      "ledgerReady": false,
      "investorTaxVerified": false,
      "state": "unresolved",
      "reason": "numeric_plan_conflict:dividCashPsBeforeTax",
      "sources": [
        {
          "requestId": "request-d055b944255c4b34bf2bcd95cb7d6add",
          "rawSha256": "afa6da508a28d70c4ca077cb4ced0cf0727ffcf946ce0f48e74588373d072396",
          "rowIndex": 0
        }
      ],
      "records": [
        {
          "raw": {
            "code": "sz.300508",
            "dividAgmPumDate": "2024-04-18",
            "dividCashPsAfterTax": "0.0732838或0.0814264",
            "dividCashPsBeforeTax": "0.081426",
            "dividCashStock": "10派0.814264元（含税，扣税后0.732838或0.814264元）",
            "dividOperateDate": "2024-05-24",
            "dividPayDate": "2024-05-24",
            "dividPlanAnnounceDate": "2024-03-29",
            "dividPlanDate": "2024-05-17",
            "dividPreNoticeDate": "",
            "dividRegistDate": "2024-05-23",
            "dividReserveToStockPs": "",
            "dividStockMarketDate": "",
            "dividStocksPs": "0.000000"
          },
          "source": {
            "requestId": "request-d055b944255c4b34bf2bcd95cb7d6add",
            "rawSha256": "afa6da508a28d70c4ca077cb4ced0cf0727ffcf946ce0f48e74588373d072396",
            "rowIndex": 0
          }
        }
      ]
    },
    {
      "code": "sz.300512",
      "exDate": "2021-07-15",
      "sourceRows": 1,
      "ledgerReady": false,
      "investorTaxVerified": false,
      "state": "unresolved",
      "reason": "numeric_plan_conflict:dividCashPsBeforeTax",
      "sources": [
        {
          "requestId": "request-b9a6ad240d7944fb907cd5ff2ad58565",
          "rawSha256": "485b890e65d3381a1a51b98cb531fe86554b3e589612f26840954c3936a27103",
          "rowIndex": 0
        }
      ],
      "records": [
        {
          "raw": {
            "code": "sz.300512",
            "dividAgmPumDate": "2021-05-19",
            "dividCashPsAfterTax": "0.0360773或0.0400859",
            "dividCashPsBeforeTax": "0.040086",
            "dividCashStock": "10派0.400859元（含税，扣税后0.360773或0.400859元）",
            "dividOperateDate": "2021-07-15",
            "dividPayDate": "2021-07-15",
            "dividPlanAnnounceDate": "2021-04-28",
            "dividPlanDate": "2021-07-07",
            "dividPreNoticeDate": "",
            "dividRegistDate": "2021-07-14",
            "dividReserveToStockPs": "",
            "dividStockMarketDate": "",
            "dividStocksPs": "0.000000"
          },
          "source": {
            "requestId": "request-b9a6ad240d7944fb907cd5ff2ad58565",
            "rawSha256": "485b890e65d3381a1a51b98cb531fe86554b3e589612f26840954c3936a27103",
            "rowIndex": 0
          }
        }
      ]
    },
    {
      "code": "sz.300517",
      "exDate": "2025-05-20",
      "sourceRows": 1,
      "ledgerReady": false,
      "investorTaxVerified": false,
      "state": "unresolved",
      "reason": "numeric_plan_conflict:dividCashPsBeforeTax",
      "sources": [
        {
          "requestId": "request-c4a7f428971d4484b499f33f67796897",
          "rawSha256": "ca50329d9de8d38a4681988a741ad612ef6951d50a591c111bbb6ae2984783d5",
          "rowIndex": 0
        }
      ],
      "records": [
        {
          "raw": {
            "code": "sz.300517",
            "dividAgmPumDate": "2025-04-18",
            "dividCashPsAfterTax": "0.0899959或0.0999955",
            "dividCashPsBeforeTax": "0.099996",
            "dividCashStock": "10派0.999955元（含税，扣税后0.899959或0.999955元）",
            "dividOperateDate": "2025-05-20",
            "dividPayDate": "2025-05-20",
            "dividPlanAnnounceDate": "2025-03-28",
            "dividPlanDate": "2025-05-12",
            "dividPreNoticeDate": "",
            "dividRegistDate": "2025-05-19",
            "dividReserveToStockPs": "",
            "dividStockMarketDate": "",
            "dividStocksPs": "0.000000"
          },
          "source": {
            "requestId": "request-c4a7f428971d4484b499f33f67796897",
            "rawSha256": "ca50329d9de8d38a4681988a741ad612ef6951d50a591c111bbb6ae2984783d5",
            "rowIndex": 0
          }
        }
      ]
    },
    {
      "code": "sz.300520",
      "exDate": "2021-07-08",
      "sourceRows": 1,
      "ledgerReady": false,
      "investorTaxVerified": false,
      "state": "unresolved",
      "reason": "numeric_plan_conflict:dividCashPsBeforeTax",
      "sources": [
        {
          "requestId": "request-06f45481ef16415ead9183285286163a",
          "rawSha256": "11039c6023e791480581345e2a577f585469f10e34e7cd8346ae10542f1de3ed",
          "rowIndex": 0
        }
      ],
      "records": [
        {
          "raw": {
            "code": "sz.300520",
            "dividAgmPumDate": "2021-05-12",
            "dividCashPsAfterTax": "0.0920773或0.1023081",
            "dividCashPsBeforeTax": "0.102308",
            "dividCashStock": "10派1.023081元（含税，扣税后0.920773或1.023081元）",
            "dividOperateDate": "2021-07-08",
            "dividPayDate": "2021-07-08",
            "dividPlanAnnounceDate": "2021-04-20",
            "dividPlanDate": "2021-07-01",
            "dividPreNoticeDate": "",
            "dividRegistDate": "2021-07-07",
            "dividReserveToStockPs": "",
            "dividStockMarketDate": "",
            "dividStocksPs": "0.000000"
          },
          "source": {
            "requestId": "request-06f45481ef16415ead9183285286163a",
            "rawSha256": "11039c6023e791480581345e2a577f585469f10e34e7cd8346ae10542f1de3ed",
            "rowIndex": 0
          }
        }
      ]
    },
    {
      "code": "sz.300520",
      "exDate": "2022-06-08",
      "sourceRows": 1,
      "ledgerReady": false,
      "investorTaxVerified": false,
      "state": "unresolved",
      "reason": "numeric_plan_conflict:dividCashPsBeforeTax",
      "sources": [
        {
          "requestId": "request-52ef8f87e9ad4786907ce498afd8f459",
          "rawSha256": "e05a1a6bad35c4d178a17f6e2964def999564de8530214b619bf82b3bc3f745e",
          "rowIndex": 0
        }
      ],
      "records": [
        {
          "raw": {
            "code": "sz.300520",
            "dividAgmPumDate": "2022-05-11",
            "dividCashPsAfterTax": "0.0892884或0.0992093",
            "dividCashPsBeforeTax": "0.099209",
            "dividCashStock": "10派0.992093元（含税，扣税后0.892884或0.992093元）",
            "dividOperateDate": "2022-06-08",
            "dividPayDate": "2022-06-08",
            "dividPlanAnnounceDate": "2022-04-19",
            "dividPlanDate": "2022-05-30",
            "dividPreNoticeDate": "",
            "dividRegistDate": "2022-06-07",
            "dividReserveToStockPs": "",
            "dividStockMarketDate": "",
            "dividStocksPs": "0.000000"
          },
          "source": {
            "requestId": "request-52ef8f87e9ad4786907ce498afd8f459",
            "rawSha256": "e05a1a6bad35c4d178a17f6e2964def999564de8530214b619bf82b3bc3f745e",
            "rowIndex": 0
          }
        }
      ]
    },
    {
      "code": "sz.300527",
      "exDate": "2021-07-21",
      "sourceRows": 1,
      "ledgerReady": false,
      "investorTaxVerified": false,
      "state": "unresolved",
      "reason": "numeric_plan_conflict:dividCashPsBeforeTax",
      "sources": [
        {
          "requestId": "request-04108bc163bc4603864d676ed49f7bc3",
          "rawSha256": "e1eb7afc4c69e679e165af703e5080d644f456a2aeeb0cea7cd9567c91b18683",
          "rowIndex": 0
        }
      ],
      "records": [
        {
          "raw": {
            "code": "sz.300527",
            "dividAgmPumDate": "2021-05-22",
            "dividCashPsAfterTax": "0.0218119或0.0242355",
            "dividCashPsBeforeTax": "0.024236",
            "dividCashStock": "10派0.242355元（含税，扣税后0.218119或0.242355元）",
            "dividOperateDate": "2021-07-21",
            "dividPayDate": "2021-07-21",
            "dividPlanAnnounceDate": "2021-04-27",
            "dividPlanDate": "2021-07-14",
            "dividPreNoticeDate": "",
            "dividRegistDate": "2021-07-20",
            "dividReserveToStockPs": "",
            "dividStockMarketDate": "",
            "dividStocksPs": "0.000000"
          },
          "source": {
            "requestId": "request-04108bc163bc4603864d676ed49f7bc3",
            "rawSha256": "e1eb7afc4c69e679e165af703e5080d644f456a2aeeb0cea7cd9567c91b18683",
            "rowIndex": 0
          }
        }
      ]
    },
    {
      "code": "sz.300527",
      "exDate": "2022-07-19",
      "sourceRows": 1,
      "ledgerReady": false,
      "investorTaxVerified": false,
      "state": "unresolved",
      "reason": "numeric_plan_conflict:dividCashPsBeforeTax",
      "sources": [
        {
          "requestId": "request-293fcaccc62143bfb9308e1011e4d608",
          "rawSha256": "0ea89afdc93c56d08d6d09fe381f7854eeb4330657bf9216aadf786bb2ddebe6",
          "rowIndex": 0
        }
      ],
      "records": [
        {
          "raw": {
            "code": "sz.300527",
            "dividAgmPumDate": "2022-05-20",
            "dividCashPsAfterTax": "0.0189155或0.0210172",
            "dividCashPsBeforeTax": "0.021017",
            "dividCashStock": "10派0.210172元（含税，扣税后0.189155或0.210172元）",
            "dividOperateDate": "2022-07-19",
            "dividPayDate": "2022-07-19",
            "dividPlanAnnounceDate": "2022-04-27",
            "dividPlanDate": "2022-07-12",
            "dividPreNoticeDate": "",
            "dividRegistDate": "2022-07-18",
            "dividReserveToStockPs": "",
            "dividStockMarketDate": "",
            "dividStocksPs": "0.000000"
          },
          "source": {
            "requestId": "request-293fcaccc62143bfb9308e1011e4d608",
            "rawSha256": "0ea89afdc93c56d08d6d09fe381f7854eeb4330657bf9216aadf786bb2ddebe6",
            "rowIndex": 0
          }
        }
      ]
    },
    {
      "code": "sz.300527",
      "exDate": "2023-07-13",
      "sourceRows": 1,
      "ledgerReady": false,
      "investorTaxVerified": false,
      "state": "unresolved",
      "reason": "numeric_plan_conflict:dividCashPsBeforeTax",
      "sources": [
        {
          "requestId": "request-814ded1c2f4043c183dc77a8ac9c9f44",
          "rawSha256": "c4c4cd6131db8eb86b96eb3b08ef041e1aa99a63ce7e739697519843575ced17",
          "rowIndex": 0
        }
      ],
      "records": [
        {
          "raw": {
            "code": "sz.300527",
            "dividAgmPumDate": "2023-05-17",
            "dividCashPsAfterTax": "0.0004665或0.0005183",
            "dividCashPsBeforeTax": "0.000518",
            "dividCashStock": "10派0.005183元（含税，扣税后0.004665或0.005183元）",
            "dividOperateDate": "2023-07-13",
            "dividPayDate": "2023-07-13",
            "dividPlanAnnounceDate": "2023-04-26",
            "dividPlanDate": "2023-07-05",
            "dividPreNoticeDate": "",
            "dividRegistDate": "2023-07-12",
            "dividReserveToStockPs": "",
            "dividStockMarketDate": "",
            "dividStocksPs": "0.000000"
          },
          "source": {
            "requestId": "request-814ded1c2f4043c183dc77a8ac9c9f44",
            "rawSha256": "c4c4cd6131db8eb86b96eb3b08ef041e1aa99a63ce7e739697519843575ced17",
            "rowIndex": 0
          }
        }
      ]
    },
    {
      "code": "sz.300527",
      "exDate": "2025-07-11",
      "sourceRows": 1,
      "ledgerReady": false,
      "investorTaxVerified": false,
      "state": "unresolved",
      "reason": "numeric_plan_conflict:dividCashPsBeforeTax",
      "sources": [
        {
          "requestId": "request-d91b7f2020f5458fb1b1d4ffc3af5124",
          "rawSha256": "f31b563d370372b80b7825d79cd04821c1a7a9f38084a009746be5ebc79322c3",
          "rowIndex": 0
        }
      ],
      "records": [
        {
          "raw": {
            "code": "sz.300527",
            "dividAgmPumDate": "2025-05-15",
            "dividCashPsAfterTax": "0.0023641或0.0026268",
            "dividCashPsBeforeTax": "0.002627",
            "dividCashStock": "10派0.026268元（含税，扣税后0.023641或0.026268元）",
            "dividOperateDate": "2025-07-11",
            "dividPayDate": "2025-07-11",
            "dividPlanAnnounceDate": "2025-04-19",
            "dividPlanDate": "2025-07-04",
            "dividPreNoticeDate": "",
            "dividRegistDate": "2025-07-10",
            "dividReserveToStockPs": "",
            "dividStockMarketDate": "",
            "dividStocksPs": "0.000000"
          },
          "source": {
            "requestId": "request-d91b7f2020f5458fb1b1d4ffc3af5124",
            "rawSha256": "f31b563d370372b80b7825d79cd04821c1a7a9f38084a009746be5ebc79322c3",
            "rowIndex": 0
          }
        }
      ]
    },
    {
      "code": "sz.300531",
      "exDate": "2021-07-09",
      "sourceRows": 1,
      "ledgerReady": false,
      "investorTaxVerified": false,
      "state": "unresolved",
      "reason": "numeric_plan_conflict:dividCashPsBeforeTax",
      "sources": [
        {
          "requestId": "request-0be4a572b6dd4d48a6fa58dec8148f8a",
          "rawSha256": "06b8360134e35a10d5c3d7b84e316c9fa2e8b2bf60f5e3fd82e745225dafaa8d",
          "rowIndex": 0
        }
      ],
      "records": [
        {
          "raw": {
            "code": "sz.300531",
            "dividAgmPumDate": "2021-06-30",
            "dividCashPsAfterTax": "0.0288628或0.0320698",
            "dividCashPsBeforeTax": "0.03207",
            "dividCashStock": "10派0.320698元（含税，扣税后0.288628或0.320698元）",
            "dividOperateDate": "2021-07-09",
            "dividPayDate": "2021-07-09",
            "dividPlanAnnounceDate": "2021-03-31",
            "dividPlanDate": "2021-07-02",
            "dividPreNoticeDate": "",
            "dividRegistDate": "2021-07-08",
            "dividReserveToStockPs": "",
            "dividStockMarketDate": "",
            "dividStocksPs": "0.000000"
          },
          "source": {
            "requestId": "request-0be4a572b6dd4d48a6fa58dec8148f8a",
            "rawSha256": "06b8360134e35a10d5c3d7b84e316c9fa2e8b2bf60f5e3fd82e745225dafaa8d",
            "rowIndex": 0
          }
        }
      ]
    },
    {
      "code": "sz.300531",
      "exDate": "2022-06-01",
      "sourceRows": 1,
      "ledgerReady": false,
      "investorTaxVerified": false,
      "state": "unresolved",
      "reason": "numeric_plan_conflict:dividCashPsBeforeTax",
      "sources": [
        {
          "requestId": "request-709101a234b3456780bdaed7c4019ea0",
          "rawSha256": "9546fe940a88249535265f12e40bdf3c7656ac5f53819a4a1db03b7c9b841389",
          "rowIndex": 0
        }
      ],
      "records": [
        {
          "raw": {
            "code": "sz.300531",
            "dividAgmPumDate": "2022-05-20",
            "dividCashPsAfterTax": "0.045463或0.0505144",
            "dividCashPsBeforeTax": "0.050514",
            "dividCashStock": "10派0.505144元（含税，扣税后0.45463或0.505144元）",
            "dividOperateDate": "2022-06-01",
            "dividPayDate": "2022-06-01",
            "dividPlanAnnounceDate": "2022-04-12",
            "dividPlanDate": "2022-05-25",
            "dividPreNoticeDate": "",
            "dividRegistDate": "2022-05-31",
            "dividReserveToStockPs": "",
            "dividStockMarketDate": "",
            "dividStocksPs": "0.000000"
          },
          "source": {
            "requestId": "request-709101a234b3456780bdaed7c4019ea0",
            "rawSha256": "9546fe940a88249535265f12e40bdf3c7656ac5f53819a4a1db03b7c9b841389",
            "rowIndex": 0
          }
        }
      ]
    },
    {
      "code": "sz.300539",
      "exDate": "2021-06-28",
      "sourceRows": 1,
      "ledgerReady": false,
      "investorTaxVerified": false,
      "state": "unresolved",
      "reason": "numeric_plan_conflict:dividCashPsBeforeTax",
      "sources": [
        {
          "requestId": "request-7fe4e19bcc164110ba783cce645db7fc",
          "rawSha256": "4180739315c23b4842256c57e4e3aa071a27068325c2bca2a70073c3742bad62",
          "rowIndex": 0
        }
      ],
      "records": [
        {
          "raw": {
            "code": "sz.300539",
            "dividAgmPumDate": "2021-04-29",
            "dividCashPsAfterTax": "0.0719173或0.0799081",
            "dividCashPsBeforeTax": "0.079908",
            "dividCashStock": "10派0.799081元（含税，扣税后0.719173或0.799081元）",
            "dividOperateDate": "2021-06-28",
            "dividPayDate": "2021-06-28",
            "dividPlanAnnounceDate": "2021-04-09",
            "dividPlanDate": "2021-06-21",
            "dividPreNoticeDate": "",
            "dividRegistDate": "2021-06-25",
            "dividReserveToStockPs": "",
            "dividStockMarketDate": "",
            "dividStocksPs": "0.000000"
          },
          "source": {
            "requestId": "request-7fe4e19bcc164110ba783cce645db7fc",
            "rawSha256": "4180739315c23b4842256c57e4e3aa071a27068325c2bca2a70073c3742bad62",
            "rowIndex": 0
          }
        }
      ]
    },
    {
      "code": "sz.300551",
      "exDate": "2022-06-01",
      "sourceRows": 1,
      "ledgerReady": false,
      "investorTaxVerified": false,
      "state": "unresolved",
      "reason": "numeric_plan_conflict:dividCashPsBeforeTax",
      "sources": [
        {
          "requestId": "request-e611a551d1cb4c9b8d4233db260ecf9e",
          "rawSha256": "1b1e3864bdde4993d74d7948c2c06ff6657cd44c84c94a264856d5ac52a48f7a",
          "rowIndex": 0
        }
      ],
      "records": [
        {
          "raw": {
            "code": "sz.300551",
            "dividAgmPumDate": "2022-05-23",
            "dividCashPsAfterTax": "0.0090283或0.0100314",
            "dividCashPsBeforeTax": "0.010031",
            "dividCashStock": "10派0.100314元（含税，扣税后0.090283或0.100314元）",
            "dividOperateDate": "2022-06-01",
            "dividPayDate": "2022-06-01",
            "dividPlanAnnounceDate": "2022-04-30",
            "dividPlanDate": "2022-05-25",
            "dividPreNoticeDate": "",
            "dividRegistDate": "2022-05-31",
            "dividReserveToStockPs": "",
            "dividStockMarketDate": "",
            "dividStocksPs": "0.000000"
          },
          "source": {
            "requestId": "request-e611a551d1cb4c9b8d4233db260ecf9e",
            "rawSha256": "1b1e3864bdde4993d74d7948c2c06ff6657cd44c84c94a264856d5ac52a48f7a",
            "rowIndex": 0
          }
        }
      ]
    },
    {
      "code": "sz.300557",
      "exDate": "2022-06-02",
      "sourceRows": 1,
      "ledgerReady": false,
      "investorTaxVerified": false,
      "state": "unresolved",
      "reason": "numeric_plan_conflict:dividCashPsBeforeTax",
      "sources": [
        {
          "requestId": "request-ed03708656b046379b0b6a81262ddb72",
          "rawSha256": "b889febd9db53096dbffede80d8ad29ad1db1e36f8edce9b1bf5193071d0ad04",
          "rowIndex": 0
        }
      ],
      "records": [
        {
          "raw": {
            "code": "sz.300557",
            "dividAgmPumDate": "2022-04-23",
            "dividCashPsAfterTax": "0.1432784或0.1591982",
            "dividCashPsBeforeTax": "0.159198",
            "dividCashStock": "10派1.591982元（含税，扣税后1.432784或1.591982元）",
            "dividOperateDate": "2022-06-02",
            "dividPayDate": "2022-06-02",
            "dividPlanAnnounceDate": "2022-03-31",
            "dividPlanDate": "2022-05-27",
            "dividPreNoticeDate": "",
            "dividRegistDate": "2022-06-01",
            "dividReserveToStockPs": "",
            "dividStockMarketDate": "",
            "dividStocksPs": "0.000000"
          },
          "source": {
            "requestId": "request-ed03708656b046379b0b6a81262ddb72",
            "rawSha256": "b889febd9db53096dbffede80d8ad29ad1db1e36f8edce9b1bf5193071d0ad04",
            "rowIndex": 0
          }
        }
      ]
    },
    {
      "code": "sz.300558",
      "exDate": "2025-06-17",
      "sourceRows": 1,
      "ledgerReady": false,
      "investorTaxVerified": false,
      "state": "unresolved",
      "reason": "numeric_plan_conflict:dividCashPsBeforeTax",
      "sources": [
        {
          "requestId": "request-f349d65e4f004ab0b227f6d7749aa6e8",
          "rawSha256": "61ab0693fed23f9f0f7ec09474372ea24de0eb02666afda4cbe0e3b2e7e88b2a",
          "rowIndex": 0
        }
      ],
      "records": [
        {
          "raw": {
            "code": "sz.300558",
            "dividAgmPumDate": "2025-05-08",
            "dividCashPsAfterTax": "0.1790383或0.1989314",
            "dividCashPsBeforeTax": "0.198931",
            "dividCashStock": "10派1.989314元（含税，扣税后1.790383或1.989314元）",
            "dividOperateDate": "2025-06-17",
            "dividPayDate": "2025-06-17",
            "dividPlanAnnounceDate": "2025-04-18",
            "dividPlanDate": "2025-06-09",
            "dividPreNoticeDate": "",
            "dividRegistDate": "2025-06-16",
            "dividReserveToStockPs": "",
            "dividStockMarketDate": "",
            "dividStocksPs": "0.000000"
          },
          "source": {
            "requestId": "request-f349d65e4f004ab0b227f6d7749aa6e8",
            "rawSha256": "61ab0693fed23f9f0f7ec09474372ea24de0eb02666afda4cbe0e3b2e7e88b2a",
            "rowIndex": 0
          }
        }
      ]
    },
    {
      "code": "sz.300560",
      "exDate": "2023-08-29",
      "sourceRows": 1,
      "ledgerReady": false,
      "investorTaxVerified": false,
      "state": "unresolved",
      "reason": "numeric_plan_conflict:dividCashPsBeforeTax",
      "sources": [
        {
          "requestId": "request-ced464457efd4e26b74591b4f842cd99",
          "rawSha256": "86e7edf5fff4bfc95b937dc292cfa305ed7f1cae6a720e4c9b27a4211b3dd2b0",
          "rowIndex": 0
        }
      ],
      "records": [
        {
          "raw": {
            "code": "sz.300560",
            "dividAgmPumDate": "2023-06-30",
            "dividCashPsAfterTax": "0.038375或0.0426389",
            "dividCashPsBeforeTax": "0.042639",
            "dividCashStock": "10派0.426389元（含税，扣税后0.38375或0.426389元）",
            "dividOperateDate": "2023-08-29",
            "dividPayDate": "2023-08-29",
            "dividPlanAnnounceDate": "2023-04-27",
            "dividPlanDate": "2023-08-23",
            "dividPreNoticeDate": "",
            "dividRegistDate": "2023-08-28",
            "dividReserveToStockPs": "",
            "dividStockMarketDate": "",
            "dividStocksPs": "0.000000"
          },
          "source": {
            "requestId": "request-ced464457efd4e26b74591b4f842cd99",
            "rawSha256": "86e7edf5fff4bfc95b937dc292cfa305ed7f1cae6a720e4c9b27a4211b3dd2b0",
            "rowIndex": 0
          }
        }
      ]
    },
    {
      "code": "sz.300562",
      "exDate": "2021-06-21",
      "sourceRows": 1,
      "ledgerReady": false,
      "investorTaxVerified": false,
      "state": "unresolved",
      "reason": "numeric_plan_conflict:dividCashPsBeforeTax",
      "sources": [
        {
          "requestId": "request-a67dee43d74c4c63b375ddec45ac8c13",
          "rawSha256": "25b74bc6c96ea84d8dc980fad835e58366af67d896ffe3af6c38adb3adca9431",
          "rowIndex": 0
        }
      ],
      "records": [
        {
          "raw": {
            "code": "sz.300562",
            "dividAgmPumDate": "2021-05-21",
            "dividCashPsAfterTax": "0.1799774或0.1999749",
            "dividCashPsBeforeTax": "0.199975",
            "dividCashStock": "10派1.999749元（含税，扣税后1.799774或1.999749元）",
            "dividOperateDate": "2021-06-21",
            "dividPayDate": "2021-06-21",
            "dividPlanAnnounceDate": "2021-04-27",
            "dividPlanDate": "2021-06-12",
            "dividPreNoticeDate": "",
            "dividRegistDate": "2021-06-18",
            "dividReserveToStockPs": "",
            "dividStockMarketDate": "",
            "dividStocksPs": "0.000000"
          },
          "source": {
            "requestId": "request-a67dee43d74c4c63b375ddec45ac8c13",
            "rawSha256": "25b74bc6c96ea84d8dc980fad835e58366af67d896ffe3af6c38adb3adca9431",
            "rowIndex": 0
          }
        }
      ]
    },
    {
      "code": "sz.300566",
      "exDate": "2022-06-10",
      "sourceRows": 1,
      "ledgerReady": false,
      "investorTaxVerified": false,
      "state": "unresolved",
      "reason": "numeric_plan_conflict:dividCashPsBeforeTax",
      "sources": [
        {
          "requestId": "request-a5183437d8f144d7bbb3fd39c10e9c5a",
          "rawSha256": "59ceeabc92e8acd3ee4dd51979eac790f2f2999f4c256afbee117f36de787dc0",
          "rowIndex": 0
        }
      ],
      "records": [
        {
          "raw": {
            "code": "sz.300566",
            "dividAgmPumDate": "2022-05-14",
            "dividCashPsAfterTax": "0.0902185或0.1002428",
            "dividCashPsBeforeTax": "0.100243",
            "dividCashStock": "10派1.002428元（含税，扣税后0.902185或1.002428元）",
            "dividOperateDate": "2022-06-10",
            "dividPayDate": "2022-06-10",
            "dividPlanAnnounceDate": "2022-04-22",
            "dividPlanDate": "2022-06-02",
            "dividPreNoticeDate": "",
            "dividRegistDate": "2022-06-09",
            "dividReserveToStockPs": "",
            "dividStockMarketDate": "",
            "dividStocksPs": "0.000000"
          },
          "source": {
            "requestId": "request-a5183437d8f144d7bbb3fd39c10e9c5a",
            "rawSha256": "59ceeabc92e8acd3ee4dd51979eac790f2f2999f4c256afbee117f36de787dc0",
            "rowIndex": 0
          }
        }
      ]
    },
    {
      "code": "sz.300568",
      "exDate": "2021-06-29",
      "sourceRows": 1,
      "ledgerReady": false,
      "investorTaxVerified": false,
      "state": "unresolved",
      "reason": "numeric_plan_conflict:dividCashPsBeforeTax",
      "sources": [
        {
          "requestId": "request-30929e10cd8a456c93fd7c2733494516",
          "rawSha256": "5a0361ddaa5f9ed9a4eb92b47d04780e841c08767867ba2fe815fc691bee3be2",
          "rowIndex": 0
        }
      ],
      "records": [
        {
          "raw": {
            "code": "sz.300568",
            "dividAgmPumDate": "2021-05-19",
            "dividCashPsAfterTax": "0.0899264或0.0999182",
            "dividCashPsBeforeTax": "0.099918",
            "dividCashStock": "10转5.995096派0.999182元（含税，扣税后0.899264或0.999182元）",
            "dividOperateDate": "2021-06-29",
            "dividPayDate": "2021-06-29",
            "dividPlanAnnounceDate": "2021-04-28",
            "dividPlanDate": "2021-06-23",
            "dividPreNoticeDate": "",
            "dividRegistDate": "2021-06-28",
            "dividReserveToStockPs": "0.599510",
            "dividStockMarketDate": "2021-06-29",
            "dividStocksPs": "0.000000"
          },
          "source": {
            "requestId": "request-30929e10cd8a456c93fd7c2733494516",
            "rawSha256": "5a0361ddaa5f9ed9a4eb92b47d04780e841c08767867ba2fe815fc691bee3be2",
            "rowIndex": 0
          }
        }
      ]
    },
    {
      "code": "sz.300568",
      "exDate": "2022-04-21",
      "sourceRows": 1,
      "ledgerReady": false,
      "investorTaxVerified": false,
      "state": "unresolved",
      "reason": "numeric_plan_conflict:dividCashPsBeforeTax",
      "sources": [
        {
          "requestId": "request-3026844294fc4ccb977d96cca03092ad",
          "rawSha256": "6132d0f8a6b8bd7dcb468a0857d85c1e3d8ef28fc36fa255f437332dafb83513",
          "rowIndex": 0
        }
      ],
      "records": [
        {
          "raw": {
            "code": "sz.300568",
            "dividAgmPumDate": "2022-03-24",
            "dividCashPsAfterTax": "0.04485213或0.0498357",
            "dividCashPsBeforeTax": "0.049836",
            "dividCashStock": "10转4.983573派0.498357元（含税，扣税后0.4485213或0.498357元）",
            "dividOperateDate": "2022-04-21",
            "dividPayDate": "2022-04-21",
            "dividPlanAnnounceDate": "2022-03-01",
            "dividPlanDate": "2022-04-14",
            "dividPreNoticeDate": "",
            "dividRegistDate": "2022-04-20",
            "dividReserveToStockPs": "0.498357",
            "dividStockMarketDate": "2022-04-21",
            "dividStocksPs": "0.000000"
          },
          "source": {
            "requestId": "request-3026844294fc4ccb977d96cca03092ad",
            "rawSha256": "6132d0f8a6b8bd7dcb468a0857d85c1e3d8ef28fc36fa255f437332dafb83513",
            "rowIndex": 0
          }
        }
      ]
    },
    {
      "code": "sz.300568",
      "exDate": "2025-07-17",
      "sourceRows": 1,
      "ledgerReady": false,
      "investorTaxVerified": false,
      "state": "unresolved",
      "reason": "numeric_plan_conflict:dividCashPsBeforeTax",
      "sources": [
        {
          "requestId": "request-89a8c39ade0a4b5b9efc26d5e3e7e8db",
          "rawSha256": "430453315d7064c9eeb472d4f16d7a23f87630346cd66e4d8b37943afa3ccc1b",
          "rowIndex": 0
        }
      ],
      "records": [
        {
          "raw": {
            "code": "sz.300568",
            "dividAgmPumDate": "2025-05-21",
            "dividCashPsAfterTax": "0.0456809或0.0507566",
            "dividCashPsBeforeTax": "0.050757",
            "dividCashStock": "10派0.507566元（含税，扣税后0.456809或0.507566元）",
            "dividOperateDate": "2025-07-17",
            "dividPayDate": "2025-07-17",
            "dividPlanAnnounceDate": "2025-04-29",
            "dividPlanDate": "2025-07-11",
            "dividPreNoticeDate": "",
            "dividRegistDate": "2025-07-16",
            "dividReserveToStockPs": "",
            "dividStockMarketDate": "",
            "dividStocksPs": "0.000000"
          },
          "source": {
            "requestId": "request-89a8c39ade0a4b5b9efc26d5e3e7e8db",
            "rawSha256": "430453315d7064c9eeb472d4f16d7a23f87630346cd66e4d8b37943afa3ccc1b",
            "rowIndex": 0
          }
        }
      ]
    },
    {
      "code": "sz.300572",
      "exDate": "2021-06-15",
      "sourceRows": 1,
      "ledgerReady": false,
      "investorTaxVerified": false,
      "state": "unresolved",
      "reason": "numeric_plan_conflict:dividCashPsBeforeTax",
      "sources": [
        {
          "requestId": "request-2dfc8ff19f4346b98a412178a535dce8",
          "rawSha256": "534130da57eb26d5dc4674f292e50fcbbd8e9b7fc149fe64a7c800c8b684b064",
          "rowIndex": 0
        }
      ],
      "records": [
        {
          "raw": {
            "code": "sz.300572",
            "dividAgmPumDate": "2021-05-19",
            "dividCashPsAfterTax": "0.0761071或0.0845635",
            "dividCashPsBeforeTax": "0.084563",
            "dividCashStock": "10派0.845635元（含税，扣税后0.761071或0.845635元）",
            "dividOperateDate": "2021-06-15",
            "dividPayDate": "2021-06-15",
            "dividPlanAnnounceDate": "2021-04-28",
            "dividPlanDate": "2021-06-05",
            "dividPreNoticeDate": "",
            "dividRegistDate": "2021-06-11",
            "dividReserveToStockPs": "",
            "dividStockMarketDate": "",
            "dividStocksPs": "0.000000"
          },
          "source": {
            "requestId": "request-2dfc8ff19f4346b98a412178a535dce8",
            "rawSha256": "534130da57eb26d5dc4674f292e50fcbbd8e9b7fc149fe64a7c800c8b684b064",
            "rowIndex": 0
          }
        }
      ]
    },
    {
      "code": "sz.300577",
      "exDate": "2021-06-01",
      "sourceRows": 1,
      "ledgerReady": false,
      "investorTaxVerified": false,
      "state": "unresolved",
      "reason": "numeric_plan_conflict:dividCashPsBeforeTax",
      "sources": [
        {
          "requestId": "request-4f5838cb0f7441fdb23d7391d03e66d5",
          "rawSha256": "9b43c50391c2f30a36204b555bc6783b737cbb2f16a482229984681f83da8f7d",
          "rowIndex": 0
        }
      ],
      "records": [
        {
          "raw": {
            "code": "sz.300577",
            "dividAgmPumDate": "2021-04-07",
            "dividCashPsAfterTax": "0.0944995或0.1049995",
            "dividCashPsBeforeTax": "0.104999",
            "dividCashStock": "10派1.049995元（含税，扣税后0.944995或1.049995元）",
            "dividOperateDate": "2021-06-01",
            "dividPayDate": "2021-06-01",
            "dividPlanAnnounceDate": "2021-03-16",
            "dividPlanDate": "2021-05-26",
            "dividPreNoticeDate": "",
            "dividRegistDate": "2021-05-31",
            "dividReserveToStockPs": "",
            "dividStockMarketDate": "",
            "dividStocksPs": "0.000000"
          },
          "source": {
            "requestId": "request-4f5838cb0f7441fdb23d7391d03e66d5",
            "rawSha256": "9b43c50391c2f30a36204b555bc6783b737cbb2f16a482229984681f83da8f7d",
            "rowIndex": 0
          }
        }
      ]
    },
    {
      "code": "sz.300577",
      "exDate": "2022-06-16",
      "sourceRows": 1,
      "ledgerReady": false,
      "investorTaxVerified": false,
      "state": "unresolved",
      "reason": "numeric_plan_conflict:dividCashPsBeforeTax",
      "sources": [
        {
          "requestId": "request-545db04095db4c5cb5314690f6196684",
          "rawSha256": "6081e77985dccde11f5c70c220ca3024198d521e9069bd2b58e2b5ced55a265a",
          "rowIndex": 0
        }
      ],
      "records": [
        {
          "raw": {
            "code": "sz.300577",
            "dividAgmPumDate": "2022-05-19",
            "dividCashPsAfterTax": "0.0899998或0.0999998",
            "dividCashPsBeforeTax": "0.1",
            "dividCashStock": "10派0.999998元（含税，扣税后0.899998或0.999998元）",
            "dividOperateDate": "2022-06-16",
            "dividPayDate": "2022-06-16",
            "dividPlanAnnounceDate": "2022-04-27",
            "dividPlanDate": "2022-06-10",
            "dividPreNoticeDate": "",
            "dividRegistDate": "2022-06-15",
            "dividReserveToStockPs": "",
            "dividStockMarketDate": "",
            "dividStocksPs": "0.000000"
          },
          "source": {
            "requestId": "request-545db04095db4c5cb5314690f6196684",
            "rawSha256": "6081e77985dccde11f5c70c220ca3024198d521e9069bd2b58e2b5ced55a265a",
            "rowIndex": 0
          }
        }
      ]
    },
    {
      "code": "sz.300587",
      "exDate": "2021-07-07",
      "sourceRows": 1,
      "ledgerReady": false,
      "investorTaxVerified": false,
      "state": "unresolved",
      "reason": "numeric_plan_conflict:dividCashPsBeforeTax",
      "sources": [
        {
          "requestId": "request-dcd957913ab5493ca745348e09959eda",
          "rawSha256": "8919c882d413e82c68aa16984843f61ce914aa868a9089676e09ec1ffd7d5e57",
          "rowIndex": 0
        }
      ],
      "records": [
        {
          "raw": {
            "code": "sz.300587",
            "dividAgmPumDate": "2021-05-17",
            "dividCashPsAfterTax": "0.1157649或0.1286277",
            "dividCashPsBeforeTax": "0.128628",
            "dividCashStock": "10转6.926107派1.286277元（含税，扣税后1.157649或1.286277元）",
            "dividOperateDate": "2021-07-07",
            "dividPayDate": "2021-07-07",
            "dividPlanAnnounceDate": "2021-04-27",
            "dividPlanDate": "2021-06-30",
            "dividPreNoticeDate": "",
            "dividRegistDate": "2021-07-06",
            "dividReserveToStockPs": "0.692611",
            "dividStockMarketDate": "2021-07-07",
            "dividStocksPs": "0.000000"
          },
          "source": {
            "requestId": "request-dcd957913ab5493ca745348e09959eda",
            "rawSha256": "8919c882d413e82c68aa16984843f61ce914aa868a9089676e09ec1ffd7d5e57",
            "rowIndex": 0
          }
        }
      ]
    },
    {
      "code": "sz.300587",
      "exDate": "2022-07-15",
      "sourceRows": 1,
      "ledgerReady": false,
      "investorTaxVerified": false,
      "state": "unresolved",
      "reason": "numeric_plan_conflict:dividCashPsBeforeTax",
      "sources": [
        {
          "requestId": "request-6e12b819c92a4c5db602a34359b64d6c",
          "rawSha256": "d06f5729241ae5dc09ba2043a5e318f80c630956836e08e4ff19d87a2ef2e7c2",
          "rowIndex": 0
        }
      ],
      "records": [
        {
          "raw": {
            "code": "sz.300587",
            "dividAgmPumDate": "2022-05-17",
            "dividCashPsAfterTax": "0.0709972或0.0788858",
            "dividCashPsBeforeTax": "0.078886",
            "dividCashStock": "10转6.902505派0.788858元（含税，扣税后0.709972或0.788858元）",
            "dividOperateDate": "2022-07-15",
            "dividPayDate": "2022-07-15",
            "dividPlanAnnounceDate": "2022-04-25",
            "dividPlanDate": "2022-07-07",
            "dividPreNoticeDate": "",
            "dividRegistDate": "2022-07-14",
            "dividReserveToStockPs": "0.690250",
            "dividStockMarketDate": "2022-07-15",
            "dividStocksPs": "0.000000"
          },
          "source": {
            "requestId": "request-6e12b819c92a4c5db602a34359b64d6c",
            "rawSha256": "d06f5729241ae5dc09ba2043a5e318f80c630956836e08e4ff19d87a2ef2e7c2",
            "rowIndex": 0
          }
        }
      ]
    },
    {
      "code": "sz.300587",
      "exDate": "2023-05-26",
      "sourceRows": 1,
      "ledgerReady": false,
      "investorTaxVerified": false,
      "state": "unresolved",
      "reason": "numeric_plan_conflict:dividCashPsBeforeTax",
      "sources": [
        {
          "requestId": "request-686103de06024a4a8ff825ea64902d2c",
          "rawSha256": "5b2b2a3e8e3f56260a5dfbf5a4613365bab57658ccfe23ef78ad0c83659ee28c",
          "rowIndex": 0
        }
      ],
      "records": [
        {
          "raw": {
            "code": "sz.300587",
            "dividAgmPumDate": "2023-05-17",
            "dividCashPsAfterTax": "0.0269997或0.0299997",
            "dividCashPsBeforeTax": "0.03",
            "dividCashStock": "10派0.299997元（含税，扣税后0.269997或0.299997元）",
            "dividOperateDate": "2023-05-26",
            "dividPayDate": "2023-05-26",
            "dividPlanAnnounceDate": "2023-04-27",
            "dividPlanDate": "2023-05-19",
            "dividPreNoticeDate": "",
            "dividRegistDate": "2023-05-25",
            "dividReserveToStockPs": "",
            "dividStockMarketDate": "",
            "dividStocksPs": "0.000000"
          },
          "source": {
            "requestId": "request-686103de06024a4a8ff825ea64902d2c",
            "rawSha256": "5b2b2a3e8e3f56260a5dfbf5a4613365bab57658ccfe23ef78ad0c83659ee28c",
            "rowIndex": 0
          }
        }
      ]
    },
    {
      "code": "sz.300587",
      "exDate": "2025-07-04",
      "sourceRows": 1,
      "ledgerReady": false,
      "investorTaxVerified": false,
      "state": "unresolved",
      "reason": "numeric_plan_conflict:dividCashPsBeforeTax",
      "sources": [
        {
          "requestId": "request-ec7b70344ef944f18a9fa6f65d3aedb6",
          "rawSha256": "bed2aeeaa45bb2028ef677ddb4b36ff05b7b5d15c624391294bfff2f9157f406",
          "rowIndex": 0
        }
      ],
      "records": [
        {
          "raw": {
            "code": "sz.300587",
            "dividAgmPumDate": "2025-05-16",
            "dividCashPsAfterTax": "0.0242563或0.0269515",
            "dividCashPsBeforeTax": "0.026951",
            "dividCashStock": "10派0.269515元（含税，扣税后0.242563或0.269515元）",
            "dividOperateDate": "2025-07-04",
            "dividPayDate": "2025-07-04",
            "dividPlanAnnounceDate": "2025-04-26",
            "dividPlanDate": "2025-06-27",
            "dividPreNoticeDate": "",
            "dividRegistDate": "2025-07-03",
            "dividReserveToStockPs": "",
            "dividStockMarketDate": "",
            "dividStocksPs": "0.000000"
          },
          "source": {
            "requestId": "request-ec7b70344ef944f18a9fa6f65d3aedb6",
            "rawSha256": "bed2aeeaa45bb2028ef677ddb4b36ff05b7b5d15c624391294bfff2f9157f406",
            "rowIndex": 0
          }
        }
      ]
    },
    {
      "code": "sz.300597",
      "exDate": "2024-07-09",
      "sourceRows": 1,
      "ledgerReady": false,
      "investorTaxVerified": false,
      "state": "unresolved",
      "reason": "numeric_plan_conflict:dividCashPsBeforeTax",
      "sources": [
        {
          "requestId": "request-8e6b70cdf2b84d4a904b1d46924b660c",
          "rawSha256": "98b91f00b51997a1b77c2e8dc1fb269bf4fac9f863b1c87a8249cda5d78c8210",
          "rowIndex": 0
        }
      ],
      "records": [
        {
          "raw": {
            "code": "sz.300597",
            "dividAgmPumDate": "2024-05-17",
            "dividCashPsAfterTax": "0.0036101或0.0040112",
            "dividCashPsBeforeTax": "0.004011",
            "dividCashStock": "10派0.040112元（含税，扣税后0.036101或0.040112元）",
            "dividOperateDate": "2024-07-09",
            "dividPayDate": "2024-07-09",
            "dividPlanAnnounceDate": "2024-04-26",
            "dividPlanDate": "2024-07-02",
            "dividPreNoticeDate": "",
            "dividRegistDate": "2024-07-08",
            "dividReserveToStockPs": "",
            "dividStockMarketDate": "",
            "dividStocksPs": "0.000000"
          },
          "source": {
            "requestId": "request-8e6b70cdf2b84d4a904b1d46924b660c",
            "rawSha256": "98b91f00b51997a1b77c2e8dc1fb269bf4fac9f863b1c87a8249cda5d78c8210",
            "rowIndex": 0
          }
        }
      ]
    },
    {
      "code": "sz.300598",
      "exDate": "2021-05-31",
      "sourceRows": 1,
      "ledgerReady": false,
      "investorTaxVerified": false,
      "state": "unresolved",
      "reason": "numeric_plan_conflict:dividCashPsBeforeTax",
      "sources": [
        {
          "requestId": "request-f98ec30b6081406593a9db422b176c7f",
          "rawSha256": "2680c5e122fe9ba11ff44948fb528895a2b4814c8fb30835c88e601d7f32fa89",
          "rowIndex": 0
        }
      ],
      "records": [
        {
          "raw": {
            "code": "sz.300598",
            "dividAgmPumDate": "2021-05-11",
            "dividCashPsAfterTax": "0.0584959或0.0649954",
            "dividCashPsBeforeTax": "0.064995",
            "dividCashStock": "10转4.999646派0.649954元（含税，扣税后0.584959或0.649954元）",
            "dividOperateDate": "2021-05-31",
            "dividPayDate": "2021-05-31",
            "dividPlanAnnounceDate": "2021-04-20",
            "dividPlanDate": "2021-05-24",
            "dividPreNoticeDate": "",
            "dividRegistDate": "2021-05-28",
            "dividReserveToStockPs": "0.499965",
            "dividStockMarketDate": "2021-05-31",
            "dividStocksPs": "0.000000"
          },
          "source": {
            "requestId": "request-f98ec30b6081406593a9db422b176c7f",
            "rawSha256": "2680c5e122fe9ba11ff44948fb528895a2b4814c8fb30835c88e601d7f32fa89",
            "rowIndex": 0
          }
        }
      ]
    },
    {
      "code": "sz.300602",
      "exDate": "2024-05-29",
      "sourceRows": 1,
      "ledgerReady": false,
      "investorTaxVerified": false,
      "state": "unresolved",
      "reason": "numeric_plan_conflict:dividCashPsBeforeTax",
      "sources": [
        {
          "requestId": "request-cc3af3306c8543c2801ca20847f9bd11",
          "rawSha256": "fa072a8c6a9840cef17c16bcf1f4a506702776db0c10182163de9461339d31fc",
          "rowIndex": 0
        }
      ],
      "records": [
        {
          "raw": {
            "code": "sz.300602",
            "dividAgmPumDate": "2024-05-20",
            "dividCashPsAfterTax": "0.0295997或0.0328886",
            "dividCashPsBeforeTax": "0.032889",
            "dividCashStock": "10派0.328886元（含税，扣税后0.295997或0.328886元）",
            "dividOperateDate": "2024-05-29",
            "dividPayDate": "2024-05-29",
            "dividPlanAnnounceDate": "2024-04-25",
            "dividPlanDate": "2024-05-23",
            "dividPreNoticeDate": "",
            "dividRegistDate": "2024-05-28",
            "dividReserveToStockPs": "",
            "dividStockMarketDate": "",
            "dividStocksPs": "0.000000"
          },
          "source": {
            "requestId": "request-cc3af3306c8543c2801ca20847f9bd11",
            "rawSha256": "fa072a8c6a9840cef17c16bcf1f4a506702776db0c10182163de9461339d31fc",
            "rowIndex": 0
          }
        }
      ]
    },
    {
      "code": "sz.300611",
      "exDate": "2021-07-09",
      "sourceRows": 1,
      "ledgerReady": false,
      "investorTaxVerified": false,
      "state": "unresolved",
      "reason": "numeric_plan_conflict:dividCashPsBeforeTax",
      "sources": [
        {
          "requestId": "request-e29770961f414f2f9fbc280de5bb3e24",
          "rawSha256": "d65eef783c07afc75cb7fcf5ba16c5a961826a1b2cbd8edc205c2b0598cae052",
          "rowIndex": 0
        }
      ],
      "records": [
        {
          "raw": {
            "code": "sz.300611",
            "dividAgmPumDate": "2021-05-19",
            "dividCashPsAfterTax": "0.0527827或0.0586475",
            "dividCashPsBeforeTax": "0.058647",
            "dividCashStock": "10派0.586475元（含税，扣税后0.527827或0.586475元）",
            "dividOperateDate": "2021-07-09",
            "dividPayDate": "2021-07-09",
            "dividPlanAnnounceDate": "2021-04-24",
            "dividPlanDate": "2021-07-02",
            "dividPreNoticeDate": "",
            "dividRegistDate": "2021-07-08",
            "dividReserveToStockPs": "",
            "dividStockMarketDate": "",
            "dividStocksPs": "0.000000"
          },
          "source": {
            "requestId": "request-e29770961f414f2f9fbc280de5bb3e24",
            "rawSha256": "d65eef783c07afc75cb7fcf5ba16c5a961826a1b2cbd8edc205c2b0598cae052",
            "rowIndex": 0
          }
        }
      ]
    },
    {
      "code": "sz.300611",
      "exDate": "2022-07-15",
      "sourceRows": 1,
      "ledgerReady": false,
      "investorTaxVerified": false,
      "state": "unresolved",
      "reason": "numeric_plan_conflict:dividCashPsBeforeTax",
      "sources": [
        {
          "requestId": "request-46dc3f15188e49d6a51b5b79567100d1",
          "rawSha256": "1d9b27c10781cb7b88f9db06a8c062da6b93932d32d0ecdfdcf9c5b0d47a3cbd",
          "rowIndex": 0
        }
      ],
      "records": [
        {
          "raw": {
            "code": "sz.300611",
            "dividAgmPumDate": "2022-05-23",
            "dividCashPsAfterTax": "0.0446227或0.0495808",
            "dividCashPsBeforeTax": "0.049581",
            "dividCashStock": "10派0.495808元（含税，扣税后0.446227或0.495808元）",
            "dividOperateDate": "2022-07-15",
            "dividPayDate": "2022-07-15",
            "dividPlanAnnounceDate": "2022-04-26",
            "dividPlanDate": "2022-07-07",
            "dividPreNoticeDate": "",
            "dividRegistDate": "2022-07-14",
            "dividReserveToStockPs": "",
            "dividStockMarketDate": "",
            "dividStocksPs": "0.000000"
          },
          "source": {
            "requestId": "request-46dc3f15188e49d6a51b5b79567100d1",
            "rawSha256": "1d9b27c10781cb7b88f9db06a8c062da6b93932d32d0ecdfdcf9c5b0d47a3cbd",
            "rowIndex": 0
          }
        }
      ]
    },
    {
      "code": "sz.300611",
      "exDate": "2023-07-07",
      "sourceRows": 1,
      "ledgerReady": false,
      "investorTaxVerified": false,
      "state": "unresolved",
      "reason": "numeric_plan_conflict:dividCashPsBeforeTax",
      "sources": [
        {
          "requestId": "request-d41e01f079884e47ba50e888cd601aa7",
          "rawSha256": "13d83edfcc2a364095f1e295bf8b664ed9a72398cd4c29d5747e530a5bce2a84",
          "rowIndex": 0
        }
      ],
      "records": [
        {
          "raw": {
            "code": "sz.300611",
            "dividAgmPumDate": "2023-05-19",
            "dividCashPsAfterTax": "0.0270606或0.0300673",
            "dividCashPsBeforeTax": "0.030067",
            "dividCashStock": "10派0.300673元（含税，扣税后0.270606或0.300673元）",
            "dividOperateDate": "2023-07-07",
            "dividPayDate": "2023-07-07",
            "dividPlanAnnounceDate": "2023-04-27",
            "dividPlanDate": "2023-06-30",
            "dividPreNoticeDate": "",
            "dividRegistDate": "2023-07-06",
            "dividReserveToStockPs": "",
            "dividStockMarketDate": "",
            "dividStocksPs": "0.000000"
          },
          "source": {
            "requestId": "request-d41e01f079884e47ba50e888cd601aa7",
            "rawSha256": "13d83edfcc2a364095f1e295bf8b664ed9a72398cd4c29d5747e530a5bce2a84",
            "rowIndex": 0
          }
        }
      ]
    },
    {
      "code": "sz.300611",
      "exDate": "2025-05-15",
      "sourceRows": 1,
      "ledgerReady": false,
      "investorTaxVerified": false,
      "state": "unresolved",
      "reason": "numeric_plan_conflict:dividCashPsBeforeTax",
      "sources": [
        {
          "requestId": "request-2ffa38f7b5a64a938aa1c74acfe9fb8b",
          "rawSha256": "f24afbca2bd4b4b376f1e9bba29e74e2a2f8d0221de53bcea1f5d8dcc4143312",
          "rowIndex": 0
        }
      ],
      "records": [
        {
          "raw": {
            "code": "sz.300611",
            "dividAgmPumDate": "2025-04-22",
            "dividCashPsAfterTax": "0.106478或0.1183089",
            "dividCashPsBeforeTax": "0.118309",
            "dividCashStock": "10派1.183089元（含税，扣税后1.06478或1.183089元）",
            "dividOperateDate": "2025-05-15",
            "dividPayDate": "2025-05-15",
            "dividPlanAnnounceDate": "2025-03-29",
            "dividPlanDate": "2025-05-08",
            "dividPreNoticeDate": "",
            "dividRegistDate": "2025-05-14",
            "dividReserveToStockPs": "",
            "dividStockMarketDate": "",
            "dividStocksPs": "0.000000"
          },
          "source": {
            "requestId": "request-2ffa38f7b5a64a938aa1c74acfe9fb8b",
            "rawSha256": "f24afbca2bd4b4b376f1e9bba29e74e2a2f8d0221de53bcea1f5d8dcc4143312",
            "rowIndex": 0
          }
        }
      ]
    },
    {
      "code": "sz.300613",
      "exDate": "2021-06-17",
      "sourceRows": 1,
      "ledgerReady": false,
      "investorTaxVerified": false,
      "state": "unresolved",
      "reason": "numeric_plan_conflict:dividCashPsBeforeTax",
      "sources": [
        {
          "requestId": "request-83de5c1611214cc8a7f04c5ac3ce6735",
          "rawSha256": "28da4b34a4f5e97b9c85930f603f53ee694f1e7350642e943ad63f955a9e5004",
          "rowIndex": 0
        }
      ],
      "records": [
        {
          "raw": {
            "code": "sz.300613",
            "dividAgmPumDate": "2021-05-20",
            "dividCashPsAfterTax": "0.0988979或0.1098866",
            "dividCashPsBeforeTax": "0.109887",
            "dividCashStock": "10转4.99483派1.098866元（含税，扣税后0.988979或1.098866元）",
            "dividOperateDate": "2021-06-17",
            "dividPayDate": "2021-06-17",
            "dividPlanAnnounceDate": "2021-04-29",
            "dividPlanDate": "2021-06-10",
            "dividPreNoticeDate": "",
            "dividRegistDate": "2021-06-16",
            "dividReserveToStockPs": "0.499483",
            "dividStockMarketDate": "2021-06-17",
            "dividStocksPs": "0.000000"
          },
          "source": {
            "requestId": "request-83de5c1611214cc8a7f04c5ac3ce6735",
            "rawSha256": "28da4b34a4f5e97b9c85930f603f53ee694f1e7350642e943ad63f955a9e5004",
            "rowIndex": 0
          }
        }
      ]
    },
    {
      "code": "sz.300624",
      "exDate": "2024-06-05",
      "sourceRows": 1,
      "ledgerReady": false,
      "investorTaxVerified": false,
      "state": "unresolved",
      "reason": "numeric_plan_conflict:dividCashPsBeforeTax",
      "sources": [
        {
          "requestId": "request-ee5ea77516c34861bcee25adb6e6bb70",
          "rawSha256": "dae091468f3320b3eeacdb12f32231eace57077bc087ac32e84114e297da6274",
          "rowIndex": 0
        }
      ],
      "records": [
        {
          "raw": {
            "code": "sz.300624",
            "dividAgmPumDate": "2024-05-21",
            "dividCashPsAfterTax": "0.0995021或0.1105579",
            "dividCashPsBeforeTax": "0.110558",
            "dividCashStock": "10转3.98407派1.105579元（含税，扣税后0.995021或1.105579元）",
            "dividOperateDate": "2024-06-05",
            "dividPayDate": "2024-06-05",
            "dividPlanAnnounceDate": "2024-04-27",
            "dividPlanDate": "2024-05-30",
            "dividPreNoticeDate": "",
            "dividRegistDate": "2024-06-04",
            "dividReserveToStockPs": "0.398407",
            "dividStockMarketDate": "2024-06-05",
            "dividStocksPs": "0.000000"
          },
          "source": {
            "requestId": "request-ee5ea77516c34861bcee25adb6e6bb70",
            "rawSha256": "dae091468f3320b3eeacdb12f32231eace57077bc087ac32e84114e297da6274",
            "rowIndex": 0
          }
        }
      ]
    },
    {
      "code": "sz.300630",
      "exDate": "2023-07-18",
      "sourceRows": 1,
      "ledgerReady": false,
      "investorTaxVerified": false,
      "state": "unresolved",
      "reason": "numeric_plan_conflict:dividCashPsBeforeTax",
      "sources": [
        {
          "requestId": "request-c08cf69cafdf440fb4b66cfddcf9a0ae",
          "rawSha256": "51f4df4f574a6e9d5c62f434b4f0fc4ebd4b405c4b95b8faa14327f601cbca2f",
          "rowIndex": 0
        }
      ],
      "records": [
        {
          "raw": {
            "code": "sz.300630",
            "dividAgmPumDate": "2023-05-23",
            "dividCashPsAfterTax": "0.070849或0.0787211",
            "dividCashPsBeforeTax": "0.078721",
            "dividCashStock": "10派0.787211元（含税，扣税后0.70849或0.787211元）",
            "dividOperateDate": "2023-07-18",
            "dividPayDate": "2023-07-18",
            "dividPlanAnnounceDate": "2023-04-25",
            "dividPlanDate": "2023-07-11",
            "dividPreNoticeDate": "",
            "dividRegistDate": "2023-07-17",
            "dividReserveToStockPs": "",
            "dividStockMarketDate": "",
            "dividStocksPs": "0.000000"
          },
          "source": {
            "requestId": "request-c08cf69cafdf440fb4b66cfddcf9a0ae",
            "rawSha256": "51f4df4f574a6e9d5c62f434b4f0fc4ebd4b405c4b95b8faa14327f601cbca2f",
            "rowIndex": 0
          }
        }
      ]
    },
    {
      "code": "sz.300632",
      "exDate": "2021-07-06",
      "sourceRows": 1,
      "ledgerReady": false,
      "investorTaxVerified": false,
      "state": "unresolved",
      "reason": "numeric_plan_conflict:dividCashPsBeforeTax",
      "sources": [
        {
          "requestId": "request-b8d5787d85244bb0a6014be70579a093",
          "rawSha256": "5d27427c70f9072ba094ed3e4f8877496ecd57d3eb8aa0048a5fa4083368a0b8",
          "rowIndex": 0
        }
      ],
      "records": [
        {
          "raw": {
            "code": "sz.300632",
            "dividAgmPumDate": "2021-05-18",
            "dividCashPsAfterTax": "0.0903106或0.1003451",
            "dividCashPsBeforeTax": "0.100345",
            "dividCashStock": "10派1.003451元（含税，扣税后0.903106或1.003451元）",
            "dividOperateDate": "2021-07-06",
            "dividPayDate": "2021-07-06",
            "dividPlanAnnounceDate": "2021-04-24",
            "dividPlanDate": "2021-06-29",
            "dividPreNoticeDate": "",
            "dividRegistDate": "2021-07-05",
            "dividReserveToStockPs": "",
            "dividStockMarketDate": "",
            "dividStocksPs": "0.000000"
          },
          "source": {
            "requestId": "request-b8d5787d85244bb0a6014be70579a093",
            "rawSha256": "5d27427c70f9072ba094ed3e4f8877496ecd57d3eb8aa0048a5fa4083368a0b8",
            "rowIndex": 0
          }
        }
      ]
    },
    {
      "code": "sz.300632",
      "exDate": "2022-07-18",
      "sourceRows": 1,
      "ledgerReady": false,
      "investorTaxVerified": false,
      "state": "unresolved",
      "reason": "numeric_plan_conflict:dividCashPsBeforeTax",
      "sources": [
        {
          "requestId": "request-a8e1eb1250ee4754ba3d437ced6c635b",
          "rawSha256": "ccff5239eb6f817b4f1c17eae7cf07c7b1a91135b9d0626a0eee3f834520d6f2",
          "rowIndex": 0
        }
      ],
      "records": [
        {
          "raw": {
            "code": "sz.300632",
            "dividAgmPumDate": "2022-05-18",
            "dividCashPsAfterTax": "0.0451456或0.0501618",
            "dividCashPsBeforeTax": "0.050162",
            "dividCashStock": "10派0.501618元（含税，扣税后0.451456或0.501618元）",
            "dividOperateDate": "2022-07-18",
            "dividPayDate": "2022-07-18",
            "dividPlanAnnounceDate": "2022-04-25",
            "dividPlanDate": "2022-07-12",
            "dividPreNoticeDate": "",
            "dividRegistDate": "2022-07-15",
            "dividReserveToStockPs": "",
            "dividStockMarketDate": "",
            "dividStocksPs": "0.000000"
          },
          "source": {
            "requestId": "request-a8e1eb1250ee4754ba3d437ced6c635b",
            "rawSha256": "ccff5239eb6f817b4f1c17eae7cf07c7b1a91135b9d0626a0eee3f834520d6f2",
            "rowIndex": 0
          }
        }
      ]
    },
    {
      "code": "sz.300632",
      "exDate": "2024-05-30",
      "sourceRows": 1,
      "ledgerReady": false,
      "investorTaxVerified": false,
      "state": "unresolved",
      "reason": "numeric_plan_conflict:dividCashPsBeforeTax",
      "sources": [
        {
          "requestId": "request-37d5d06b44a142b2bfb944c6cee91f85",
          "rawSha256": "c8b3eb87e45ba9b4810784230908ffd02bbf441c47610605984184505c186e13",
          "rowIndex": 0
        }
      ],
      "records": [
        {
          "raw": {
            "code": "sz.300632",
            "dividAgmPumDate": "2024-05-15",
            "dividCashPsAfterTax": "0.1828486或0.2031651",
            "dividCashPsBeforeTax": "0.203165",
            "dividCashStock": "10派2.031651元（含税，扣税后1.828486或2.031651元）",
            "dividOperateDate": "2024-05-30",
            "dividPayDate": "2024-05-30",
            "dividPlanAnnounceDate": "2024-04-22",
            "dividPlanDate": "2024-05-23",
            "dividPreNoticeDate": "",
            "dividRegistDate": "2024-05-29",
            "dividReserveToStockPs": "",
            "dividStockMarketDate": "",
            "dividStocksPs": "0.000000"
          },
          "source": {
            "requestId": "request-37d5d06b44a142b2bfb944c6cee91f85",
            "rawSha256": "c8b3eb87e45ba9b4810784230908ffd02bbf441c47610605984184505c186e13",
            "rowIndex": 0
          }
        }
      ]
    },
    {
      "code": "sz.300634",
      "exDate": "2024-12-02",
      "sourceRows": 1,
      "ledgerReady": false,
      "investorTaxVerified": false,
      "state": "unresolved",
      "reason": "numeric_plan_conflict:dividCashPsBeforeTax",
      "sources": [
        {
          "requestId": "request-84df388aa7e44d6c9b31a22be0992260",
          "rawSha256": "98a49fc792833b331ff3ff123ebcbbce59611b7c7ed80f1ff9e64ef35bde3c1a",
          "rowIndex": 1
        }
      ],
      "records": [
        {
          "raw": {
            "code": "sz.300634",
            "dividAgmPumDate": "2024-11-11",
            "dividCashPsAfterTax": "0.0383928或0.0426587",
            "dividCashPsBeforeTax": "0.042659",
            "dividCashStock": "10派0.426587元（含税，扣税后0.383928或0.426587元）",
            "dividOperateDate": "2024-12-02",
            "dividPayDate": "2024-12-02",
            "dividPlanAnnounceDate": "2024-10-24",
            "dividPlanDate": "2024-11-23",
            "dividPreNoticeDate": "",
            "dividRegistDate": "2024-11-29",
            "dividReserveToStockPs": "",
            "dividStockMarketDate": "",
            "dividStocksPs": "0.000000"
          },
          "source": {
            "requestId": "request-84df388aa7e44d6c9b31a22be0992260",
            "rawSha256": "98a49fc792833b331ff3ff123ebcbbce59611b7c7ed80f1ff9e64ef35bde3c1a",
            "rowIndex": 1
          }
        }
      ]
    },
    {
      "code": "sz.300639",
      "exDate": "2021-05-28",
      "sourceRows": 1,
      "ledgerReady": false,
      "investorTaxVerified": false,
      "state": "unresolved",
      "reason": "numeric_plan_conflict:dividCashPsBeforeTax",
      "sources": [
        {
          "requestId": "request-f7017b1652f241adb5c6d50296c2ff01",
          "rawSha256": "88337aa782cf2a5a2f540eb8bbd3b7bee2d856f3f2162690a9a6cadddf25862f",
          "rowIndex": 0
        }
      ],
      "records": [
        {
          "raw": {
            "code": "sz.300639",
            "dividAgmPumDate": "2021-05-06",
            "dividCashPsAfterTax": "0.2262712或0.2514125",
            "dividCashPsBeforeTax": "0.251412",
            "dividCashStock": "10转2.514125派2.514125元（含税，扣税后2.262712或2.514125元）",
            "dividOperateDate": "2021-05-28",
            "dividPayDate": "2021-05-28",
            "dividPlanAnnounceDate": "2021-04-13",
            "dividPlanDate": "2021-05-20",
            "dividPreNoticeDate": "",
            "dividRegistDate": "2021-05-27",
            "dividReserveToStockPs": "0.251412",
            "dividStockMarketDate": "2021-05-28",
            "dividStocksPs": "0.000000"
          },
          "source": {
            "requestId": "request-f7017b1652f241adb5c6d50296c2ff01",
            "rawSha256": "88337aa782cf2a5a2f540eb8bbd3b7bee2d856f3f2162690a9a6cadddf25862f",
            "rowIndex": 0
          }
        }
      ]
    },
    {
      "code": "sz.300645",
      "exDate": "2021-06-09",
      "sourceRows": 1,
      "ledgerReady": false,
      "investorTaxVerified": false,
      "state": "unresolved",
      "reason": "numeric_plan_conflict:dividCashPsBeforeTax",
      "sources": [
        {
          "requestId": "request-3c543077f49146588a2c3154f5bc32e2",
          "rawSha256": "b243dce171ec4b95632bc402b683618be3a0062643c01dec138e11048a256e9b",
          "rowIndex": 0
        }
      ],
      "records": [
        {
          "raw": {
            "code": "sz.300645",
            "dividAgmPumDate": "2021-05-19",
            "dividCashPsAfterTax": "0.0269985或0.0299983",
            "dividCashPsBeforeTax": "0.029998",
            "dividCashStock": "10派0.299983元（含税，扣税后0.269985或0.299983元）",
            "dividOperateDate": "2021-06-09",
            "dividPayDate": "2021-06-09",
            "dividPlanAnnounceDate": "2021-04-26",
            "dividPlanDate": "2021-06-02",
            "dividPreNoticeDate": "",
            "dividRegistDate": "2021-06-08",
            "dividReserveToStockPs": "",
            "dividStockMarketDate": "",
            "dividStocksPs": "0.000000"
          },
          "source": {
            "requestId": "request-3c543077f49146588a2c3154f5bc32e2",
            "rawSha256": "b243dce171ec4b95632bc402b683618be3a0062643c01dec138e11048a256e9b",
            "rowIndex": 0
          }
        }
      ]
    },
    {
      "code": "sz.300651",
      "exDate": "2022-06-09",
      "sourceRows": 1,
      "ledgerReady": false,
      "investorTaxVerified": false,
      "state": "unresolved",
      "reason": "numeric_plan_conflict:dividCashPsBeforeTax",
      "sources": [
        {
          "requestId": "request-7e68d4e9e67d4b499f765d65d4ede7c1",
          "rawSha256": "48c9b8c42f69e97ff7784020dae4dd8f584b707dfcdfa14b141e6c79b0fa0f7a",
          "rowIndex": 0
        }
      ],
      "records": [
        {
          "raw": {
            "code": "sz.300651",
            "dividAgmPumDate": "2022-05-19",
            "dividCashPsAfterTax": "0.0899999或0.0999999",
            "dividCashPsBeforeTax": "0.1",
            "dividCashStock": "10派0.999999元（含税，扣税后0.899999或0.999999元）",
            "dividOperateDate": "2022-06-09",
            "dividPayDate": "2022-06-09",
            "dividPlanAnnounceDate": "2022-04-27",
            "dividPlanDate": "2022-06-01",
            "dividPreNoticeDate": "",
            "dividRegistDate": "2022-06-08",
            "dividReserveToStockPs": "",
            "dividStockMarketDate": "",
            "dividStocksPs": "0.000000"
          },
          "source": {
            "requestId": "request-7e68d4e9e67d4b499f765d65d4ede7c1",
            "rawSha256": "48c9b8c42f69e97ff7784020dae4dd8f584b707dfcdfa14b141e6c79b0fa0f7a",
            "rowIndex": 0
          }
        }
      ]
    },
    {
      "code": "sz.300651",
      "exDate": "2023-06-09",
      "sourceRows": 1,
      "ledgerReady": false,
      "investorTaxVerified": false,
      "state": "unresolved",
      "reason": "numeric_plan_conflict:dividCashPsBeforeTax",
      "sources": [
        {
          "requestId": "request-dcfdb3460dd24adea11cc8a2acd93340",
          "rawSha256": "1636431a65affa1c54ae15785b3335c99e9e59419d25f401e36f99560a8c979d",
          "rowIndex": 0
        }
      ],
      "records": [
        {
          "raw": {
            "code": "sz.300651",
            "dividAgmPumDate": "2023-05-19",
            "dividCashPsAfterTax": "0.1079988或0.1199987",
            "dividCashPsBeforeTax": "0.119999",
            "dividCashStock": "10派1.199987元（含税，扣税后1.079988或1.199987元）",
            "dividOperateDate": "2023-06-09",
            "dividPayDate": "2023-06-09",
            "dividPlanAnnounceDate": "2023-04-26",
            "dividPlanDate": "2023-06-02",
            "dividPreNoticeDate": "",
            "dividRegistDate": "2023-06-08",
            "dividReserveToStockPs": "",
            "dividStockMarketDate": "",
            "dividStocksPs": "0.000000"
          },
          "source": {
            "requestId": "request-dcfdb3460dd24adea11cc8a2acd93340",
            "rawSha256": "1636431a65affa1c54ae15785b3335c99e9e59419d25f401e36f99560a8c979d",
            "rowIndex": 0
          }
        }
      ]
    },
    {
      "code": "sz.300651",
      "exDate": "2025-05-28",
      "sourceRows": 1,
      "ledgerReady": false,
      "investorTaxVerified": false,
      "state": "unresolved",
      "reason": "numeric_plan_conflict:dividCashPsBeforeTax",
      "sources": [
        {
          "requestId": "request-d41fd2d4e0524883868da3ad8d96c589",
          "rawSha256": "2b83195c5ad3bc3c96eb1460fb3fe553d17a1672d4f52753707792967a5521d4",
          "rowIndex": 0
        }
      ],
      "records": [
        {
          "raw": {
            "code": "sz.300651",
            "dividAgmPumDate": "2025-05-16",
            "dividCashPsAfterTax": "0.134999或0.1499989",
            "dividCashPsBeforeTax": "0.149999",
            "dividCashStock": "10派1.499989元（含税，扣税后1.34999或1.499989元）",
            "dividOperateDate": "2025-05-28",
            "dividPayDate": "2025-05-28",
            "dividPlanAnnounceDate": "2025-04-22",
            "dividPlanDate": "2025-05-20",
            "dividPreNoticeDate": "",
            "dividRegistDate": "2025-05-27",
            "dividReserveToStockPs": "",
            "dividStockMarketDate": "",
            "dividStocksPs": "0.000000"
          },
          "source": {
            "requestId": "request-d41fd2d4e0524883868da3ad8d96c589",
            "rawSha256": "2b83195c5ad3bc3c96eb1460fb3fe553d17a1672d4f52753707792967a5521d4",
            "rowIndex": 0
          }
        }
      ]
    },
    {
      "code": "sz.300652",
      "exDate": "2021-07-01",
      "sourceRows": 1,
      "ledgerReady": false,
      "investorTaxVerified": false,
      "state": "unresolved",
      "reason": "numeric_plan_conflict:dividCashPsBeforeTax",
      "sources": [
        {
          "requestId": "request-fff8e842d8e542b4842f5de801804ff7",
          "rawSha256": "2d9d0c93eed1b1a3003334b2c0a46ac34c39191124fbfb5dcec687b512304dec",
          "rowIndex": 0
        }
      ],
      "records": [
        {
          "raw": {
            "code": "sz.300652",
            "dividAgmPumDate": "2021-05-18",
            "dividCashPsAfterTax": "0.44999334或0.4999926",
            "dividCashPsBeforeTax": "0.499993",
            "dividCashStock": "10派4.999926元（含税，扣税后4.4999334或4.999926元）",
            "dividOperateDate": "2021-07-01",
            "dividPayDate": "2021-07-01",
            "dividPlanAnnounceDate": "2021-04-26",
            "dividPlanDate": "2021-06-25",
            "dividPreNoticeDate": "",
            "dividRegistDate": "2021-06-30",
            "dividReserveToStockPs": "",
            "dividStockMarketDate": "",
            "dividStocksPs": "0.000000"
          },
          "source": {
            "requestId": "request-fff8e842d8e542b4842f5de801804ff7",
            "rawSha256": "2d9d0c93eed1b1a3003334b2c0a46ac34c39191124fbfb5dcec687b512304dec",
            "rowIndex": 0
          }
        }
      ]
    },
    {
      "code": "sz.300655",
      "exDate": "2020-10-28",
      "sourceRows": 1,
      "ledgerReady": false,
      "investorTaxVerified": false,
      "state": "unresolved",
      "reason": "numeric_plan_conflict:dividCashPsBeforeTax",
      "sources": [
        {
          "requestId": "request-79baed39c1b14b77986706ff00fbfd03",
          "rawSha256": "cc302a4afb45f450b56e86ce96c0f53141608a5341ccd4384e6914777e654558",
          "rowIndex": 0
        }
      ],
      "records": [
        {
          "raw": {
            "code": "sz.300655",
            "dividAgmPumDate": "2020-09-09",
            "dividCashPsAfterTax": "0.0897或0.0996667",
            "dividCashPsBeforeTax": "0.099667",
            "dividCashStock": "10派0.996667元（含税，扣税后0.897或0.996667元）",
            "dividOperateDate": "2020-10-28",
            "dividPayDate": "2020-10-28",
            "dividPlanAnnounceDate": "2020-08-21",
            "dividPlanDate": "2020-10-21",
            "dividPreNoticeDate": "",
            "dividRegistDate": "2020-10-27",
            "dividReserveToStockPs": "",
            "dividStockMarketDate": "",
            "dividStocksPs": "0.000000"
          },
          "source": {
            "requestId": "request-79baed39c1b14b77986706ff00fbfd03",
            "rawSha256": "cc302a4afb45f450b56e86ce96c0f53141608a5341ccd4384e6914777e654558",
            "rowIndex": 0
          }
        }
      ]
    },
    {
      "code": "sz.300655",
      "exDate": "2021-05-07",
      "sourceRows": 1,
      "ledgerReady": false,
      "investorTaxVerified": false,
      "state": "unresolved",
      "reason": "numeric_plan_conflict:dividCashPsBeforeTax",
      "sources": [
        {
          "requestId": "request-be5768c3e8a64687bfed39a897d136f6",
          "rawSha256": "de872303c669e80df7c742b8fc8e89370895abc75509ac4170fd79e99111fb95",
          "rowIndex": 0
        }
      ],
      "records": [
        {
          "raw": {
            "code": "sz.300655",
            "dividAgmPumDate": "2021-04-21",
            "dividCashPsAfterTax": "0.1800336或0.2000373",
            "dividCashPsBeforeTax": "0.200037",
            "dividCashStock": "10转8.001493派2.000373元（含税，扣税后1.800336或2.000373元）",
            "dividOperateDate": "2021-05-07",
            "dividPayDate": "2021-05-07",
            "dividPlanAnnounceDate": "2021-03-23",
            "dividPlanDate": "2021-04-27",
            "dividPreNoticeDate": "",
            "dividRegistDate": "2021-05-06",
            "dividReserveToStockPs": "0.800149",
            "dividStockMarketDate": "2021-05-07",
            "dividStocksPs": "0.000000"
          },
          "source": {
            "requestId": "request-be5768c3e8a64687bfed39a897d136f6",
            "rawSha256": "de872303c669e80df7c742b8fc8e89370895abc75509ac4170fd79e99111fb95",
            "rowIndex": 0
          }
        }
      ]
    },
    {
      "code": "sz.300655",
      "exDate": "2022-06-10",
      "sourceRows": 1,
      "ledgerReady": false,
      "investorTaxVerified": false,
      "state": "unresolved",
      "reason": "numeric_plan_conflict:dividCashPsBeforeTax",
      "sources": [
        {
          "requestId": "request-de72f425d48f45ebbd22da9e05ee472b",
          "rawSha256": "ed1954843c9b8dacba3f2119172ab05291161a87f2c6f6d9c155248f8ca2c63a",
          "rowIndex": 0
        }
      ],
      "records": [
        {
          "raw": {
            "code": "sz.300655",
            "dividAgmPumDate": "2022-05-26",
            "dividCashPsAfterTax": "0.0884306或0.0982562",
            "dividCashPsBeforeTax": "0.098256",
            "dividCashStock": "10转6.877934派0.982562元（含税，扣税后0.884306或0.982562元）",
            "dividOperateDate": "2022-06-10",
            "dividPayDate": "2022-06-10",
            "dividPlanAnnounceDate": "2022-04-28",
            "dividPlanDate": "2022-06-02",
            "dividPreNoticeDate": "",
            "dividRegistDate": "2022-06-09",
            "dividReserveToStockPs": "0.687793",
            "dividStockMarketDate": "2022-06-10",
            "dividStocksPs": "0.000000"
          },
          "source": {
            "requestId": "request-de72f425d48f45ebbd22da9e05ee472b",
            "rawSha256": "ed1954843c9b8dacba3f2119172ab05291161a87f2c6f6d9c155248f8ca2c63a",
            "rowIndex": 0
          }
        }
      ]
    },
    {
      "code": "sz.300660",
      "exDate": "2021-05-28",
      "sourceRows": 1,
      "ledgerReady": false,
      "investorTaxVerified": false,
      "state": "unresolved",
      "reason": "numeric_plan_conflict:dividCashPsBeforeTax",
      "sources": [
        {
          "requestId": "request-fa9f286ccd5a403a95ee18fc4bd73935",
          "rawSha256": "5fb2774d0c37c4236cd3dd9c16e96f90a29f46c2661a073889d914ae2616c8c6",
          "rowIndex": 0
        }
      ],
      "records": [
        {
          "raw": {
            "code": "sz.300660",
            "dividAgmPumDate": "2021-05-17",
            "dividCashPsAfterTax": "0.41400333或0.4600037",
            "dividCashPsBeforeTax": "0.460004",
            "dividCashStock": "10派4.600037元（含税，扣税后4.1400333或4.600037元）",
            "dividOperateDate": "2021-05-28",
            "dividPayDate": "2021-05-28",
            "dividPlanAnnounceDate": "2021-04-27",
            "dividPlanDate": "2021-05-21",
            "dividPreNoticeDate": "",
            "dividRegistDate": "2021-05-27",
            "dividReserveToStockPs": "",
            "dividStockMarketDate": "",
            "dividStocksPs": "0.000000"
          },
          "source": {
            "requestId": "request-fa9f286ccd5a403a95ee18fc4bd73935",
            "rawSha256": "5fb2774d0c37c4236cd3dd9c16e96f90a29f46c2661a073889d914ae2616c8c6",
            "rowIndex": 0
          }
        }
      ]
    },
    {
      "code": "sz.300664",
      "exDate": "2023-06-14",
      "sourceRows": 1,
      "ledgerReady": false,
      "investorTaxVerified": false,
      "state": "unresolved",
      "reason": "numeric_plan_conflict:dividCashPsBeforeTax",
      "sources": [
        {
          "requestId": "request-5cc9f5ea760c4c908f099edfa11ac642",
          "rawSha256": "62f4b0935fd5576608647f3b02584610b8985c7cd40dd98f5190bda1fcf011d9",
          "rowIndex": 0
        }
      ],
      "records": [
        {
          "raw": {
            "code": "sz.300664",
            "dividAgmPumDate": "2023-05-18",
            "dividCashPsAfterTax": "0.1392215或0.1546906",
            "dividCashPsBeforeTax": "0.154691",
            "dividCashStock": "10派1.546906元（含税，扣税后1.392215或1.546906元）",
            "dividOperateDate": "2023-06-14",
            "dividPayDate": "2023-06-14",
            "dividPlanAnnounceDate": "2023-04-27",
            "dividPlanDate": "2023-06-07",
            "dividPreNoticeDate": "",
            "dividRegistDate": "2023-06-13",
            "dividReserveToStockPs": "",
            "dividStockMarketDate": "",
            "dividStocksPs": "0.000000"
          },
          "source": {
            "requestId": "request-5cc9f5ea760c4c908f099edfa11ac642",
            "rawSha256": "62f4b0935fd5576608647f3b02584610b8985c7cd40dd98f5190bda1fcf011d9",
            "rowIndex": 0
          }
        }
      ]
    },
    {
      "code": "sz.300666",
      "exDate": "2021-05-31",
      "sourceRows": 1,
      "ledgerReady": false,
      "investorTaxVerified": false,
      "state": "unresolved",
      "reason": "numeric_plan_conflict:dividCashPsBeforeTax",
      "sources": [
        {
          "requestId": "request-5bb103d79ce24173b6641e0fa48a387a",
          "rawSha256": "9563cf703eb109f7946a01a5dac697c9a04f6f433693a8f458ec3c005f214348",
          "rowIndex": 0
        }
      ],
      "records": [
        {
          "raw": {
            "code": "sz.300666",
            "dividAgmPumDate": "2021-05-07",
            "dividCashPsAfterTax": "0.1223547或0.1359497",
            "dividCashPsBeforeTax": "0.13595",
            "dividCashStock": "10派1.359497元（含税，扣税后1.223547或1.359497元）",
            "dividOperateDate": "2021-05-31",
            "dividPayDate": "2021-05-31",
            "dividPlanAnnounceDate": "2021-04-16",
            "dividPlanDate": "2021-05-22",
            "dividPreNoticeDate": "",
            "dividRegistDate": "2021-05-28",
            "dividReserveToStockPs": "",
            "dividStockMarketDate": "",
            "dividStocksPs": "0.000000"
          },
          "source": {
            "requestId": "request-5bb103d79ce24173b6641e0fa48a387a",
            "rawSha256": "9563cf703eb109f7946a01a5dac697c9a04f6f433693a8f458ec3c005f214348",
            "rowIndex": 0
          }
        }
      ]
    },
    {
      "code": "sz.300666",
      "exDate": "2022-07-12",
      "sourceRows": 1,
      "ledgerReady": false,
      "investorTaxVerified": false,
      "state": "unresolved",
      "reason": "numeric_plan_conflict:dividCashPsBeforeTax",
      "sources": [
        {
          "requestId": "request-f2c6712363ad4d998a6161ec7d206b27",
          "rawSha256": "8f0f43ecde0e521f4161727bf364e9596c87815f2dead1dfc86c2ed6b3049c07",
          "rowIndex": 0
        }
      ],
      "records": [
        {
          "raw": {
            "code": "sz.300666",
            "dividAgmPumDate": "2022-05-16",
            "dividCashPsAfterTax": "0.0872165或0.0969072",
            "dividCashPsBeforeTax": "0.096907",
            "dividCashStock": "10派0.969072元（含税，扣税后0.872165或0.969072元）",
            "dividOperateDate": "2022-07-12",
            "dividPayDate": "2022-07-12",
            "dividPlanAnnounceDate": "2022-04-26",
            "dividPlanDate": "2022-07-06",
            "dividPreNoticeDate": "",
            "dividRegistDate": "2022-07-11",
            "dividReserveToStockPs": "",
            "dividStockMarketDate": "",
            "dividStocksPs": "0.000000"
          },
          "source": {
            "requestId": "request-f2c6712363ad4d998a6161ec7d206b27",
            "rawSha256": "8f0f43ecde0e521f4161727bf364e9596c87815f2dead1dfc86c2ed6b3049c07",
            "rowIndex": 0
          }
        }
      ]
    },
    {
      "code": "sz.300666",
      "exDate": "2023-06-14",
      "sourceRows": 1,
      "ledgerReady": false,
      "investorTaxVerified": false,
      "state": "unresolved",
      "reason": "numeric_plan_conflict:dividCashPsBeforeTax",
      "sources": [
        {
          "requestId": "request-eb78045953294e0e9b166bf7d34f75bf",
          "rawSha256": "9aa752b2a33a996decc22c29fd8b7e06fb5477f0dbfa6d8d68acf5dd0a94fa54",
          "rowIndex": 0
        }
      ],
      "records": [
        {
          "raw": {
            "code": "sz.300666",
            "dividAgmPumDate": "2023-04-28",
            "dividCashPsAfterTax": "0.1854089或0.2060099",
            "dividCashPsBeforeTax": "0.20601",
            "dividCashStock": "10派2.060099元（含税，扣税后1.854089或2.060099元）",
            "dividOperateDate": "2023-06-14",
            "dividPayDate": "2023-06-14",
            "dividPlanAnnounceDate": "2023-04-07",
            "dividPlanDate": "2023-06-08",
            "dividPreNoticeDate": "",
            "dividRegistDate": "2023-06-13",
            "dividReserveToStockPs": "",
            "dividStockMarketDate": "",
            "dividStocksPs": "0.000000"
          },
          "source": {
            "requestId": "request-eb78045953294e0e9b166bf7d34f75bf",
            "rawSha256": "9aa752b2a33a996decc22c29fd8b7e06fb5477f0dbfa6d8d68acf5dd0a94fa54",
            "rowIndex": 0
          }
        }
      ]
    },
    {
      "code": "sz.300668",
      "exDate": "2021-07-02",
      "sourceRows": 1,
      "ledgerReady": false,
      "investorTaxVerified": false,
      "state": "unresolved",
      "reason": "numeric_plan_conflict:dividCashPsBeforeTax",
      "sources": [
        {
          "requestId": "request-e5277599bf4e4cf89cdc411a5132eab5",
          "rawSha256": "afa47672e2d15499d89c6c769f02b813007149f75f1d730877126496a1cd6513",
          "rowIndex": 0
        }
      ],
      "records": [
        {
          "raw": {
            "code": "sz.300668",
            "dividAgmPumDate": "2021-05-12",
            "dividCashPsAfterTax": "0.2709526或0.3010584",
            "dividCashPsBeforeTax": "0.301058",
            "dividCashStock": "10派3.010584元（含税，扣税后2.709526或3.010584元）",
            "dividOperateDate": "2021-07-02",
            "dividPayDate": "2021-07-02",
            "dividPlanAnnounceDate": "2021-04-20",
            "dividPlanDate": "2021-06-24",
            "dividPreNoticeDate": "",
            "dividRegistDate": "2021-07-01",
            "dividReserveToStockPs": "",
            "dividStockMarketDate": "",
            "dividStocksPs": "0.000000"
          },
          "source": {
            "requestId": "request-e5277599bf4e4cf89cdc411a5132eab5",
            "rawSha256": "afa47672e2d15499d89c6c769f02b813007149f75f1d730877126496a1cd6513",
            "rowIndex": 0
          }
        }
      ]
    },
    {
      "code": "sz.300671",
      "exDate": "2022-05-31",
      "sourceRows": 1,
      "ledgerReady": false,
      "investorTaxVerified": false,
      "state": "unresolved",
      "reason": "numeric_plan_conflict:dividCashPsBeforeTax",
      "sources": [
        {
          "requestId": "request-793d27d9c0cd4ac3b9a202d5ef8f66c7",
          "rawSha256": "37822d4b920fcb8cd15d0d7807a1599159a4fe2a40d774a61c0672671d360501",
          "rowIndex": 0
        }
      ],
      "records": [
        {
          "raw": {
            "code": "sz.300671",
            "dividAgmPumDate": "2022-05-10",
            "dividCashPsAfterTax": "0.2687109或0.2985677",
            "dividCashPsBeforeTax": "0.298568",
            "dividCashStock": "10派2.985677元（含税，扣税后2.687109或2.985677元）",
            "dividOperateDate": "2022-05-31",
            "dividPayDate": "2022-05-31",
            "dividPlanAnnounceDate": "2022-04-19",
            "dividPlanDate": "2022-05-25",
            "dividPreNoticeDate": "",
            "dividRegistDate": "2022-05-30",
            "dividReserveToStockPs": "",
            "dividStockMarketDate": "",
            "dividStocksPs": "0.000000"
          },
          "source": {
            "requestId": "request-793d27d9c0cd4ac3b9a202d5ef8f66c7",
            "rawSha256": "37822d4b920fcb8cd15d0d7807a1599159a4fe2a40d774a61c0672671d360501",
            "rowIndex": 0
          }
        }
      ]
    },
    {
      "code": "sz.300679",
      "exDate": "2022-06-02",
      "sourceRows": 1,
      "ledgerReady": false,
      "investorTaxVerified": false,
      "state": "unresolved",
      "reason": "numeric_plan_conflict:dividCashPsBeforeTax",
      "sources": [
        {
          "requestId": "request-85a5322b3c624ef79e978a6f536279bd",
          "rawSha256": "be308c252661db11259f31334bdc7cb82b1be6b3311e65977ab5524524e232e4",
          "rowIndex": 0
        }
      ],
      "records": [
        {
          "raw": {
            "code": "sz.300679",
            "dividAgmPumDate": "2022-05-20",
            "dividCashPsAfterTax": "0.3240007或0.3600008",
            "dividCashPsBeforeTax": "0.360001",
            "dividCashStock": "10派3.600008元（含税，扣税后3.240007或3.600008元）",
            "dividOperateDate": "2022-06-02",
            "dividPayDate": "2022-06-02",
            "dividPlanAnnounceDate": "2022-04-28",
            "dividPlanDate": "2022-05-26",
            "dividPreNoticeDate": "",
            "dividRegistDate": "2022-06-01",
            "dividReserveToStockPs": "",
            "dividStockMarketDate": "",
            "dividStocksPs": "0.000000"
          },
          "source": {
            "requestId": "request-85a5322b3c624ef79e978a6f536279bd",
            "rawSha256": "be308c252661db11259f31334bdc7cb82b1be6b3311e65977ab5524524e232e4",
            "rowIndex": 0
          }
        }
      ]
    },
    {
      "code": "sz.300679",
      "exDate": "2025-06-03",
      "sourceRows": 1,
      "ledgerReady": false,
      "investorTaxVerified": false,
      "state": "unresolved",
      "reason": "numeric_plan_conflict:dividCashPsBeforeTax",
      "sources": [
        {
          "requestId": "request-faa26a8bbd314a198d491234c7aa007b",
          "rawSha256": "fa70734bd520a0151694d419cfc667fbcb5c32660d940c3cc5bac7a12c515362",
          "rowIndex": 0
        }
      ],
      "records": [
        {
          "raw": {
            "code": "sz.300679",
            "dividAgmPumDate": "2025-05-16",
            "dividCashPsAfterTax": "0.4271947或0.4746608",
            "dividCashPsBeforeTax": "0.474661",
            "dividCashStock": "10派4.746608元（含税，扣税后4.271947或4.746608元）",
            "dividOperateDate": "2025-06-03",
            "dividPayDate": "2025-06-03",
            "dividPlanAnnounceDate": "2025-04-23",
            "dividPlanDate": "2025-05-26",
            "dividPreNoticeDate": "",
            "dividRegistDate": "2025-05-30",
            "dividReserveToStockPs": "",
            "dividStockMarketDate": "",
            "dividStocksPs": "0.000000"
          },
          "source": {
            "requestId": "request-faa26a8bbd314a198d491234c7aa007b",
            "rawSha256": "fa70734bd520a0151694d419cfc667fbcb5c32660d940c3cc5bac7a12c515362",
            "rowIndex": 0
          }
        }
      ]
    },
    {
      "code": "sz.300680",
      "exDate": "2023-06-26",
      "sourceRows": 1,
      "ledgerReady": false,
      "investorTaxVerified": false,
      "state": "unresolved",
      "reason": "numeric_plan_conflict:dividCashPsBeforeTax",
      "sources": [
        {
          "requestId": "request-d4b2e70544f1431ebe7e685e18b5c3d6",
          "rawSha256": "b8c695157455959db59123e633a11c60daf59bf4adc5a8809f69160b269b6b31",
          "rowIndex": 0
        }
      ],
      "records": [
        {
          "raw": {
            "code": "sz.300680",
            "dividAgmPumDate": "2023-05-08",
            "dividCashPsAfterTax": "0.0910884或0.1012093",
            "dividCashPsBeforeTax": "0.101209",
            "dividCashStock": "10派1.012093元（含税，扣税后0.910884或1.012093元）",
            "dividOperateDate": "2023-06-26",
            "dividPayDate": "2023-06-26",
            "dividPlanAnnounceDate": "2023-04-18",
            "dividPlanDate": "2023-06-15",
            "dividPreNoticeDate": "",
            "dividRegistDate": "2023-06-21",
            "dividReserveToStockPs": "",
            "dividStockMarketDate": "",
            "dividStocksPs": "0.000000"
          },
          "source": {
            "requestId": "request-d4b2e70544f1431ebe7e685e18b5c3d6",
            "rawSha256": "b8c695157455959db59123e633a11c60daf59bf4adc5a8809f69160b269b6b31",
            "rowIndex": 0
          }
        }
      ]
    },
    {
      "code": "sz.300681",
      "exDate": "2025-06-13",
      "sourceRows": 1,
      "ledgerReady": false,
      "investorTaxVerified": false,
      "state": "unresolved",
      "reason": "numeric_plan_conflict:dividCashPsBeforeTax",
      "sources": [
        {
          "requestId": "request-eb9208a10d9442db87047dbf58b44032",
          "rawSha256": "90420efabf824a9dba8a1143514a9562500ece4929d985340e1a6358682cc726",
          "rowIndex": 0
        }
      ],
      "records": [
        {
          "raw": {
            "code": "sz.300681",
            "dividAgmPumDate": "2025-05-14",
            "dividCashPsAfterTax": "0.0262697或0.0291886",
            "dividCashPsBeforeTax": "0.029189",
            "dividCashStock": "10派0.291886元（含税，扣税后0.262697或0.291886元）",
            "dividOperateDate": "2025-06-13",
            "dividPayDate": "2025-06-13",
            "dividPlanAnnounceDate": "2025-04-23",
            "dividPlanDate": "2025-06-05",
            "dividPreNoticeDate": "",
            "dividRegistDate": "2025-06-12",
            "dividReserveToStockPs": "",
            "dividStockMarketDate": "",
            "dividStocksPs": "0.000000"
          },
          "source": {
            "requestId": "request-eb9208a10d9442db87047dbf58b44032",
            "rawSha256": "90420efabf824a9dba8a1143514a9562500ece4929d985340e1a6358682cc726",
            "rowIndex": 0
          }
        }
      ]
    },
    {
      "code": "sz.300682",
      "exDate": "2022-05-06",
      "sourceRows": 1,
      "ledgerReady": false,
      "investorTaxVerified": false,
      "state": "unresolved",
      "reason": "numeric_plan_conflict:dividCashPsBeforeTax",
      "sources": [
        {
          "requestId": "request-565190cc28eb45149589f16d1c37229c",
          "rawSha256": "171e17b09c30771bb1c234a17204c2397c7b9e29773df285078b761b1be78e32",
          "rowIndex": 0
        }
      ],
      "records": [
        {
          "raw": {
            "code": "sz.300682",
            "dividAgmPumDate": "2022-04-15",
            "dividCashPsAfterTax": "0.1076539或0.1196154",
            "dividCashPsBeforeTax": "0.119615",
            "dividCashStock": "10派1.196154元（含税，扣税后1.076539或1.196154元）",
            "dividOperateDate": "2022-05-06",
            "dividPayDate": "2022-05-06",
            "dividPlanAnnounceDate": "2022-03-26",
            "dividPlanDate": "2022-04-26",
            "dividPreNoticeDate": "",
            "dividRegistDate": "2022-05-05",
            "dividReserveToStockPs": "",
            "dividStockMarketDate": "",
            "dividStocksPs": "0.000000"
          },
          "source": {
            "requestId": "request-565190cc28eb45149589f16d1c37229c",
            "rawSha256": "171e17b09c30771bb1c234a17204c2397c7b9e29773df285078b761b1be78e32",
            "rowIndex": 0
          }
        }
      ]
    },
    {
      "code": "sz.300686",
      "exDate": "2022-05-27",
      "sourceRows": 1,
      "ledgerReady": false,
      "investorTaxVerified": false,
      "state": "unresolved",
      "reason": "numeric_plan_conflict:dividCashPsBeforeTax",
      "sources": [
        {
          "requestId": "request-1c6838ffc6bd40e18d8e9105ac86516e",
          "rawSha256": "80de567e8bd752563c3c126d4f30cb0dbbc4243c902bd86c14070b237861fbee",
          "rowIndex": 0
        }
      ],
      "records": [
        {
          "raw": {
            "code": "sz.300686",
            "dividAgmPumDate": "2022-04-20",
            "dividCashPsAfterTax": "0.0346524或0.0385027",
            "dividCashPsBeforeTax": "0.038503",
            "dividCashStock": "10派0.385027元（含税，扣税后0.346524或0.385027元）",
            "dividOperateDate": "2022-05-27",
            "dividPayDate": "2022-05-27",
            "dividPlanAnnounceDate": "2022-03-29",
            "dividPlanDate": "2022-05-20",
            "dividPreNoticeDate": "",
            "dividRegistDate": "2022-05-26",
            "dividReserveToStockPs": "",
            "dividStockMarketDate": "",
            "dividStocksPs": "0.000000"
          },
          "source": {
            "requestId": "request-1c6838ffc6bd40e18d8e9105ac86516e",
            "rawSha256": "80de567e8bd752563c3c126d4f30cb0dbbc4243c902bd86c14070b237861fbee",
            "rowIndex": 0
          }
        }
      ]
    }
  ],
  "unlocatedSourceRows": 0,
  "ledgerReady": false,
  "investorTaxVerified": false,
  "claim": "same-source gross term interpretation only; no tax, fractional allocation, rights or P&L admission"
}
       18.45 real        17.50 user         0.49 sys
           211746816  maximum resident set size
                   0  average shared memory size
                   0  average unshared data size
                   0  average unshared stack size
               21021  page reclaims
                  63  page faults
                   0  swaps
                   0  block input operations
                   0  block output operations
                   0  messages sent
                   0  messages received
                   0  signals received
                 155  voluntary context switches
               45381  involuntary context switches
        253169385596  instructions retired
         70464884518  cycles elapsed
           151339704  peak memory footprint
